
TOP SOURCE: user_project_wrapper
SOURCE FILE(S): /home/rpgraca/pdk/sky130A/libs.ref/sky130_fd_sc_hd/spice/sky130_ef_sc_hd__decap_12.spice
 /home/rpgraca/pdk/sky130A/libs.ref/sky130_fd_sc_hd/spice/sky130_ef_sc_hd__decap_20_12.spice
 /home/rpgraca/pdk/sky130A/libs.ref/sky130_fd_sc_hd/spice/sky130_ef_sc_hd__decap_40_12.spice
 /home/rpgraca/pdk/sky130A/libs.ref/sky130_fd_sc_hd/spice/sky130_ef_sc_hd__decap_60_12.spice
 /home/rpgraca/pdk/sky130A/libs.ref/sky130_fd_sc_hd/spice/sky130_ef_sc_hd__decap_80_12.spice
 /home/rpgraca/pdk/sky130A/libs.ref/sky130_fd_sc_hd/spice/sky130_fd_sc_hd.spice
 /home/rpgraca/opendvs_final/project_audit_orig/lvs/user_project_wrapper/pixel_4tile_layout_lvs2.spice
 /home/rpgraca/opendvs_final/project_audit_orig/lvs/user_project_wrapper/BiasBranchnMasterx11_layout_lvs.spice
 /home/rpgraca/opendvs_final/project_audit_orig/lvs/user_project_wrapper/photodiode_test_structure_layout_lvs.spice
 /home/rpgraca/opendvs_final/project_audit_orig/lvs/user_project_wrapper/pixel_test_structure_layout_lvs.spice
 /home/rpgraca/opendvs_final/project_audit_orig/verilog/gl/user_project_wrapper.v
TOP LAYOUT: user_project_wrapper
LAYOUT FILE: /home/rpgraca/opendvs_final/project_audit_orig/gds/user_project_wrapper.gds
EXTRACT_FLATGLOB: 
EXTRACT_ABSTRACT: *__fill_*
 *__fakediode_*
 *__tapvpwrvgnd_*
 *__decap_*
LVS_FLATTEN: 
LVS_NOFLATTEN: pixel_4tile
 BiasBranchnMasterx11
 pixel_test_structure
 photodiode_test_structure
 sky130_ef_sc_hd__decap_*
 sky130_fd_sc_hd__decap_*
 sky130_fd_sc_hd__tapvpwrvgnd_*
 *__fill_*
LVS_IGNORE: 
WORK_ROOT   : /home/rpgraca/opendvs_final/project_audit_orig/precheck_results/baseline_lvs/tmp
LOG_ROOT    : /home/rpgraca/opendvs_final/project_audit_orig/precheck_results/baseline_lvs/logs
SIGNOFF_ROOT: /home/rpgraca/opendvs_final/project_audit_orig/precheck_results/baseline_lvs/outputs/reports
 
Running hierarchical comparison between verilog and layout...
Creating /home/rpgraca/opendvs_final/project_audit_orig/precheck_results/baseline_lvs/tmp/verilog.cells from the following files...
	/home/rpgraca/opendvs_final/project_audit_orig/verilog/gl/user_project_wrapper.v
[INFO] Changing from /home/rpgraca/opendvs_final/project_audit_orig/gds/user_project_wrapper.gds
	to /home/rpgraca/opendvs_final/project_audit_orig/precheck_results/baseline_lvs/tmp/layout.txt
Hierarchy check for user_project_wrapper passed.
 
Running LVS...
TOP SOURCE: user_project_wrapper
SOURCE FILE(S): /home/rpgraca/pdk/sky130A/libs.ref/sky130_fd_sc_hd/spice/sky130_ef_sc_hd__decap_12.spice
 /home/rpgraca/pdk/sky130A/libs.ref/sky130_fd_sc_hd/spice/sky130_ef_sc_hd__decap_20_12.spice
 /home/rpgraca/pdk/sky130A/libs.ref/sky130_fd_sc_hd/spice/sky130_ef_sc_hd__decap_40_12.spice
 /home/rpgraca/pdk/sky130A/libs.ref/sky130_fd_sc_hd/spice/sky130_ef_sc_hd__decap_60_12.spice
 /home/rpgraca/pdk/sky130A/libs.ref/sky130_fd_sc_hd/spice/sky130_ef_sc_hd__decap_80_12.spice
 /home/rpgraca/pdk/sky130A/libs.ref/sky130_fd_sc_hd/spice/sky130_fd_sc_hd.spice
 /home/rpgraca/opendvs_final/project_audit_orig/lvs/user_project_wrapper/pixel_4tile_layout_lvs2.spice
 /home/rpgraca/opendvs_final/project_audit_orig/lvs/user_project_wrapper/BiasBranchnMasterx11_layout_lvs.spice
 /home/rpgraca/opendvs_final/project_audit_orig/lvs/user_project_wrapper/photodiode_test_structure_layout_lvs.spice
 /home/rpgraca/opendvs_final/project_audit_orig/lvs/user_project_wrapper/pixel_test_structure_layout_lvs.spice
 /home/rpgraca/opendvs_final/project_audit_orig/verilog/gl/user_project_wrapper.v
TOP LAYOUT: user_project_wrapper
LAYOUT FILE: /home/rpgraca/opendvs_final/project_audit_orig/gds/user_project_wrapper.gds
EXTRACT_FLATGLOB: 
EXTRACT_ABSTRACT: *__fill_*
 *__fakediode_*
 *__tapvpwrvgnd_*
 *__decap_*
LVS_FLATTEN: 
LVS_NOFLATTEN: pixel_4tile
 BiasBranchnMasterx11
 pixel_test_structure
 photodiode_test_structure
 sky130_ef_sc_hd__decap_*
 sky130_fd_sc_hd__decap_*
 sky130_fd_sc_hd__tapvpwrvgnd_*
 *__fill_*
LVS_IGNORE: 
WORK_ROOT   : /home/rpgraca/opendvs_final/project_audit_orig/precheck_results/baseline_lvs/tmp
LOG_ROOT    : /home/rpgraca/opendvs_final/project_audit_orig/precheck_results/baseline_lvs/logs
SIGNOFF_ROOT: /home/rpgraca/opendvs_final/project_audit_orig/precheck_results/baseline_lvs/outputs/reports
 
Running extract...
TOP LAYOUT: user_project_wrapper
LAYOUT FILE: /home/rpgraca/opendvs_final/project_audit_orig/gds/user_project_wrapper.gds
EXTRACT_FLATGLOB: 
EXTRACT_ABSTRACT: *__fill_*
 *__fakediode_*
 *__tapvpwrvgnd_*
 *__decap_*
WORK_ROOT   : /home/rpgraca/opendvs_final/project_audit_orig/precheck_results/baseline_lvs/tmp
LOG_ROOT    : /home/rpgraca/opendvs_final/project_audit_orig/precheck_results/baseline_lvs/logs
SIGNOFF_ROOT: /home/rpgraca/opendvs_final/project_audit_orig/precheck_results/baseline_lvs/outputs/reports
LOG FILE: /home/rpgraca/opendvs_final/project_audit_orig/precheck_results/baseline_lvs/logs/ext.log
Adding subcutout style to tech file.
/home/rpgraca/pdk/sky130A/libs.tech/magic/sky130A.tech: version 1.0.532-0-gb01f6d2
Extracting to /home/rpgraca/opendvs_final/project_audit_orig/precheck_results/baseline_lvs/tmp/ext
 

Magic 8.3 revision 471 - Compiled on Tue Sep 15 18:16:17 UTC 2026.
Starting magic under Tcl interpreter
Using the terminal as the console.
Using NULL graphics device.
Processing system .magicrc file
Sourcing design magicrc.well for technology sky130A ...
2 Magic internal units = 1 Lambda
Loading tech file /home/rpgraca/opendvs_final/project_audit_orig/precheck_results/baseline_lvs/tmp/sky130A.tech
Input style sky130(): scaleFactor=2, multiplier=2
The following types are not handled by extraction and will be treated as non-electrical types:
    ubm 
Scaled tech values by 2 / 1 to match internal grid scaling
Loading "/home/rpgraca/opendvs_final/project_audit_orig/precheck_results/baseline_lvs/tmp/ext/abstract.tcl" from command line.
Abstracting
CIF input style is now "sky130()"
Abstracting /home/rpgraca/opendvs_final/project_audit_orig/gds/user_project_wrapper.gds
Warning: Calma reading is not undoable!  I hope that's OK.
Library written using GDS-II Release 6.0
Library name: LIB
Reading "$$$CONTEXT_INFO$$$".
Reading "GS_L1M1_MAG_7849107791429".
Reading "GS_L1M1_MAG_7849107791413".
Reading "GS_sky130_fd_pr__nfet_01v8_V52S8A".
Reading "GS_M1M2_MAG_7849107791423".
Reading "GS_sky130_fd_pr__pfet_01v8_D48SMA".
Reading "GS_sky130_fd_pr__pfet_01v8_U2XPXD".
Reading "GS_M1M2_MAG_7849107791428".
Reading "GS_sky130_fd_pr__pfet_01v8_KDZMJM".
Reading "GS_L1M1_MAG_7849107791424".
Reading "GS_sky130_fd_pr__nfet_01v8_ML4XRG".
Reading "GS_L1M1_MAG_7849107791427".
Reading "GS_M1M2_MAG_7849107791426".
Reading "GS_M2M3_MAG_7849107791425".
Reading "GS_sky130_fd_pr__nfet_01v8_9ZAZEB".
Reading "GS_sky130_fd_pr__nfet_01v8_9ZWGZ9".
Reading "GS_M1M2_MAG_7849107791416".
Reading "GS_M1M2_MAG_7849107791419".
Reading "GS_L1M1_MAG_7849107791410".
Reading "GS_M2M3_MAG_7849107791415".
Reading "LJ_BiasDividerCell".
Reading "LJ_BiasMultiplierCell".
Reading "GS_M3M4_MAG_7849107791418".
Reading "GS_vias_gen".
Reading "GS_dyn_comp_v1".
CIF file read warning: CIF style sky130(): units rescaled by factor of 5 / 1
Reading "GS_M3M4_MAG_7849107791421".
Reading "GS_M2M3_MAG_7849107791414".
Reading "GS_M2M3_MAG_7849107791420".
Reading "GS_M1M2_MAG_7849107791422".
Reading "GS_M2M3_MAG_7849107791417".
Reading "GS_pmos_MAG_784910779140".
Reading "GS_L1M1_MAG_7849107791411".
Reading "GS_M1M2_MAG_7849107791412".
Reading "GS_nmos_MAG_784910779141".
Reading "GS_M2M3_MAG_784910779145".
Reading "m1_m2_density_tile".
Reading "vias_gen$3".
Reading "vias_gen$7".
Reading "LJ_BiasDivider".
Reading "LJ_BiasMultiplier".
Reading "LJ_BiasDividerFineCell".
Reading "LJ_scs130hd_and2_1".
Reading "LJ_scs130hd_inv_1".
Reading "LJ_scs130hd_nor2_1".
Reading "GS_M2M3_MAG_784910779148".
Reading "GS_M2M3_MAG_784910779149".
Reading "GS_col_periphery".
Reading "GS_openDVS_pixel".
Reading "GS_contact$26$1$1".
Reading "GS_contact$25$1$1".
Reading "GS_contact$1".
Reading "GS_contact$30$1$1".
Reading "vias_gen$4".
Reading "LJ_BiasBranchBuffer_0".
Reading "LJ_BiasCoarseMBDivider".
Reading "LJ_BiasMasterBias".
Reading "LJ_BiasBranch_0".
CIF file read warning: Input off lambda grid by 3/5; snapped to grid.
Reading "LJ_BiasCoarseSel8to1".
Reading "LJ_BiasDividerFine".
Reading "LJ_BiasCoarseFineInterface".
Reading "LJ_BiasBuffers".
Reading "LJ_vias_gen$9".
Reading "LJ_mim_cap".
Reading "LJ_mim_cap$1".
Reading "LJ_vias_gen".
Reading "LJ_vias_gen$3".
Reading "S7_infiniamp_via_Mnbuff".
Reading "S7_contact$30$1$1".
Reading "S7_contact$1".
Reading "S7_contact$25$1$1".
Reading "S7_contact$26$1$1".
Reading "S7_openDVS_pixel".
Reading "IG_infiniamp_via_Mnbuff".
Reading "GS_vias_gen$16".
Reading "GS_vias_gen$18".
Reading "GS_vias_gen$8".
Reading "GS_vias_gen$19".
Reading "GS_openDVS_pixel2x2_bot".
Reading "GS_col_periphery_1x2".
Reading "GS_openDVS_pixel2x2_top".
Reading "GS_vias_gen$3".
Reading "GS_vias_gen$14".
Reading "GS_vias_gen$2".
Reading "GS_vias_gen$1".
Reading "GS_vias_gen$12".
Reading "vias_gen$8".
Reading "vias_gen$9".
Reading "LJ_BiasBranchBuffer".
Reading "LJ_BiasMasterCoarse".
Reading "LJ_BiasBranch".
Reading "LJ_vias_gen$8".
Reading "LJ_vias_gen$7".
Reading "LJ_vias_gen$6".
Reading "LJ_vias_gen$5".
Reading "LJ_vias_gen$4".
Reading "LJ_vias_gen$2".
Reading "LJ_vias_gen$11".
Reading "S7_vias_gen".
Reading "S7_infiniamp_xl".
Reading "S7_openDVS_pixel2x2_bot".
Reading "S7_scs130hd_inv_1".
Reading "S7_scs130hd_inv_4".
Reading "S7_vias_gen$3".
Reading "IG_infiniamp_xl".
Reading "GS_vias_gen$21".
Reading "GS_M2M3_MAG_784910779140".
Reading "GS_vias_gen$20".
Reading "GS_pixel_layout_biasgen_connector_v2".
Reading "GS_pixel_layout_tile_bot".
Reading "GS_pixel_layout_tile".
Reading "GS_M1M2_MAG_784910779144".
Reading "GS_M2M3_MAG_784910779142".
Reading "GS_pixel_layout_biasgen_connector_v3".
Reading "GS_pixel_4tile_left_vdd_gnd_connectors".
Reading "GS_vias_gen$10".
Reading "GS_M3M4_MAG_784910779143".
Reading "vias_gen".
Reading "sky130_fd_sc_hd__a311o_4".
Reading "sky130_fd_sc_hd__o32a_4".
Reading "sky130_fd_sc_hd__o311a_4".
Reading "sky130_fd_sc_hd__and4b_4".
Reading "BiasBranchnMasterx11".
Error while reading cell "BiasBranchnMasterx11" (byte position 15132552): Warning: cell "LJ_vias_gen$5" placed on top of itself.  Ignoring the extra one.
Error while reading cell "BiasBranchnMasterx11" (byte position 15132614): Warning: cell "LJ_vias_gen$5" placed on top of itself.  Ignoring the extra one.
Error while reading cell "BiasBranchnMasterx11" (byte position 15159646): Warning: cell "LJ_vias_gen$2" placed on top of itself.  Ignoring the extra one.
Error while reading cell "BiasBranchnMasterx11" (byte position 15188166): Warning: cell "LJ_vias_gen$4" placed on top of itself.  Ignoring the extra one.
Error while reading cell "BiasBranchnMasterx11" (byte position 15188228): Warning: cell "LJ_vias_gen$4" placed on top of itself.  Ignoring the extra one.
Error while reading cell "BiasBranchnMasterx11" (byte position 15188290): Warning: cell "LJ_vias_gen$4" placed on top of itself.  Ignoring the extra one.
Error while reading cell "BiasBranchnMasterx11" (byte position 15188352): Warning: cell "LJ_vias_gen$4" placed on top of itself.  Ignoring the extra one.
Error while reading cell "BiasBranchnMasterx11" (byte position 15188414): Warning: cell "LJ_vias_gen$4" placed on top of itself.  Ignoring the extra one.
Error while reading cell "BiasBranchnMasterx11" (byte position 15188476): Warning: cell "LJ_vias_gen$4" placed on top of itself.  Ignoring the extra one.
Error while reading cell "BiasBranchnMasterx11" (byte position 15188538): Warning: cell "LJ_vias_gen$4" placed on top of itself.  Ignoring the extra one.
Error while reading cell "BiasBranchnMasterx11" (byte position 15188600): Warning: cell "LJ_vias_gen$4" placed on top of itself.  Ignoring the extra one.
Error while reading cell "BiasBranchnMasterx11" (byte position 15188662): Warning: cell "LJ_vias_gen$4" placed on top of itself.  Ignoring the extra one.
Error while reading cell "BiasBranchnMasterx11" (byte position 15188724): Warning: cell "LJ_vias_gen$4" placed on top of itself.  Ignoring the extra one.
Error while reading cell "BiasBranchnMasterx11" (byte position 15191204): Warning: cell "LJ_vias_gen$2" placed on top of itself.  Ignoring the extra one.
Error while reading cell "BiasBranchnMasterx11" (byte position 15191266): Warning: cell "LJ_vias_gen$2" placed on top of itself.  Ignoring the extra one.
Reading "sky130_fd_sc_hd__a2111o_1".
Reading "sky130_fd_sc_hd__a22oi_1".
Reading "sky130_fd_sc_hd__nand2b_4".
Reading "sky130_fd_sc_hd__a221o_2".
Reading "sky130_fd_sc_hd__o22ai_1".
Reading "sky130_fd_sc_hd__mux2_4".
Reading "sky130_fd_sc_hd__a2111o_4".
Reading "sky130_fd_sc_hd__a21bo_2".
Reading "sky130_fd_sc_hd__or4b_2".
Reading "sky130_fd_sc_hd__and4b_1".
Reading "sky130_fd_sc_hd__nand4_1".
Reading "sky130_fd_sc_hd__o211a_4".
Reading "sky130_fd_sc_hd__nand3b_2".
Reading "sky130_fd_sc_hd__nand3_2".
Reading "sky130_fd_sc_hd__and3b_1".
Reading "sky130_fd_sc_hd__o211ai_4".
Reading "sky130_fd_sc_hd__a211o_2".
Reading "sky130_fd_sc_hd__and4bb_1".
Reading "sky130_fd_sc_hd__o41a_1".
Reading "sky130_fd_sc_hd__nand4_2".
Reading "sky130_fd_sc_hd__nor3_4".
Reading "sky130_fd_sc_hd__a31oi_1".
Reading "sky130_fd_sc_hd__xnor2_4".
Reading "sky130_fd_sc_hd__a22oi_4".
Reading "sky130_fd_sc_hd__a21boi_2".
Reading "sky130_fd_sc_hd__a41oi_2".
Reading "sky130_fd_sc_hd__o21bai_1".
Reading "sky130_fd_sc_hd__a211oi_1".
Reading "sky130_fd_sc_hd__a31oi_2".
Reading "sky130_fd_sc_hd__o31ai_4".
Reading "sky130_fd_sc_hd__o221ai_2".
Reading "sky130_fd_sc_hd__a21boi_1".
Reading "sky130_fd_sc_hd__a311o_1".
Reading "sky130_fd_sc_hd__o211ai_2".
Reading "sky130_fd_sc_hd__o31ai_1".
Reading "sky130_fd_sc_hd__xor2_4".
Reading "sky130_fd_sc_hd__a221oi_1".
Reading "sky130_fd_sc_hd__a21o_4".
Reading "sky130_fd_sc_hd__dfstp_1".
Reading "sky130_fd_sc_hd__or3b_2".
Reading "sky130_fd_sc_hd__nand3_1".
Reading "sky130_fd_sc_hd__a21oi_4".
Reading "sky130_fd_sc_hd__mux2_8".
Reading "sky130_fd_sc_hd__a41o_1".
Reading "sky130_fd_sc_hd__o211ai_1".
Reading "sky130_fd_sc_hd__a22o_2".
Reading "sky130_fd_sc_hd__nand2b_2".
Reading "sky130_fd_sc_hd__o22a_4".
Reading "sky130_fd_sc_hd__a32o_4".
Reading "sky130_fd_sc_hd__mux2_2".
Reading "sky130_fd_sc_hd__o2bb2a_1".
Reading "sky130_fd_sc_hd__o2111a_1".
Reading "sky130_fd_sc_hd__nor2_4".
Reading "sky130_fd_sc_hd__nand2b_1".
Reading "sky130_fd_sc_hd__a2bb2o_4".
Reading "sky130_fd_sc_hd__a211o_4".
Reading "sky130_fd_sc_hd__a221o_4".
Reading "sky130_fd_sc_hd__or3b_1".
Reading "sky130_fd_sc_hd__and2b_2".
Reading "sky130_fd_sc_hd__nand3b_4".
Reading "sky130_fd_sc_hd__xor2_2".
Reading "sky130_fd_sc_hd__xnor2_2".
Reading "sky130_fd_sc_hd__nor3_2".
Reading "sky130_fd_sc_hd__nor4_1".
Reading "sky130_fd_sc_hd__a32o_2".
Reading "sky130_fd_sc_hd__and2_2".
Reading "sky130_fd_sc_hd__a22o_4".
Reading "sky130_fd_sc_hd__a21bo_1".
Reading "sky130_fd_sc_hd__a2bb2o_1".
Reading "sky130_fd_sc_hd__and4_1".
Reading "sky130_fd_sc_hd__nor3_1".
Reading "sky130_fd_sc_hd__o21ba_2".
Reading "sky130_fd_sc_hd__a21o_2".
Reading "sky130_fd_sc_hd__a21bo_4".
Reading "sky130_fd_sc_hd__or2_4".
Reading "sky130_fd_sc_hd__a2bb2o_2".
Reading "sky130_fd_sc_hd__a21oi_2".
Reading "sky130_fd_sc_hd__o21ba_1".
Reading "sky130_fd_sc_hd__o21ai_2".
Reading "sky130_fd_sc_hd__o21ai_4".
Reading "sky130_fd_sc_hd__a32o_1".
Reading "sky130_fd_sc_hd__mux4_1".
Reading "pixel_test_structure".
Reading "photodiode_test_structure".
Reading "sky130_fd_sc_hd__nand2_4".
Reading "sky130_fd_sc_hd__dfstp_4".
Reading "pixel_4tile".
Reading "sky130_fd_sc_hd__buf_4".
Reading "sky130_fd_sc_hd__nor2_2".
Reading "sky130_fd_sc_hd__and4_4".
Reading "sky130_fd_sc_hd__or2_2".
Reading "sky130_fd_sc_hd__xnor2_1".
Reading "sky130_fd_sc_hd__nand3_4".
Reading "sky130_fd_sc_hd__xor2_1".
Reading "sky130_fd_sc_hd__nand2_2".
Reading "sky130_fd_sc_hd__and3b_4".
Reading "sky130_fd_sc_hd__nor3b_4".
Reading "sky130_fd_sc_hd__and2_4".
Reading "sky130_fd_sc_hd__and3_1".
Reading "sky130_fd_sc_hd__dfxtp_2".
Reading "sky130_fd_sc_hd__and2b_4".
Reading "sky130_fd_sc_hd__and3_2".
Reading "sky130_fd_sc_hd__nor2_1".
Reading "sky130_fd_sc_hd__a21oi_1".
Reading "sky130_fd_sc_hd__nand2_1".
Reading "sky130_fd_sc_hd__o21ai_1".
Reading "sky130_fd_sc_hd__nor2_8".
Reading "sky130_fd_sc_hd__a41o_2".
Reading "sky130_fd_sc_hd__and3_4".
Reading "sky130_fd_sc_hd__and2b_1".
Reading "sky130_fd_sc_hd__o21a_2".
Reading "sky130_fd_sc_hd__or3_2".
Reading "sky130_fd_sc_hd__o21a_4".
Reading "sky130_fd_sc_hd__o31a_4".
Reading "sky130_fd_sc_hd__o211a_2".
Reading "sky130_fd_sc_hd__a31o_2".
Reading "sky130_fd_sc_hd__a311o_2".
Reading "sky130_fd_sc_hd__clkinv_1".
Reading "sky130_fd_sc_hd__o221a_2".
Reading "sky130_fd_sc_hd__clkbuf_16".
Reading "sky130_fd_sc_hd__inv_16".
Reading "sky130_fd_sc_hd__clkinv_16".
Reading "sky130_fd_sc_hd__inv_12".
Reading "sky130_fd_sc_hd__a31o_4".
Reading "sky130_fd_sc_hd__o31a_2".
Reading "sky130_fd_sc_hd__o311a_1".
Reading "sky130_fd_sc_hd__a31o_1".
Reading "sky130_fd_sc_hd__o311a_2".
Reading "sky130_fd_sc_hd__o31a_1".
Reading "sky130_fd_sc_hd__o211a_1".
Reading "sky130_fd_sc_hd__or3_1".
Reading "sky130_fd_sc_hd__o22a_2".
Reading "sky130_fd_sc_hd__o32a_2".
Reading "sky130_fd_sc_hd__inv_8".
Reading "sky130_fd_sc_hd__o32a_1".
Reading "sky130_fd_sc_hd__clkinv_8".
Reading "sky130_fd_sc_hd__o221a_1".
Reading "sky130_fd_sc_hd__o22a_1".
Reading "sky130_fd_sc_hd__a21o_1".
Reading "sky130_fd_sc_hd__bufinv_16".
Reading "sky130_fd_sc_hd__inv_6".
Reading "sky130_fd_sc_hd__clkinv_4".
Reading "sky130_fd_sc_hd__a211o_1".
Reading "sky130_fd_sc_hd__and2_1".
Reading "sky130_fd_sc_hd__a221o_1".
Reading "sky130_fd_sc_hd__a22o_1".
Reading "sky130_fd_sc_hd__clkinv_2".
Reading "sky130_fd_sc_hd__inv_4".
Reading "sky130_fd_sc_hd__dfxtp_1".
Reading "sky130_fd_sc_hd__clkbuf_4".
Reading "sky130_fd_sc_hd__o21a_1".
Reading "sky130_fd_sc_hd__clkinvlp_4".
Reading "sky130_fd_sc_hd__mux2_1".
Reading "sky130_fd_sc_hd__dfrtp_2".
Reading "sky130_fd_sc_hd__dfrtp_4".
Reading "sky130_fd_sc_hd__dfrtp_1".
Reading "sky130_fd_sc_hd__or4b_1".
Reading "sky130_fd_sc_hd__or2_1".
Reading "sky130_fd_sc_hd__or4_2".
Reading "sky130_fd_sc_hd__or4_4".
Reading "sky130_fd_sc_hd__or3_4".
Reading "sky130_fd_sc_hd__or3b_4".
Reading "sky130_fd_sc_hd__inv_2".
Reading "sky130_fd_sc_hd__nand2_8".
Reading "sky130_fd_sc_hd__or4bb_1".
Reading "sky130_fd_sc_hd__or4_1".
Reading "sky130_fd_sc_hd__conb_1".
Reading "sky130_fd_sc_hd__buf_2".
Reading "sky130_fd_sc_hd__dlymetal6s2s_1".
Reading "sky130_fd_sc_hd__clkbuf_1".
Reading "sky130_fd_sc_hd__clkbuf_8".
Reading "sky130_fd_sc_hd__buf_6".
Reading "sky130_fd_sc_hd__buf_8".
Reading "sky130_fd_sc_hd__decap_8".
Reading "sky130_fd_sc_hd__buf_1".
Reading "sky130_fd_sc_hd__fill_2".
Reading "sky130_fd_sc_hd__decap_6".
Reading "sky130_fd_sc_hd__buf_12".
Reading "sky130_fd_sc_hd__clkbuf_2".
Reading "sky130_fd_sc_hd__diode_2".
Reading "sky130_fd_sc_hd__fill_1".
Reading "sky130_fd_sc_hd__decap_4".
Reading "sky130_fd_sc_hd__tapvpwrvgnd_1".
Reading "sky130_fd_sc_hd__dlygate4sd3_1".
Reading "sky130_fd_sc_hd__decap_3".
Reading "sky130_ef_sc_hd__decap_40_12".
Reading "user_project_wrapper".
    5000 uses
    10000 uses
    15000 uses
    20000 uses
    25000 uses
    30000 uses
    35000 uses
    40000 uses
    45000 uses
    50000 uses
    55000 uses
    60000 uses
    65000 uses
    70000 uses
    75000 uses
    80000 uses
    85000 uses
    90000 uses
    95000 uses
    100000 uses
    105000 uses
    110000 uses
    115000 uses
    120000 uses
    125000 uses
    130000 uses
    135000 uses
    140000 uses
    145000 uses
    150000 uses
    155000 uses
    160000 uses
    165000 uses
    170000 uses
    175000 uses
    180000 uses
    185000 uses
    190000 uses
    195000 uses
    200000 uses
    205000 uses
    210000 uses
    215000 uses
    220000 uses
    225000 uses
    230000 uses
    235000 uses
    240000 uses
    245000 uses
    250000 uses
    255000 uses
    260000 uses
    265000 uses
    270000 uses
    275000 uses
    280000 uses
    285000 uses
    290000 uses
    295000 uses
    300000 uses
    305000 uses
    310000 uses
    315000 uses
    320000 uses
    325000 uses
    330000 uses
    335000 uses
    340000 uses
    345000 uses
    350000 uses
    355000 uses
    360000 uses
    365000 uses
    370000 uses
    375000 uses
    380000 uses
    385000 uses
    390000 uses
    395000 uses
    400000 uses
    405000 uses
    410000 uses
    415000 uses
    420000 uses
    425000 uses
    430000 uses
    435000 uses
    440000 uses
    445000 uses
    450000 uses
    455000 uses
    460000 uses
    465000 uses
    470000 uses
    475000 uses
    480000 uses
    485000 uses
    490000 uses
    495000 uses
    500000 uses
    505000 uses
    510000 uses
    515000 uses
    520000 uses
    525000 uses
    530000 uses
    535000 uses
    540000 uses
    545000 uses
    550000 uses
    555000 uses
    560000 uses
    565000 uses
    570000 uses
    575000 uses
    580000 uses
    585000 uses
    590000 uses
    595000 uses
    600000 uses
    605000 uses
    610000 uses
    615000 uses
    620000 uses
    625000 uses
    630000 uses
    635000 uses
    640000 uses
    645000 uses
    650000 uses
    655000 uses
    660000 uses
    665000 uses
    670000 uses
    675000 uses
    680000 uses
    685000 uses
    690000 uses
    695000 uses

TIME: read GDS: 00:00:47 


TIME: create subcut: 00:00:00 

Abstracting sky130_ef_sc_hd__decap_40_12
instance count:0 port count:5
Abstracting sky130_fd_sc_hd__decap_3
instance count:0 port count:5
Abstracting sky130_fd_sc_hd__decap_4
instance count:0 port count:5
Abstracting sky130_fd_sc_hd__decap_6
instance count:0 port count:5
Abstracting sky130_fd_sc_hd__decap_8
instance count:0 port count:5
Abstracting sky130_fd_sc_hd__fill_1
instance count:0 port count:5
Abstracting sky130_fd_sc_hd__fill_2
instance count:0 port count:5
Abstracting sky130_fd_sc_hd__tapvpwrvgnd_1
instance count:0 port count:3

TIME: create abstract: 00:00:00 

Using technology "sky130A", version 1.0.532-0-gb01f6d2

Magic 8.3 revision 471 - Compiled on Tue Sep 15 18:16:17 UTC 2026.
Starting magic under Tcl interpreter
Using the terminal as the console.
Using NULL graphics device.
Processing system .magicrc file
Sourcing design magicrc.well for technology sky130A ...
2 Magic internal units = 1 Lambda
Loading tech file /home/rpgraca/opendvs_final/project_audit_orig/precheck_results/baseline_lvs/tmp/sky130A.tech
Input style sky130(): scaleFactor=2, multiplier=2
The following types are not handled by extraction and will be treated as non-electrical types:
    ubm 
Scaled tech values by 2 / 1 to match internal grid scaling
Loading "/home/rpgraca/opendvs_final/project_audit_orig/precheck_results/baseline_lvs/tmp/ext/extract.tcl" from command line.
Extracting with top ports unique (digital)
CIF input style is now "sky130()"
Flattening 

Extracting /home/rpgraca/opendvs_final/project_audit_orig/gds/user_project_wrapper.gds
Warning: Calma reading is not undoable!  I hope that's OK.
Library written using GDS-II Release 6.0
Library name: LIB
Reading "$$$CONTEXT_INFO$$$".
Reading "vias_gen$3".
Reading "vias_gen$7".
Reading "vias_gen$4".
Reading "vias_gen$8".
Reading "vias_gen$9".
Reading "vias_gen".
Saving contents of cell vias_gen
Reading "GS_L1M1_MAG_7849107791429".
Saving contents of cell GS_L1M1_MAG_7849107791429
Reading "GS_L1M1_MAG_7849107791413".
Saving contents of cell GS_L1M1_MAG_7849107791413
Reading "GS_sky130_fd_pr__nfet_01v8_V52S8A".
Reading "GS_M1M2_MAG_7849107791423".
Saving contents of cell GS_M1M2_MAG_7849107791423
Reading "GS_sky130_fd_pr__pfet_01v8_D48SMA".
Reading "GS_sky130_fd_pr__pfet_01v8_U2XPXD".
Reading "GS_M1M2_MAG_7849107791428".
Saving contents of cell GS_M1M2_MAG_7849107791428
Reading "GS_sky130_fd_pr__pfet_01v8_KDZMJM".
Reading "GS_L1M1_MAG_7849107791424".
Saving contents of cell GS_L1M1_MAG_7849107791424
Reading "GS_sky130_fd_pr__nfet_01v8_ML4XRG".
Reading "GS_L1M1_MAG_7849107791427".
Saving contents of cell GS_L1M1_MAG_7849107791427
Reading "GS_M1M2_MAG_7849107791426".
Saving contents of cell GS_M1M2_MAG_7849107791426
Reading "GS_M2M3_MAG_7849107791425".
Saving contents of cell GS_M2M3_MAG_7849107791425
Reading "GS_sky130_fd_pr__nfet_01v8_9ZAZEB".
Reading "GS_sky130_fd_pr__nfet_01v8_9ZWGZ9".
Reading "GS_M1M2_MAG_7849107791416".
Saving contents of cell GS_M1M2_MAG_7849107791416
Reading "GS_M1M2_MAG_7849107791419".
Saving contents of cell GS_M1M2_MAG_7849107791419
Reading "GS_L1M1_MAG_7849107791410".
Saving contents of cell GS_L1M1_MAG_7849107791410
Reading "GS_M2M3_MAG_7849107791415".
Saving contents of cell GS_M2M3_MAG_7849107791415
Reading "LJ_BiasDividerCell".
Reading "LJ_BiasMultiplierCell".
Reading "GS_M3M4_MAG_7849107791418".
Reading "GS_vias_gen".
Saving contents of cell GS_vias_gen
Reading "GS_dyn_comp_v1".
CIF file read warning: CIF style sky130(): units rescaled by factor of 5 / 1
Reading "GS_M3M4_MAG_7849107791421".
Saving contents of cell GS_M3M4_MAG_7849107791421
Reading "GS_M2M3_MAG_7849107791414".
Saving contents of cell GS_M2M3_MAG_7849107791414
Reading "GS_M2M3_MAG_7849107791420".
Saving contents of cell GS_M2M3_MAG_7849107791420
Reading "GS_M1M2_MAG_7849107791422".
Saving contents of cell GS_M1M2_MAG_7849107791422
Reading "GS_M2M3_MAG_7849107791417".
Saving contents of cell GS_M2M3_MAG_7849107791417
Reading "GS_pmos_MAG_784910779140".
Reading "GS_L1M1_MAG_7849107791411".
Saving contents of cell GS_L1M1_MAG_7849107791411
Reading "GS_M1M2_MAG_7849107791412".
Reading "GS_nmos_MAG_784910779141".
Reading "GS_M2M3_MAG_784910779145".
Saving contents of cell GS_M2M3_MAG_784910779145
Reading "m1_m2_density_tile".
Saving contents of cell m1_m2_density_tile
Reading "vias_gen$3".
Error while reading cell "m1_m2_density_tile" (byte position 227036): Cell "vias_gen$3" was already defined in this file.
Error while reading cell "m1_m2_density_tile" (byte position 227036): Ignoring duplicate definition
Reading "vias_gen$7".
Error while reading cell "m1_m2_density_tile" (byte position 228106): Cell "vias_gen$7" was already defined in this file.
Error while reading cell "m1_m2_density_tile" (byte position 228106): Ignoring duplicate definition
Reading "LJ_BiasDivider".
Reading "LJ_BiasMultiplier".
Reading "LJ_BiasDividerFineCell".
Reading "LJ_scs130hd_and2_1".
Reading "LJ_scs130hd_inv_1".
Reading "LJ_scs130hd_nor2_1".
Reading "GS_M2M3_MAG_784910779148".
Saving contents of cell GS_M2M3_MAG_784910779148
Reading "GS_M2M3_MAG_784910779149".
Saving contents of cell GS_M2M3_MAG_784910779149
Reading "GS_col_periphery".
Reading "GS_openDVS_pixel".
Reading "GS_contact$26$1$1".
Saving contents of cell GS_contact$26$1$1
Reading "GS_contact$25$1$1".
Reading "GS_contact$1".
Reading "GS_contact$30$1$1".
Saving contents of cell GS_contact$30$1$1
Reading "vias_gen$4".
Error while reading cell "GS_contact$30$1$1" (byte position 647870): Cell "vias_gen$4" was already defined in this file.
Error while reading cell "GS_contact$30$1$1" (byte position 647870): Ignoring duplicate definition
Reading "LJ_BiasBranchBuffer_0".
Reading "LJ_BiasCoarseMBDivider".
Reading "LJ_BiasMasterBias".
Reading "LJ_BiasBranch_0".
CIF file read warning: Input off lambda grid by 3/5; snapped to grid.
Reading "LJ_BiasCoarseSel8to1".
Reading "LJ_BiasDividerFine".
Reading "LJ_BiasCoarseFineInterface".
Reading "LJ_BiasBuffers".
Reading "LJ_vias_gen$9".
Saving contents of cell LJ_vias_gen$9
Reading "LJ_mim_cap".
Reading "LJ_mim_cap$1".
Reading "LJ_vias_gen".
Reading "LJ_vias_gen$3".
Reading "S7_infiniamp_via_Mnbuff".
Reading "S7_contact$30$1$1".
Saving contents of cell S7_contact$30$1$1
Reading "S7_contact$1".
Reading "S7_contact$25$1$1".
Reading "S7_contact$26$1$1".
Saving contents of cell S7_contact$26$1$1
Reading "S7_openDVS_pixel".
Reading "IG_infiniamp_via_Mnbuff".
Reading "GS_vias_gen$16".
Reading "GS_vias_gen$18".
Reading "GS_vias_gen$8".
Saving contents of cell GS_vias_gen$8
Reading "GS_vias_gen$19".
Reading "GS_openDVS_pixel2x2_bot".
Reading "GS_col_periphery_1x2".
Reading "GS_openDVS_pixel2x2_top".
Reading "GS_vias_gen$3".
Saving contents of cell GS_vias_gen$3
Reading "GS_vias_gen$14".
Reading "GS_vias_gen$2".
Reading "GS_vias_gen$1".
Saving contents of cell GS_vias_gen$1
Reading "GS_vias_gen$12".
Reading "vias_gen$8".
Error while reading cell "GS_vias_gen$12" (byte position 7461684): Cell "vias_gen$8" was already defined in this file.
Error while reading cell "GS_vias_gen$12" (byte position 7461684): Ignoring duplicate definition
Reading "vias_gen$9".
Error while reading cell "GS_vias_gen$12" (byte position 10781282): Cell "vias_gen$9" was already defined in this file.
Error while reading cell "GS_vias_gen$12" (byte position 10781282): Ignoring duplicate definition
Reading "LJ_BiasBranchBuffer".
Reading "LJ_BiasMasterCoarse".
Reading "LJ_BiasBranch".
Reading "LJ_vias_gen$8".
Saving contents of cell LJ_vias_gen$8
Reading "LJ_vias_gen$7".
Saving contents of cell LJ_vias_gen$7
Reading "LJ_vias_gen$6".
Saving contents of cell LJ_vias_gen$6
Reading "LJ_vias_gen$5".
Saving contents of cell LJ_vias_gen$5
Reading "LJ_vias_gen$4".
Saving contents of cell LJ_vias_gen$4
Reading "LJ_vias_gen$2".
Reading "LJ_vias_gen$11".
Reading "S7_vias_gen".
Reading "S7_infiniamp_xl".
Reading "S7_openDVS_pixel2x2_bot".
Reading "S7_scs130hd_inv_1".
Reading "S7_scs130hd_inv_4".
Reading "S7_vias_gen$3".
Reading "IG_infiniamp_xl".
Reading "GS_vias_gen$21".
Saving contents of cell GS_vias_gen$21
Reading "GS_M2M3_MAG_784910779140".
Reading "GS_vias_gen$20".
Saving contents of cell GS_vias_gen$20
Reading "GS_pixel_layout_biasgen_connector_v2".
Reading "GS_pixel_layout_tile_bot".
Reading "GS_pixel_layout_tile".
Reading "GS_M1M2_MAG_784910779144".
Reading "GS_M2M3_MAG_784910779142".
Reading "GS_pixel_layout_biasgen_connector_v3".
Reading "GS_pixel_4tile_left_vdd_gnd_connectors".
Reading "GS_vias_gen$10".
Reading "GS_M3M4_MAG_784910779143".
Saving contents of cell GS_M3M4_MAG_784910779143
Reading "vias_gen".
Error while reading cell "GS_M3M4_MAG_784910779143" (byte position 15082324): Cell "vias_gen" was already defined in this file.
Error while reading cell "GS_M3M4_MAG_784910779143" (byte position 15082324): Ignoring duplicate definition
Reading "sky130_fd_sc_hd__a311o_4".
Reading "sky130_fd_sc_hd__o32a_4".
Reading "sky130_fd_sc_hd__o311a_4".
Reading "sky130_fd_sc_hd__and4b_4".
Reading "BiasBranchnMasterx11".
Error while reading cell "BiasBranchnMasterx11" (byte position 15159646): Warning: cell "LJ_vias_gen$2" placed on top of itself.  Ignoring the extra one.
Error while reading cell "BiasBranchnMasterx11" (byte position 15191204): Warning: cell "LJ_vias_gen$2" placed on top of itself.  Ignoring the extra one.
Error while reading cell "BiasBranchnMasterx11" (byte position 15191266): Warning: cell "LJ_vias_gen$2" placed on top of itself.  Ignoring the extra one.
Reading "sky130_fd_sc_hd__a2111o_1".
Reading "sky130_fd_sc_hd__a22oi_1".
Reading "sky130_fd_sc_hd__nand2b_4".
Reading "sky130_fd_sc_hd__a221o_2".
Reading "sky130_fd_sc_hd__o22ai_1".
Reading "sky130_fd_sc_hd__mux2_4".
Reading "sky130_fd_sc_hd__a2111o_4".
Reading "sky130_fd_sc_hd__a21bo_2".
Reading "sky130_fd_sc_hd__or4b_2".
Reading "sky130_fd_sc_hd__and4b_1".
Reading "sky130_fd_sc_hd__nand4_1".
Reading "sky130_fd_sc_hd__o211a_4".
Reading "sky130_fd_sc_hd__nand3b_2".
Reading "sky130_fd_sc_hd__nand3_2".
Reading "sky130_fd_sc_hd__and3b_1".
Reading "sky130_fd_sc_hd__o211ai_4".
Reading "sky130_fd_sc_hd__a211o_2".
Reading "sky130_fd_sc_hd__and4bb_1".
Reading "sky130_fd_sc_hd__o41a_1".
Reading "sky130_fd_sc_hd__nand4_2".
Reading "sky130_fd_sc_hd__nor3_4".
Reading "sky130_fd_sc_hd__a31oi_1".
Reading "sky130_fd_sc_hd__xnor2_4".
Reading "sky130_fd_sc_hd__a22oi_4".
Reading "sky130_fd_sc_hd__a21boi_2".
Reading "sky130_fd_sc_hd__a41oi_2".
Reading "sky130_fd_sc_hd__o21bai_1".
Reading "sky130_fd_sc_hd__a211oi_1".
Reading "sky130_fd_sc_hd__a31oi_2".
Reading "sky130_fd_sc_hd__o31ai_4".
Reading "sky130_fd_sc_hd__o221ai_2".
Reading "sky130_fd_sc_hd__a21boi_1".
Reading "sky130_fd_sc_hd__a311o_1".
Reading "sky130_fd_sc_hd__o211ai_2".
Reading "sky130_fd_sc_hd__o31ai_1".
Reading "sky130_fd_sc_hd__xor2_4".
Reading "sky130_fd_sc_hd__a221oi_1".
Reading "sky130_fd_sc_hd__a21o_4".
Reading "sky130_fd_sc_hd__dfstp_1".
Reading "sky130_fd_sc_hd__or3b_2".
Reading "sky130_fd_sc_hd__nand3_1".
Reading "sky130_fd_sc_hd__a21oi_4".
Reading "sky130_fd_sc_hd__mux2_8".
Reading "sky130_fd_sc_hd__a41o_1".
Reading "sky130_fd_sc_hd__o211ai_1".
Reading "sky130_fd_sc_hd__a22o_2".
Reading "sky130_fd_sc_hd__nand2b_2".
Reading "sky130_fd_sc_hd__o22a_4".
Reading "sky130_fd_sc_hd__a32o_4".
Reading "sky130_fd_sc_hd__mux2_2".
Reading "sky130_fd_sc_hd__o2bb2a_1".
Reading "sky130_fd_sc_hd__o2111a_1".
Reading "sky130_fd_sc_hd__nor2_4".
Reading "sky130_fd_sc_hd__nand2b_1".
Reading "sky130_fd_sc_hd__a2bb2o_4".
Reading "sky130_fd_sc_hd__a211o_4".
Reading "sky130_fd_sc_hd__a221o_4".
Reading "sky130_fd_sc_hd__or3b_1".
Reading "sky130_fd_sc_hd__and2b_2".
Reading "sky130_fd_sc_hd__nand3b_4".
Reading "sky130_fd_sc_hd__xor2_2".
Reading "sky130_fd_sc_hd__xnor2_2".
Reading "sky130_fd_sc_hd__nor3_2".
Reading "sky130_fd_sc_hd__nor4_1".
Reading "sky130_fd_sc_hd__a32o_2".
Reading "sky130_fd_sc_hd__and2_2".
Reading "sky130_fd_sc_hd__a22o_4".
Reading "sky130_fd_sc_hd__a21bo_1".
Reading "sky130_fd_sc_hd__a2bb2o_1".
Reading "sky130_fd_sc_hd__and4_1".
Reading "sky130_fd_sc_hd__nor3_1".
Reading "sky130_fd_sc_hd__o21ba_2".
Reading "sky130_fd_sc_hd__a21o_2".
Reading "sky130_fd_sc_hd__a21bo_4".
Reading "sky130_fd_sc_hd__or2_4".
Reading "sky130_fd_sc_hd__a2bb2o_2".
Reading "sky130_fd_sc_hd__a21oi_2".
Reading "sky130_fd_sc_hd__o21ba_1".
Reading "sky130_fd_sc_hd__o21ai_2".
Reading "sky130_fd_sc_hd__o21ai_4".
Reading "sky130_fd_sc_hd__a32o_1".
Reading "sky130_fd_sc_hd__mux4_1".
Reading "pixel_test_structure".
Reading "photodiode_test_structure".
Reading "sky130_fd_sc_hd__nand2_4".
Reading "sky130_fd_sc_hd__dfstp_4".
Reading "pixel_4tile".
Reading "sky130_fd_sc_hd__buf_4".
Reading "sky130_fd_sc_hd__nor2_2".
Reading "sky130_fd_sc_hd__and4_4".
Reading "sky130_fd_sc_hd__or2_2".
Reading "sky130_fd_sc_hd__xnor2_1".
Reading "sky130_fd_sc_hd__nand3_4".
Reading "sky130_fd_sc_hd__xor2_1".
Reading "sky130_fd_sc_hd__nand2_2".
Reading "sky130_fd_sc_hd__and3b_4".
Reading "sky130_fd_sc_hd__nor3b_4".
Reading "sky130_fd_sc_hd__and2_4".
Reading "sky130_fd_sc_hd__and3_1".
Reading "sky130_fd_sc_hd__dfxtp_2".
Reading "sky130_fd_sc_hd__and2b_4".
Reading "sky130_fd_sc_hd__and3_2".
Reading "sky130_fd_sc_hd__nor2_1".
Reading "sky130_fd_sc_hd__a21oi_1".
Reading "sky130_fd_sc_hd__nand2_1".
Reading "sky130_fd_sc_hd__o21ai_1".
Reading "sky130_fd_sc_hd__nor2_8".
Reading "sky130_fd_sc_hd__a41o_2".
Reading "sky130_fd_sc_hd__and3_4".
Reading "sky130_fd_sc_hd__and2b_1".
Reading "sky130_fd_sc_hd__o21a_2".
Reading "sky130_fd_sc_hd__or3_2".
Reading "sky130_fd_sc_hd__o21a_4".
Reading "sky130_fd_sc_hd__o31a_4".
Reading "sky130_fd_sc_hd__o211a_2".
Reading "sky130_fd_sc_hd__a31o_2".
Reading "sky130_fd_sc_hd__a311o_2".
Reading "sky130_fd_sc_hd__clkinv_1".
Reading "sky130_fd_sc_hd__o221a_2".
Reading "sky130_fd_sc_hd__clkbuf_16".
Reading "sky130_fd_sc_hd__inv_16".
Reading "sky130_fd_sc_hd__clkinv_16".
Reading "sky130_fd_sc_hd__inv_12".
Reading "sky130_fd_sc_hd__a31o_4".
Reading "sky130_fd_sc_hd__o31a_2".
Reading "sky130_fd_sc_hd__o311a_1".
Reading "sky130_fd_sc_hd__a31o_1".
Reading "sky130_fd_sc_hd__o311a_2".
Reading "sky130_fd_sc_hd__o31a_1".
Reading "sky130_fd_sc_hd__o211a_1".
Reading "sky130_fd_sc_hd__or3_1".
Reading "sky130_fd_sc_hd__o22a_2".
Reading "sky130_fd_sc_hd__o32a_2".
Reading "sky130_fd_sc_hd__inv_8".
Reading "sky130_fd_sc_hd__o32a_1".
Reading "sky130_fd_sc_hd__clkinv_8".
Reading "sky130_fd_sc_hd__o221a_1".
Reading "sky130_fd_sc_hd__o22a_1".
Reading "sky130_fd_sc_hd__a21o_1".
Reading "sky130_fd_sc_hd__bufinv_16".
Reading "sky130_fd_sc_hd__inv_6".
Reading "sky130_fd_sc_hd__clkinv_4".
Reading "sky130_fd_sc_hd__a211o_1".
Reading "sky130_fd_sc_hd__and2_1".
Reading "sky130_fd_sc_hd__a221o_1".
Reading "sky130_fd_sc_hd__a22o_1".
Reading "sky130_fd_sc_hd__clkinv_2".
Reading "sky130_fd_sc_hd__inv_4".
Reading "sky130_fd_sc_hd__dfxtp_1".
Reading "sky130_fd_sc_hd__clkbuf_4".
Reading "sky130_fd_sc_hd__o21a_1".
Reading "sky130_fd_sc_hd__clkinvlp_4".
Reading "sky130_fd_sc_hd__mux2_1".
Reading "sky130_fd_sc_hd__dfrtp_2".
Reading "sky130_fd_sc_hd__dfrtp_4".
Reading "sky130_fd_sc_hd__dfrtp_1".
Reading "sky130_fd_sc_hd__or4b_1".
Reading "sky130_fd_sc_hd__or2_1".
Reading "sky130_fd_sc_hd__or4_2".
Reading "sky130_fd_sc_hd__or4_4".
Reading "sky130_fd_sc_hd__or3_4".
Reading "sky130_fd_sc_hd__or3b_4".
Reading "sky130_fd_sc_hd__inv_2".
Reading "sky130_fd_sc_hd__nand2_8".
Reading "sky130_fd_sc_hd__or4bb_1".
Reading "sky130_fd_sc_hd__or4_1".
Reading "sky130_fd_sc_hd__conb_1".
Reading "sky130_fd_sc_hd__buf_2".
Reading "sky130_fd_sc_hd__dlymetal6s2s_1".
Reading "sky130_fd_sc_hd__clkbuf_1".
Reading "sky130_fd_sc_hd__clkbuf_8".
Reading "sky130_fd_sc_hd__buf_6".
Reading "sky130_fd_sc_hd__buf_8".
Reading "sky130_fd_sc_hd__decap_8".
Reading "sky130_fd_sc_hd__buf_1".
Reading "sky130_fd_sc_hd__fill_2".
Reading "sky130_fd_sc_hd__decap_6".
Reading "sky130_fd_sc_hd__buf_12".
Reading "sky130_fd_sc_hd__clkbuf_2".
Reading "sky130_fd_sc_hd__diode_2".
Reading "sky130_fd_sc_hd__fill_1".
Reading "sky130_fd_sc_hd__decap_4".
Reading "sky130_fd_sc_hd__tapvpwrvgnd_1".
Reading "sky130_fd_sc_hd__dlygate4sd3_1".
Reading "sky130_fd_sc_hd__decap_3".
Reading "sky130_ef_sc_hd__decap_40_12".
Reading "user_project_wrapper".
    5000 uses
    10000 uses
    15000 uses
    20000 uses
    25000 uses
    30000 uses
    35000 uses
    40000 uses
    45000 uses
    50000 uses
    55000 uses
    60000 uses
    65000 uses
    70000 uses
    75000 uses
    80000 uses
    85000 uses
    90000 uses
    95000 uses
    100000 uses
    105000 uses
    110000 uses
    115000 uses
    120000 uses
    125000 uses
    130000 uses
    135000 uses
    140000 uses
    145000 uses
    150000 uses
    155000 uses
    160000 uses
    165000 uses
    170000 uses
    175000 uses
    180000 uses
    185000 uses
    190000 uses
    195000 uses
    200000 uses
    205000 uses
    210000 uses
    215000 uses
    220000 uses
    225000 uses
    230000 uses
    235000 uses
    240000 uses
    245000 uses
    250000 uses
    255000 uses
    260000 uses
    265000 uses
    270000 uses
    275000 uses
    280000 uses
    285000 uses
    290000 uses
    295000 uses
    300000 uses
    305000 uses
    310000 uses
    315000 uses
    320000 uses
    325000 uses
    330000 uses
    335000 uses
    340000 uses
    345000 uses
    350000 uses
    355000 uses
    360000 uses
    365000 uses
    370000 uses
    375000 uses
    380000 uses
    385000 uses
    390000 uses
    395000 uses
    400000 uses
    405000 uses
    410000 uses
    415000 uses
    420000 uses
    425000 uses
    430000 uses
    435000 uses
    440000 uses
    445000 uses
    450000 uses
    455000 uses
    460000 uses
    465000 uses
    470000 uses
    475000 uses
    480000 uses
    485000 uses
    490000 uses
    495000 uses
    500000 uses
    505000 uses
    510000 uses
    515000 uses
    520000 uses
    525000 uses
    530000 uses
    535000 uses
    540000 uses
    545000 uses
    550000 uses
    555000 uses
    560000 uses
    565000 uses
    570000 uses
    575000 uses
    580000 uses
    585000 uses
    590000 uses
    595000 uses
    600000 uses
    605000 uses
    610000 uses
    615000 uses
    620000 uses
    625000 uses
    630000 uses
    635000 uses
    640000 uses
    645000 uses
    650000 uses
    655000 uses
    660000 uses
    665000 uses
    670000 uses
    675000 uses
    680000 uses
    685000 uses
    690000 uses
    695000 uses

TIME: read GDS: 00:00:42 


TIME: add subcut: 00:00:00 

Abstracting sky130_ef_sc_hd__decap_40_12
Abstracting sky130_fd_sc_hd__decap_3
Abstracting sky130_fd_sc_hd__decap_4
Abstracting sky130_fd_sc_hd__decap_6
Abstracting sky130_fd_sc_hd__decap_8
Abstracting sky130_fd_sc_hd__fill_1
Abstracting sky130_fd_sc_hd__fill_2
Abstracting sky130_fd_sc_hd__tapvpwrvgnd_1

TIME: set abstract: 00:00:00 

Processing sky130_fd_sc_hd__buf_12
Processing sky130_fd_sc_hd__diode_2
Processing sky130_fd_sc_hd__dlygate4sd3_1
Processing sky130_fd_sc_hd__clkbuf_2
Processing sky130_fd_sc_hd__buf_1
Processing sky130_fd_sc_hd__buf_8
Processing sky130_fd_sc_hd__buf_6
Processing sky130_fd_sc_hd__inv_2
Processing sky130_fd_sc_hd__nand2_8
Processing sky130_fd_sc_hd__or3b_4
Processing sky130_fd_sc_hd__or3_4
Processing sky130_fd_sc_hd__conb_1
Processing sky130_fd_sc_hd__clkbuf_8
Processing sky130_fd_sc_hd__clkbuf_1
Processing sky130_fd_sc_hd__or4_4
Processing sky130_fd_sc_hd__or4_1
Processing sky130_fd_sc_hd__or4_2
Processing sky130_fd_sc_hd__or2_1
Processing sky130_fd_sc_hd__dfrtp_4
Processing sky130_fd_sc_hd__o21a_1
Processing sky130_fd_sc_hd__mux2_1
Processing sky130_fd_sc_hd__or4bb_1
Processing sky130_fd_sc_hd__or4b_1
Processing sky130_fd_sc_hd__clkbuf_4
Processing sky130_fd_sc_hd__dfrtp_2
Processing sky130_fd_sc_hd__dlymetal6s2s_1
Processing sky130_fd_sc_hd__clkinvlp_4
Processing sky130_fd_sc_hd__buf_2
Processing sky130_fd_sc_hd__dfrtp_1
Processing sky130_fd_sc_hd__dfxtp_1
Processing sky130_fd_sc_hd__clkinv_4
Processing sky130_fd_sc_hd__a22o_1
Processing sky130_fd_sc_hd__and2b_1
Processing sky130_fd_sc_hd__clkinv_2
Processing sky130_fd_sc_hd__and2_1
Processing sky130_fd_sc_hd__nor2_8
Processing sky130_fd_sc_hd__xor2_1
Processing sky130_fd_sc_hd__nand2_2
Processing sky130_fd_sc_hd__nand3_4
Processing sky130_fd_sc_hd__and3_2
Processing sky130_fd_sc_hd__xnor2_1
Processing sky130_fd_sc_hd__or2_2
Processing sky130_fd_sc_hd__and3_4
Processing sky130_fd_sc_hd__nand2_1
Processing sky130_fd_sc_hd__and4_4
Processing sky130_fd_sc_hd__nor2_2
Processing sky130_fd_sc_hd__nor2_1
Processing sky130_fd_sc_hd__a221o_1
Processing sky130_fd_sc_hd__a211o_1
Processing sky130_fd_sc_hd__inv_6
Processing sky130_fd_sc_hd__bufinv_16
Processing sky130_fd_sc_hd__o32a_1
Processing sky130_fd_sc_hd__o22a_1
Processing sky130_fd_sc_hd__o211a_1
Processing sky130_fd_sc_hd__a21o_1
Processing sky130_fd_sc_hd__o31a_1
Processing sky130_fd_sc_hd__o22a_2
Processing sky130_fd_sc_hd__inv_12
Processing sky130_fd_sc_hd__o221a_1
Processing sky130_fd_sc_hd__or3_1
Processing sky130_fd_sc_hd__a31o_1
Processing sky130_fd_sc_hd__inv_4
Processing sky130_fd_sc_hd__clkbuf_16
Processing sky130_fd_sc_hd__clkinv_1
Processing sky130_fd_sc_hd__o31a_4
Processing sky130_fd_sc_hd__o311a_1
Processing sky130_fd_sc_hd__o21a_4
Processing sky130_fd_sc_hd__o21ai_1
Processing sky130_fd_sc_hd__a21oi_1
Processing sky130_fd_sc_hd__clkinv_16
Processing sky130_fd_sc_hd__and2b_4
Processing sky130_fd_sc_hd__and3_1
Processing sky130_fd_sc_hd__and2_4
Processing sky130_fd_sc_hd__nor3b_4
Processing sky130_fd_sc_hd__and3b_4
Processing sky130_fd_sc_hd__inv_8
Processing sky130_fd_sc_hd__o31a_2
Processing sky130_fd_sc_hd__o211a_2
Processing sky130_fd_sc_hd__o21a_2
Processing sky130_fd_sc_hd__a41o_2
Processing sky130_fd_sc_hd__o311a_2
Processing sky130_fd_sc_hd__o32a_2
Processing sky130_fd_sc_hd__or3_2
Processing sky130_fd_sc_hd__o221a_2
Processing sky130_fd_sc_hd__a311o_2
Processing sky130_fd_sc_hd__dfxtp_2
Processing sky130_fd_sc_hd__a31o_4
Processing sky130_fd_sc_hd__inv_16
Processing sky130_fd_sc_hd__clkinv_8
Processing sky130_fd_sc_hd__a31o_2
Processing IG_infiniamp_via_Mnbuff
Processing IG_infiniamp_xl
Processing photodiode_test_structure
Processing S7_scs130hd_inv_4
Processing S7_scs130hd_inv_1
Processing S7_openDVS_pixel
Processing S7_contact$1
Processing S7_contact$25$1$1
Processing S7_openDVS_pixel2x2_bot
Processing S7_infiniamp_via_Mnbuff
Processing S7_infiniamp_xl
Processing S7_vias_gen$3
Processing S7_vias_gen
Processing pixel_test_structure
Processing sky130_fd_sc_hd__buf_4
Processing sky130_fd_sc_hd__dfstp_4
Processing sky130_fd_sc_hd__nand2_4
Processing sky130_fd_sc_hd__mux4_1
Processing sky130_fd_sc_hd__o21ba_1
Processing sky130_fd_sc_hd__o21ai_4
Processing sky130_fd_sc_hd__a32o_1
Processing sky130_fd_sc_hd__o21ai_2
Processing sky130_fd_sc_hd__or2_4
Processing sky130_fd_sc_hd__a21o_2
Processing sky130_fd_sc_hd__nor4_1
Processing sky130_fd_sc_hd__a22o_4
Processing sky130_fd_sc_hd__a2bb2o_1
Processing sky130_fd_sc_hd__a211o_4
Processing sky130_fd_sc_hd__a21bo_4
Processing sky130_fd_sc_hd__o21ba_2
Processing sky130_fd_sc_hd__and4_1
Processing sky130_fd_sc_hd__nor3_1
Processing sky130_fd_sc_hd__a21bo_1
Processing sky130_fd_sc_hd__and2_2
Processing sky130_fd_sc_hd__nor3_2
Processing sky130_fd_sc_hd__a21oi_2
Processing sky130_fd_sc_hd__xnor2_2
Processing sky130_fd_sc_hd__xor2_2
Processing sky130_fd_sc_hd__or3b_1
Processing sky130_fd_sc_hd__a221o_4
Processing sky130_fd_sc_hd__a2bb2o_4
Processing sky130_fd_sc_hd__nand2b_1
Processing sky130_fd_sc_hd__a2bb2o_2
Processing sky130_fd_sc_hd__nand3b_4
Processing sky130_fd_sc_hd__and2b_2
Processing sky130_fd_sc_hd__a32o_2
Processing sky130_fd_sc_hd__o22a_4
Processing sky130_fd_sc_hd__a22o_2
Processing sky130_fd_sc_hd__nor2_4
Processing sky130_fd_sc_hd__o2111a_1
Processing sky130_fd_sc_hd__a32o_4
Processing sky130_fd_sc_hd__nand2b_2
Processing sky130_fd_sc_hd__o2bb2a_1
Processing sky130_fd_sc_hd__mux2_2
Processing sky130_fd_sc_hd__mux2_8
Processing sky130_fd_sc_hd__a22oi_4
Processing sky130_fd_sc_hd__nor3_4
Processing sky130_fd_sc_hd__o31ai_1
Processing sky130_fd_sc_hd__o41a_1
Processing sky130_fd_sc_hd__mux2_4
Processing sky130_fd_sc_hd__a221o_2
Processing sky130_fd_sc_hd__nand3_2
Processing sky130_fd_sc_hd__nand2b_4
Processing sky130_fd_sc_hd__a2111o_1
Processing sky130_fd_sc_hd__a2111o_4
Processing sky130_fd_sc_hd__a211o_2
Processing sky130_fd_sc_hd__o211ai_1
Processing sky130_fd_sc_hd__a41o_1
Processing sky130_fd_sc_hd__nand3_1
Processing sky130_fd_sc_hd__a21oi_4
Processing sky130_fd_sc_hd__or3b_2
Processing sky130_fd_sc_hd__a21o_4
Processing sky130_fd_sc_hd__dfstp_1
Processing sky130_fd_sc_hd__a221oi_1
Processing sky130_fd_sc_hd__xor2_4
Processing sky130_fd_sc_hd__a311o_1
Processing sky130_fd_sc_hd__o211ai_2
Processing sky130_fd_sc_hd__a21boi_1
Processing sky130_fd_sc_hd__o221ai_2
Processing sky130_fd_sc_hd__o31ai_4
Processing sky130_fd_sc_hd__a31oi_2
Processing sky130_fd_sc_hd__a211oi_1
Processing sky130_fd_sc_hd__o21bai_1
Processing sky130_fd_sc_hd__a41oi_2
Processing sky130_fd_sc_hd__a21boi_2
Processing sky130_fd_sc_hd__xnor2_4
Processing sky130_fd_sc_hd__a31oi_1
Processing sky130_fd_sc_hd__nand4_2
Processing sky130_fd_sc_hd__and4bb_1
Processing sky130_fd_sc_hd__o211ai_4
Processing sky130_fd_sc_hd__nand3b_2
Processing sky130_fd_sc_hd__and3b_1
Processing sky130_fd_sc_hd__and4b_1
Processing sky130_fd_sc_hd__nand4_1
Processing sky130_fd_sc_hd__o211a_4
Processing sky130_fd_sc_hd__or4b_2
Processing sky130_fd_sc_hd__a21bo_2
Processing sky130_fd_sc_hd__o22ai_1
Processing sky130_fd_sc_hd__a22oi_1
Processing LJ_BiasBranch_0
Processing LJ_BiasCoarseSel8to1
Processing LJ_BiasDividerFineCell
Processing LJ_BiasDividerFine
Processing LJ_BiasCoarseFineInterface
Processing LJ_scs130hd_and2_1
Processing LJ_scs130hd_inv_1
Processing LJ_scs130hd_nor2_1
Processing LJ_BiasBuffers
Processing LJ_BiasBranch
Processing LJ_BiasBranchBuffer_0
Processing LJ_BiasBranchBuffer
Processing LJ_BiasDividerCell
Processing LJ_BiasDivider
Processing LJ_BiasMultiplierCell
Processing LJ_BiasMultiplier
Processing LJ_BiasCoarseMBDivider
Processing LJ_BiasMasterBias
Processing LJ_vias_gen$3
Processing LJ_vias_gen
Processing LJ_mim_cap$1
Processing LJ_mim_cap
Processing LJ_BiasMasterCoarse
Processing LJ_vias_gen$2
Processing LJ_vias_gen$11
Processing BiasBranchnMasterx11
Processing sky130_fd_sc_hd__and4b_4
Processing sky130_fd_sc_hd__o32a_4
Processing sky130_fd_sc_hd__o311a_4
Processing sky130_fd_sc_hd__a311o_4
Processing GS_M1M2_MAG_784910779144
Processing GS_M2M3_MAG_784910779142
Processing GS_M2M3_MAG_784910779140
Processing GS_vias_gen$10
Processing GS_vias_gen$16
Processing GS_vias_gen$18
Processing GS_vias_gen$19
Processing GS_pixel_layout_biasgen_connector_v2
Processing GS_pmos_MAG_784910779140
Processing GS_nmos_MAG_784910779141
Processing GS_sky130_fd_pr__nfet_01v8_V52S8A
Processing GS_sky130_fd_pr__pfet_01v8_D48SMA
Processing GS_sky130_fd_pr__pfet_01v8_U2XPXD
Processing GS_sky130_fd_pr__pfet_01v8_KDZMJM
Processing GS_sky130_fd_pr__nfet_01v8_9ZWGZ9
Processing GS_sky130_fd_pr__nfet_01v8_ML4XRG
Processing GS_sky130_fd_pr__nfet_01v8_9ZAZEB
Processing GS_dyn_comp_v1
Processing GS_M1M2_MAG_7849107791412
Processing GS_M3M4_MAG_7849107791418
Processing vias_gen$7
Processing GS_col_periphery
Processing GS_col_periphery_1x2
Processing vias_gen$3
Processing GS_openDVS_pixel
Processing GS_contact$1
Processing GS_contact$25$1$1
Processing vias_gen$4
Processing GS_openDVS_pixel2x2_bot
Processing vias_gen$9
Processing GS_pixel_layout_tile_bot
Processing GS_openDVS_pixel2x2_top
Processing vias_gen$8
Processing GS_pixel_layout_tile
Processing GS_pixel_layout_biasgen_connector_v3
Processing GS_vias_gen$14
Processing GS_vias_gen$2
Processing GS_vias_gen$12
Processing GS_pixel_4tile_left_vdd_gnd_connectors
Processing pixel_4tile
Processing user_project_wrapper
The following types are not handled by extraction and will be treated as non-electrical types:
    ubm 
Extraction style is now "ngspice()"
Extracting sky130_ef_sc_hd__decap_40_12 into sky130_ef_sc_hd__decap_40_12.ext:
Device scnmos does not have a compatible substrate node!
sky130_ef_sc_hd__decap_40_12: 1 warning
Extracting sky130_fd_sc_hd__decap_3 into sky130_fd_sc_hd__decap_3.ext:
Device scnmos does not have a compatible substrate node!
sky130_fd_sc_hd__decap_3: 1 warning
Extracting sky130_fd_sc_hd__buf_12 into sky130_fd_sc_hd__buf_12.ext:
Extracting sky130_fd_sc_hd__fill_1 into sky130_fd_sc_hd__fill_1.ext:
Extracting sky130_fd_sc_hd__decap_4 into sky130_fd_sc_hd__decap_4.ext:
Device scnmos does not have a compatible substrate node!
sky130_fd_sc_hd__decap_4: 1 warning
Extracting sky130_fd_sc_hd__diode_2 into sky130_fd_sc_hd__diode_2.ext:
sky130_fd_sc_hd__diode_2: 1 warning
Extracting sky130_fd_sc_hd__dlygate4sd3_1 into sky130_fd_sc_hd__dlygate4sd3_1.ext:
Extracting sky130_fd_sc_hd__tapvpwrvgnd_1 into sky130_fd_sc_hd__tapvpwrvgnd_1.ext:
Extracting sky130_fd_sc_hd__clkbuf_2 into sky130_fd_sc_hd__clkbuf_2.ext:
Extracting sky130_fd_sc_hd__decap_6 into sky130_fd_sc_hd__decap_6.ext:
Device scnmos does not have a compatible substrate node!
sky130_fd_sc_hd__decap_6: 1 warning
Extracting sky130_fd_sc_hd__fill_2 into sky130_fd_sc_hd__fill_2.ext:
Extracting sky130_fd_sc_hd__buf_1 into sky130_fd_sc_hd__buf_1.ext:
Extracting sky130_fd_sc_hd__buf_8 into sky130_fd_sc_hd__buf_8.ext:
Extracting sky130_fd_sc_hd__decap_8 into sky130_fd_sc_hd__decap_8.ext:
Device scnmos does not have a compatible substrate node!
sky130_fd_sc_hd__decap_8: 1 warning
Extracting sky130_fd_sc_hd__buf_6 into sky130_fd_sc_hd__buf_6.ext:
Extracting sky130_fd_sc_hd__inv_2 into sky130_fd_sc_hd__inv_2.ext:
Extracting sky130_fd_sc_hd__nand2_8 into sky130_fd_sc_hd__nand2_8.ext:
Extracting sky130_fd_sc_hd__or3b_4 into sky130_fd_sc_hd__or3b_4.ext:
Extracting sky130_fd_sc_hd__or3_4 into sky130_fd_sc_hd__or3_4.ext:
Extracting sky130_fd_sc_hd__conb_1 into sky130_fd_sc_hd__conb_1.ext:
Extracting sky130_fd_sc_hd__clkbuf_8 into sky130_fd_sc_hd__clkbuf_8.ext:
Extracting sky130_fd_sc_hd__clkbuf_1 into sky130_fd_sc_hd__clkbuf_1.ext:
Extracting sky130_fd_sc_hd__or4_4 into sky130_fd_sc_hd__or4_4.ext:
Extracting sky130_fd_sc_hd__or4_1 into sky130_fd_sc_hd__or4_1.ext:
Extracting sky130_fd_sc_hd__or4_2 into sky130_fd_sc_hd__or4_2.ext:
Extracting sky130_fd_sc_hd__or2_1 into sky130_fd_sc_hd__or2_1.ext:
Extracting sky130_fd_sc_hd__dfrtp_4 into sky130_fd_sc_hd__dfrtp_4.ext:
Extracting sky130_fd_sc_hd__o21a_1 into sky130_fd_sc_hd__o21a_1.ext:
Extracting sky130_fd_sc_hd__mux2_1 into sky130_fd_sc_hd__mux2_1.ext:
Extracting sky130_fd_sc_hd__or4bb_1 into sky130_fd_sc_hd__or4bb_1.ext:
Extracting sky130_fd_sc_hd__or4b_1 into sky130_fd_sc_hd__or4b_1.ext:
Extracting sky130_fd_sc_hd__clkbuf_4 into sky130_fd_sc_hd__clkbuf_4.ext:
Extracting sky130_fd_sc_hd__dfrtp_2 into sky130_fd_sc_hd__dfrtp_2.ext:
Extracting sky130_fd_sc_hd__dlymetal6s2s_1 into sky130_fd_sc_hd__dlymetal6s2s_1.ext:
Extracting sky130_fd_sc_hd__clkinvlp_4 into sky130_fd_sc_hd__clkinvlp_4.ext:
Extracting sky130_fd_sc_hd__buf_2 into sky130_fd_sc_hd__buf_2.ext:
Extracting sky130_fd_sc_hd__dfrtp_1 into sky130_fd_sc_hd__dfrtp_1.ext:
Extracting sky130_fd_sc_hd__dfxtp_1 into sky130_fd_sc_hd__dfxtp_1.ext:
Extracting sky130_fd_sc_hd__clkinv_4 into sky130_fd_sc_hd__clkinv_4.ext:
Extracting sky130_fd_sc_hd__a22o_1 into sky130_fd_sc_hd__a22o_1.ext:
Extracting sky130_fd_sc_hd__and2b_1 into sky130_fd_sc_hd__and2b_1.ext:
Extracting sky130_fd_sc_hd__clkinv_2 into sky130_fd_sc_hd__clkinv_2.ext:
Extracting sky130_fd_sc_hd__and2_1 into sky130_fd_sc_hd__and2_1.ext:
Extracting sky130_fd_sc_hd__nor2_8 into sky130_fd_sc_hd__nor2_8.ext:
Extracting sky130_fd_sc_hd__xor2_1 into sky130_fd_sc_hd__xor2_1.ext:
Extracting sky130_fd_sc_hd__nand2_2 into sky130_fd_sc_hd__nand2_2.ext:
Extracting sky130_fd_sc_hd__nand3_4 into sky130_fd_sc_hd__nand3_4.ext:
Extracting sky130_fd_sc_hd__and3_2 into sky130_fd_sc_hd__and3_2.ext:
Extracting sky130_fd_sc_hd__xnor2_1 into sky130_fd_sc_hd__xnor2_1.ext:
Extracting sky130_fd_sc_hd__or2_2 into sky130_fd_sc_hd__or2_2.ext:
Extracting sky130_fd_sc_hd__and3_4 into sky130_fd_sc_hd__and3_4.ext:
Extracting sky130_fd_sc_hd__nand2_1 into sky130_fd_sc_hd__nand2_1.ext:
Extracting sky130_fd_sc_hd__and4_4 into sky130_fd_sc_hd__and4_4.ext:
Extracting sky130_fd_sc_hd__nor2_2 into sky130_fd_sc_hd__nor2_2.ext:
Extracting sky130_fd_sc_hd__nor2_1 into sky130_fd_sc_hd__nor2_1.ext:
Extracting sky130_fd_sc_hd__a221o_1 into sky130_fd_sc_hd__a221o_1.ext:
Extracting sky130_fd_sc_hd__a211o_1 into sky130_fd_sc_hd__a211o_1.ext:
Extracting sky130_fd_sc_hd__inv_6 into sky130_fd_sc_hd__inv_6.ext:
Extracting sky130_fd_sc_hd__bufinv_16 into sky130_fd_sc_hd__bufinv_16.ext:
Extracting sky130_fd_sc_hd__o32a_1 into sky130_fd_sc_hd__o32a_1.ext:
Extracting sky130_fd_sc_hd__o22a_1 into sky130_fd_sc_hd__o22a_1.ext:
Extracting sky130_fd_sc_hd__o211a_1 into sky130_fd_sc_hd__o211a_1.ext:
Extracting sky130_fd_sc_hd__a21o_1 into sky130_fd_sc_hd__a21o_1.ext:
Extracting sky130_fd_sc_hd__o31a_1 into sky130_fd_sc_hd__o31a_1.ext:
Extracting sky130_fd_sc_hd__o22a_2 into sky130_fd_sc_hd__o22a_2.ext:
Extracting sky130_fd_sc_hd__inv_12 into sky130_fd_sc_hd__inv_12.ext:
Extracting sky130_fd_sc_hd__o221a_1 into sky130_fd_sc_hd__o221a_1.ext:
Extracting sky130_fd_sc_hd__or3_1 into sky130_fd_sc_hd__or3_1.ext:
Extracting sky130_fd_sc_hd__a31o_1 into sky130_fd_sc_hd__a31o_1.ext:
Extracting sky130_fd_sc_hd__inv_4 into sky130_fd_sc_hd__inv_4.ext:
Extracting sky130_fd_sc_hd__clkbuf_16 into sky130_fd_sc_hd__clkbuf_16.ext:
Extracting sky130_fd_sc_hd__clkinv_1 into sky130_fd_sc_hd__clkinv_1.ext:
Extracting sky130_fd_sc_hd__o31a_4 into sky130_fd_sc_hd__o31a_4.ext:
Extracting sky130_fd_sc_hd__o311a_1 into sky130_fd_sc_hd__o311a_1.ext:
Extracting sky130_fd_sc_hd__o21a_4 into sky130_fd_sc_hd__o21a_4.ext:
Extracting sky130_fd_sc_hd__o21ai_1 into sky130_fd_sc_hd__o21ai_1.ext:
Extracting sky130_fd_sc_hd__a21oi_1 into sky130_fd_sc_hd__a21oi_1.ext:
Extracting sky130_fd_sc_hd__clkinv_16 into sky130_fd_sc_hd__clkinv_16.ext:
Extracting sky130_fd_sc_hd__and2b_4 into sky130_fd_sc_hd__and2b_4.ext:
Extracting sky130_fd_sc_hd__and3_1 into sky130_fd_sc_hd__and3_1.ext:
Extracting sky130_fd_sc_hd__and2_4 into sky130_fd_sc_hd__and2_4.ext:
Extracting sky130_fd_sc_hd__nor3b_4 into sky130_fd_sc_hd__nor3b_4.ext:
Extracting sky130_fd_sc_hd__and3b_4 into sky130_fd_sc_hd__and3b_4.ext:
Extracting sky130_fd_sc_hd__inv_8 into sky130_fd_sc_hd__inv_8.ext:
Extracting sky130_fd_sc_hd__o31a_2 into sky130_fd_sc_hd__o31a_2.ext:
Extracting sky130_fd_sc_hd__o211a_2 into sky130_fd_sc_hd__o211a_2.ext:
Extracting sky130_fd_sc_hd__o21a_2 into sky130_fd_sc_hd__o21a_2.ext:
Extracting sky130_fd_sc_hd__a41o_2 into sky130_fd_sc_hd__a41o_2.ext:
Extracting sky130_fd_sc_hd__o311a_2 into sky130_fd_sc_hd__o311a_2.ext:
Extracting sky130_fd_sc_hd__o32a_2 into sky130_fd_sc_hd__o32a_2.ext:
Extracting sky130_fd_sc_hd__or3_2 into sky130_fd_sc_hd__or3_2.ext:
Extracting sky130_fd_sc_hd__o221a_2 into sky130_fd_sc_hd__o221a_2.ext:
Extracting sky130_fd_sc_hd__a311o_2 into sky130_fd_sc_hd__a311o_2.ext:
Extracting sky130_fd_sc_hd__dfxtp_2 into sky130_fd_sc_hd__dfxtp_2.ext:
Extracting sky130_fd_sc_hd__a31o_4 into sky130_fd_sc_hd__a31o_4.ext:
Extracting sky130_fd_sc_hd__inv_16 into sky130_fd_sc_hd__inv_16.ext:
Extracting sky130_fd_sc_hd__clkinv_8 into sky130_fd_sc_hd__clkinv_8.ext:
Extracting sky130_fd_sc_hd__a31o_2 into sky130_fd_sc_hd__a31o_2.ext:
Extracting IG_infiniamp_via_Mnbuff into IG_infiniamp_via_Mnbuff.ext:
Extracting IG_infiniamp_xl into IG_infiniamp_xl.ext:
IG_infiniamp_xl: 2 warnings
Extracting photodiode_test_structure into photodiode_test_structure.ext:
Extracting S7_scs130hd_inv_4 into S7_scs130hd_inv_4.ext:
Extracting S7_scs130hd_inv_1 into S7_scs130hd_inv_1.ext:
Extracting S7_openDVS_pixel into S7_openDVS_pixel.ext:
S7_openDVS_pixel: 1 warning
Extracting S7_contact$1 into S7_contact$1.ext:
Extracting S7_contact$25$1$1 into S7_contact$25$1$1.ext:
Extracting S7_openDVS_pixel2x2_bot into S7_openDVS_pixel2x2_bot.ext:
Extracting S7_infiniamp_via_Mnbuff into S7_infiniamp_via_Mnbuff.ext:
Extracting S7_infiniamp_xl into S7_infiniamp_xl.ext:
S7_infiniamp_xl: 2 warnings
Extracting S7_vias_gen$3 into S7_vias_gen$3.ext:
Extracting S7_vias_gen into S7_vias_gen.ext:
Extracting pixel_test_structure into pixel_test_structure.ext:
Extracting sky130_fd_sc_hd__buf_4 into sky130_fd_sc_hd__buf_4.ext:
Extracting sky130_fd_sc_hd__dfstp_4 into sky130_fd_sc_hd__dfstp_4.ext:
Extracting sky130_fd_sc_hd__nand2_4 into sky130_fd_sc_hd__nand2_4.ext:
Extracting sky130_fd_sc_hd__mux4_1 into sky130_fd_sc_hd__mux4_1.ext:
Extracting sky130_fd_sc_hd__o21ba_1 into sky130_fd_sc_hd__o21ba_1.ext:
Extracting sky130_fd_sc_hd__o21ai_4 into sky130_fd_sc_hd__o21ai_4.ext:
Extracting sky130_fd_sc_hd__a32o_1 into sky130_fd_sc_hd__a32o_1.ext:
Extracting sky130_fd_sc_hd__o21ai_2 into sky130_fd_sc_hd__o21ai_2.ext:
Extracting sky130_fd_sc_hd__or2_4 into sky130_fd_sc_hd__or2_4.ext:
Extracting sky130_fd_sc_hd__a21o_2 into sky130_fd_sc_hd__a21o_2.ext:
Extracting sky130_fd_sc_hd__nor4_1 into sky130_fd_sc_hd__nor4_1.ext:
Extracting sky130_fd_sc_hd__a22o_4 into sky130_fd_sc_hd__a22o_4.ext:
Extracting sky130_fd_sc_hd__a2bb2o_1 into sky130_fd_sc_hd__a2bb2o_1.ext:
Extracting sky130_fd_sc_hd__a211o_4 into sky130_fd_sc_hd__a211o_4.ext:
Extracting sky130_fd_sc_hd__a21bo_4 into sky130_fd_sc_hd__a21bo_4.ext:
Extracting sky130_fd_sc_hd__o21ba_2 into sky130_fd_sc_hd__o21ba_2.ext:
Extracting sky130_fd_sc_hd__and4_1 into sky130_fd_sc_hd__and4_1.ext:
Extracting sky130_fd_sc_hd__nor3_1 into sky130_fd_sc_hd__nor3_1.ext:
Extracting sky130_fd_sc_hd__a21bo_1 into sky130_fd_sc_hd__a21bo_1.ext:
Extracting sky130_fd_sc_hd__and2_2 into sky130_fd_sc_hd__and2_2.ext:
Extracting sky130_fd_sc_hd__nor3_2 into sky130_fd_sc_hd__nor3_2.ext:
Extracting sky130_fd_sc_hd__a21oi_2 into sky130_fd_sc_hd__a21oi_2.ext:
Extracting sky130_fd_sc_hd__xnor2_2 into sky130_fd_sc_hd__xnor2_2.ext:
Extracting sky130_fd_sc_hd__xor2_2 into sky130_fd_sc_hd__xor2_2.ext:
Extracting sky130_fd_sc_hd__or3b_1 into sky130_fd_sc_hd__or3b_1.ext:
Extracting sky130_fd_sc_hd__a221o_4 into sky130_fd_sc_hd__a221o_4.ext:
Extracting sky130_fd_sc_hd__a2bb2o_4 into sky130_fd_sc_hd__a2bb2o_4.ext:
Extracting sky130_fd_sc_hd__nand2b_1 into sky130_fd_sc_hd__nand2b_1.ext:
Extracting sky130_fd_sc_hd__a2bb2o_2 into sky130_fd_sc_hd__a2bb2o_2.ext:
Extracting sky130_fd_sc_hd__nand3b_4 into sky130_fd_sc_hd__nand3b_4.ext:
Extracting sky130_fd_sc_hd__and2b_2 into sky130_fd_sc_hd__and2b_2.ext:
Extracting sky130_fd_sc_hd__a32o_2 into sky130_fd_sc_hd__a32o_2.ext:
Extracting sky130_fd_sc_hd__o22a_4 into sky130_fd_sc_hd__o22a_4.ext:
Extracting sky130_fd_sc_hd__a22o_2 into sky130_fd_sc_hd__a22o_2.ext:
Extracting sky130_fd_sc_hd__nor2_4 into sky130_fd_sc_hd__nor2_4.ext:
Extracting sky130_fd_sc_hd__o2111a_1 into sky130_fd_sc_hd__o2111a_1.ext:
Extracting sky130_fd_sc_hd__a32o_4 into sky130_fd_sc_hd__a32o_4.ext:
Extracting sky130_fd_sc_hd__nand2b_2 into sky130_fd_sc_hd__nand2b_2.ext:
Extracting sky130_fd_sc_hd__o2bb2a_1 into sky130_fd_sc_hd__o2bb2a_1.ext:
Extracting sky130_fd_sc_hd__mux2_2 into sky130_fd_sc_hd__mux2_2.ext:
Extracting sky130_fd_sc_hd__mux2_8 into sky130_fd_sc_hd__mux2_8.ext:
Extracting sky130_fd_sc_hd__a22oi_4 into sky130_fd_sc_hd__a22oi_4.ext:
Extracting sky130_fd_sc_hd__nor3_4 into sky130_fd_sc_hd__nor3_4.ext:
Extracting sky130_fd_sc_hd__o31ai_1 into sky130_fd_sc_hd__o31ai_1.ext:
Extracting sky130_fd_sc_hd__o41a_1 into sky130_fd_sc_hd__o41a_1.ext:
Extracting sky130_fd_sc_hd__mux2_4 into sky130_fd_sc_hd__mux2_4.ext:
Extracting sky130_fd_sc_hd__a221o_2 into sky130_fd_sc_hd__a221o_2.ext:
Extracting sky130_fd_sc_hd__nand3_2 into sky130_fd_sc_hd__nand3_2.ext:
Extracting sky130_fd_sc_hd__nand2b_4 into sky130_fd_sc_hd__nand2b_4.ext:
Extracting sky130_fd_sc_hd__a2111o_1 into sky130_fd_sc_hd__a2111o_1.ext:
Extracting sky130_fd_sc_hd__a2111o_4 into sky130_fd_sc_hd__a2111o_4.ext:
Extracting sky130_fd_sc_hd__a211o_2 into sky130_fd_sc_hd__a211o_2.ext:
Extracting sky130_fd_sc_hd__o211ai_1 into sky130_fd_sc_hd__o211ai_1.ext:
Extracting sky130_fd_sc_hd__a41o_1 into sky130_fd_sc_hd__a41o_1.ext:
Extracting sky130_fd_sc_hd__nand3_1 into sky130_fd_sc_hd__nand3_1.ext:
Extracting sky130_fd_sc_hd__a21oi_4 into sky130_fd_sc_hd__a21oi_4.ext:
Extracting sky130_fd_sc_hd__or3b_2 into sky130_fd_sc_hd__or3b_2.ext:
Extracting sky130_fd_sc_hd__a21o_4 into sky130_fd_sc_hd__a21o_4.ext:
Extracting sky130_fd_sc_hd__dfstp_1 into sky130_fd_sc_hd__dfstp_1.ext:
Extracting sky130_fd_sc_hd__a221oi_1 into sky130_fd_sc_hd__a221oi_1.ext:
Extracting sky130_fd_sc_hd__xor2_4 into sky130_fd_sc_hd__xor2_4.ext:
Extracting sky130_fd_sc_hd__a311o_1 into sky130_fd_sc_hd__a311o_1.ext:
Extracting sky130_fd_sc_hd__o211ai_2 into sky130_fd_sc_hd__o211ai_2.ext:
Extracting sky130_fd_sc_hd__a21boi_1 into sky130_fd_sc_hd__a21boi_1.ext:
Extracting sky130_fd_sc_hd__o221ai_2 into sky130_fd_sc_hd__o221ai_2.ext:
Extracting sky130_fd_sc_hd__o31ai_4 into sky130_fd_sc_hd__o31ai_4.ext:
Extracting sky130_fd_sc_hd__a31oi_2 into sky130_fd_sc_hd__a31oi_2.ext:
Extracting sky130_fd_sc_hd__a211oi_1 into sky130_fd_sc_hd__a211oi_1.ext:
Extracting sky130_fd_sc_hd__o21bai_1 into sky130_fd_sc_hd__o21bai_1.ext:
Extracting sky130_fd_sc_hd__a41oi_2 into sky130_fd_sc_hd__a41oi_2.ext:
Extracting sky130_fd_sc_hd__a21boi_2 into sky130_fd_sc_hd__a21boi_2.ext:
Extracting sky130_fd_sc_hd__xnor2_4 into sky130_fd_sc_hd__xnor2_4.ext:
Extracting sky130_fd_sc_hd__a31oi_1 into sky130_fd_sc_hd__a31oi_1.ext:
Extracting sky130_fd_sc_hd__nand4_2 into sky130_fd_sc_hd__nand4_2.ext:
Extracting sky130_fd_sc_hd__and4bb_1 into sky130_fd_sc_hd__and4bb_1.ext:
Extracting sky130_fd_sc_hd__o211ai_4 into sky130_fd_sc_hd__o211ai_4.ext:
Extracting sky130_fd_sc_hd__nand3b_2 into sky130_fd_sc_hd__nand3b_2.ext:
Extracting sky130_fd_sc_hd__and3b_1 into sky130_fd_sc_hd__and3b_1.ext:
Extracting sky130_fd_sc_hd__and4b_1 into sky130_fd_sc_hd__and4b_1.ext:
Extracting sky130_fd_sc_hd__nand4_1 into sky130_fd_sc_hd__nand4_1.ext:
Extracting sky130_fd_sc_hd__o211a_4 into sky130_fd_sc_hd__o211a_4.ext:
Extracting sky130_fd_sc_hd__or4b_2 into sky130_fd_sc_hd__or4b_2.ext:
Extracting sky130_fd_sc_hd__a21bo_2 into sky130_fd_sc_hd__a21bo_2.ext:
Extracting sky130_fd_sc_hd__o22ai_1 into sky130_fd_sc_hd__o22ai_1.ext:
Extracting sky130_fd_sc_hd__a22oi_1 into sky130_fd_sc_hd__a22oi_1.ext:
Extracting LJ_BiasBranch_0 into LJ_BiasBranch_0.ext:
Extracting LJ_BiasCoarseSel8to1 into LJ_BiasCoarseSel8to1.ext:
Extracting LJ_BiasDividerFineCell into LJ_BiasDividerFineCell.ext:
Extracting LJ_BiasDividerFine into LJ_BiasDividerFine.ext:
Extracting LJ_BiasCoarseFineInterface into LJ_BiasCoarseFineInterface.ext:
Extracting LJ_scs130hd_and2_1 into LJ_scs130hd_and2_1.ext:
Extracting LJ_scs130hd_inv_1 into LJ_scs130hd_inv_1.ext:
Extracting LJ_scs130hd_nor2_1 into LJ_scs130hd_nor2_1.ext:
Extracting LJ_BiasBuffers into LJ_BiasBuffers.ext:
Extracting LJ_BiasBranch into LJ_BiasBranch.ext:
Extracting LJ_BiasBranchBuffer_0 into LJ_BiasBranchBuffer_0.ext:
Extracting LJ_BiasBranchBuffer into LJ_BiasBranchBuffer.ext:
Extracting LJ_BiasDividerCell into LJ_BiasDividerCell.ext:
Extracting LJ_BiasDivider into LJ_BiasDivider.ext:
LJ_BiasDivider: 2 warnings
Extracting LJ_BiasMultiplierCell into LJ_BiasMultiplierCell.ext:
Extracting LJ_BiasMultiplier into LJ_BiasMultiplier.ext:
Extracting LJ_BiasCoarseMBDivider into LJ_BiasCoarseMBDivider.ext:
Extracting LJ_BiasMasterBias into LJ_BiasMasterBias.ext:
LJ_BiasMasterBias: 2 warnings
Extracting LJ_vias_gen$3 into LJ_vias_gen$3.ext:
Extracting LJ_vias_gen into LJ_vias_gen.ext:
Extracting LJ_mim_cap$1 into LJ_mim_cap$1.ext:
Extracting LJ_mim_cap into LJ_mim_cap.ext:
Extracting LJ_BiasMasterCoarse into LJ_BiasMasterCoarse.ext:
Extracting LJ_vias_gen$2 into LJ_vias_gen$2.ext:
Extracting LJ_vias_gen$11 into LJ_vias_gen$11.ext:
Extracting BiasBranchnMasterx11 into BiasBranchnMasterx11.ext:
Extracting sky130_fd_sc_hd__and4b_4 into sky130_fd_sc_hd__and4b_4.ext:
Extracting sky130_fd_sc_hd__o32a_4 into sky130_fd_sc_hd__o32a_4.ext:
Extracting sky130_fd_sc_hd__o311a_4 into sky130_fd_sc_hd__o311a_4.ext:
Extracting sky130_fd_sc_hd__a311o_4 into sky130_fd_sc_hd__a311o_4.ext:
Extracting GS_M1M2_MAG_784910779144 into GS_M1M2_MAG_784910779144.ext:
Extracting GS_M2M3_MAG_784910779142 into GS_M2M3_MAG_784910779142.ext:
Extracting GS_M2M3_MAG_784910779140 into GS_M2M3_MAG_784910779140.ext:
Extracting GS_vias_gen$10 into GS_vias_gen$10.ext:
Extracting GS_vias_gen$16 into GS_vias_gen$16.ext:
Extracting GS_vias_gen$18 into GS_vias_gen$18.ext:
Extracting GS_vias_gen$19 into GS_vias_gen$19.ext:
Extracting GS_pixel_layout_biasgen_connector_v2 into GS_pixel_layout_biasgen_connector_v2.ext:
Extracting GS_pmos_MAG_784910779140 into GS_pmos_MAG_784910779140.ext:
Extracting GS_nmos_MAG_784910779141 into GS_nmos_MAG_784910779141.ext:
Extracting GS_sky130_fd_pr__nfet_01v8_V52S8A into GS_sky130_fd_pr__nfet_01v8_V52S8A.ext:
Extracting GS_sky130_fd_pr__pfet_01v8_D48SMA into GS_sky130_fd_pr__pfet_01v8_D48SMA.ext:
Extracting GS_sky130_fd_pr__pfet_01v8_U2XPXD into GS_sky130_fd_pr__pfet_01v8_U2XPXD.ext:
Extracting GS_sky130_fd_pr__pfet_01v8_KDZMJM into GS_sky130_fd_pr__pfet_01v8_KDZMJM.ext:
Extracting GS_sky130_fd_pr__nfet_01v8_9ZWGZ9 into GS_sky130_fd_pr__nfet_01v8_9ZWGZ9.ext:
Extracting GS_sky130_fd_pr__nfet_01v8_ML4XRG into GS_sky130_fd_pr__nfet_01v8_ML4XRG.ext:
Extracting GS_sky130_fd_pr__nfet_01v8_9ZAZEB into GS_sky130_fd_pr__nfet_01v8_9ZAZEB.ext:
Extracting GS_dyn_comp_v1 into GS_dyn_comp_v1.ext:
Extracting GS_M1M2_MAG_7849107791412 into GS_M1M2_MAG_7849107791412.ext:
Extracting GS_M3M4_MAG_7849107791418 into GS_M3M4_MAG_7849107791418.ext:
Extracting vias_gen$7 into vias_gen$7.ext:
Extracting GS_col_periphery into GS_col_periphery.ext:
Extracting GS_col_periphery_1x2 into GS_col_periphery_1x2.ext:
Extracting vias_gen$3 into vias_gen$3.ext:
Extracting GS_openDVS_pixel into GS_openDVS_pixel.ext:
GS_openDVS_pixel: 1 warning
Extracting GS_contact$1 into GS_contact$1.ext:
Extracting GS_contact$25$1$1 into GS_contact$25$1$1.ext:
Extracting vias_gen$4 into vias_gen$4.ext:
Extracting GS_openDVS_pixel2x2_bot into GS_openDVS_pixel2x2_bot.ext:
Extracting vias_gen$9 into vias_gen$9.ext:
Extracting GS_pixel_layout_tile_bot into GS_pixel_layout_tile_bot.ext:
Extracting GS_openDVS_pixel2x2_top into GS_openDVS_pixel2x2_top.ext:
Extracting vias_gen$8 into vias_gen$8.ext:
Extracting GS_pixel_layout_tile into GS_pixel_layout_tile.ext:
Extracting GS_pixel_layout_biasgen_connector_v3 into GS_pixel_layout_biasgen_connector_v3.ext:
Extracting GS_vias_gen$14 into GS_vias_gen$14.ext:
Extracting GS_vias_gen$2 into GS_vias_gen$2.ext:
Extracting GS_vias_gen$12 into GS_vias_gen$12.ext:
Extracting GS_pixel_4tile_left_vdd_gnd_connectors into GS_pixel_4tile_left_vdd_gnd_connectors.ext:
Extracting pixel_4tile into pixel_4tile.ext:
Extracting user_project_wrapper into user_project_wrapper.ext:
Total of 16 warnings.

TIME: extract: 00:03:29 

Devs merged: 0
Devs merged: 14
Devs merged: 14
Devs merged: 14
Devs merged: 14
Devs merged: 30
Devs merged: 30
Devs merged: 36
Devs merged: 36
Devs merged: 36
Devs merged: 38
Devs merged: 38
Devs merged: 38
Devs merged: 38
Devs merged: 38
Devs merged: 38
Devs merged: 38
Devs merged: 38
Devs merged: 38
Devs merged: 38
Devs merged: 38
Devs merged: 38
Devs merged: 38
Devs merged: 38
Devs merged: 38
Devs merged: 38
Devs merged: 52
Devs merged: 60
Devs merged: 63
Devs merged: 69
Devs merged: 72
Devs merged: 82
Devs merged: 88
Devs merged: 116
Devs merged: 134
Devs merged: 136
Devs merged: 136
Devs merged: 136
Devs merged: 136
Devs merged: 142
Devs merged: 142
Devs merged: 142
Devs merged: 142
Devs merged: 148
Devs merged: 148
Devs merged: 148
Devs merged: 166
Devs merged: 172
Devs merged: 182
Devs merged: 184
Devs merged: 196
Devs merged: 198
Devs merged: 198
Devs merged: 226
Devs merged: 226
Devs merged: 226
Devs merged: 228
Devs merged: 264
Devs merged: 266
Devs merged: 268
Devs merged: 284
Devs merged: 284
Devs merged: 294
Devs merged: 338
Devs merged: 338
Devs merged: 348
Devs merged: 348
Devs merged: 354
Devs merged: 368
Devs merged: 372
Devs merged: 386
Devs merged: 394
Devs merged: 400
Devs merged: 402
Devs merged: 402
Devs merged: 402
Devs merged: 420
Devs merged: 422
Devs merged: 428
Devs merged: 430
Devs merged: 440
Devs merged: 442
Devs merged: 442
Devs merged: 442
Devs merged: 448
Devs merged: 448
Devs merged: 450
Devs merged: 478
Devs merged: 482
Devs merged: 488
Devs merged: 490
Devs merged: 502
Devs merged: 502
Devs merged: 504
Devs merged: 510
Devs merged: 512
Devs merged: 530
Devs merged: 530
Devs merged: 540
Devs merged: 540
Devs merged: 542
Devs merged: 542
Devs merged: 544
Devs merged: 544
Devs merged: 566
Devs merged: 570
Devs merged: 600
Devs merged: 610
Devs merged: 610
Devs merged: 622
Devs merged: 638
Devs merged: 638
Devs merged: 644
Devs merged: 646
Devs merged: 648
Devs merged: 656
Devs merged: 674
Devs merged: 692
Devs merged: 710
Devs merged: 711
Devs merged: 721
Devs merged: 727
Devs merged: 738
Devs merged: 740
Devs merged: 742
Devs merged: 754
Devs merged: 754
Devs merged: 784
Devs merged: 784
Devs merged: 786
Devs merged: 794
Devs merged: 832
Devs merged: 834
Devs merged: 840
Devs merged: 842
Devs merged: 842
Devs merged: 842
Devs merged: 860
Devs merged: 862
Devs merged: 862
Devs merged: 868
Devs merged: 868
Devs merged: 870
Devs merged: 872
Devs merged: 872
Devs merged: 872
Devs merged: 880
Devs merged: 880
Devs merged: 910
Devs merged: 910
Devs merged: 916
Devs merged: 916
Devs merged: 916
Devs merged: 920
Devs merged: 930
Devs merged: 940
Devs merged: 956
Devs merged: 956
Devs merged: 956
Devs merged: 956
Devs merged: 956
Devs merged: 956
Devs merged: 956
Devs merged: 956
Devs merged: 956
Devs merged: 956
Devs merged: 956
Devs merged: 956
Devs merged: 956
Devs merged: 956
Devs merged: 956
Devs merged: 956
Devs merged: 956
Devs merged: 956
Devs merged: 956
Devs merged: 956
Devs merged: 958
Devs merged: 982
Devs merged: 1006
Devs merged: 1069
Devs merged: 1069
Devs merged: 1069
Devs merged: 1073
Devs merged: 1089
Devs merged: 1091
Devs merged: 1093
Devs merged: 1099
Devs merged: 1115
Devs merged: 1137
Devs merged: 1139
Devs merged: 1145
Devs merged: 1165
Devs merged: 1179
Devs merged: 1230
Devs merged: 1230
Devs merged: 1230
Devs merged: 1230
Devs merged: 1261
Devs merged: 1264
Devs merged: 1265
Devs merged: 1265
Devs merged: 1296
Devs merged: 1362
Devs merged: 1362
Devs merged: 1375
Devs merged: 1388
Devs merged: 1401
Devs merged: 1414
Devs merged: 1428
Devs merged: 1428
Devs merged: 1428
Devs merged: 1428
Devs merged: 1428
Devs merged: 1444
Devs merged: 1446
Devs merged: 1446
Devs merged: 1446
Devs merged: 1446
Devs merged: 1509
Devs merged: 1515
Devs merged: 1515
Devs merged: 1515
Devs merged: 1515
Devs merged: 1515
Devs merged: 1531
Devs merged: 1531
exttospice finished.

TIME: netlist: 00:00:36 

Using technology "sky130A", version 1.0.532-0-gb01f6d2
Creating layout hierarchy in /home/rpgraca/opendvs_final/project_audit_orig/precheck_results/baseline_lvs/tmp/ext/user_project_wrapper.hier...
 
Netgen 1.5.272 compiled on Tue Sep 15 18:16:22 UTC 2026
Warning: netgen command 'format' use fully-qualified name '::netgen::format'
Warning: netgen command 'global' use fully-qualified name '::netgen::global'
Reading layout /home/rpgraca/opendvs_final/project_audit_orig/precheck_results/baseline_lvs/tmp/ext/user_project_wrapper.gds.spice...
Call to undefined subcircuit sky130_fd_pr__diode_pw2nd_05v5
Creating placeholder cell definition.
Call to undefined subcircuit sky130_fd_pr__pfet_01v8_hvt
Creating placeholder cell definition.
Call to undefined subcircuit sky130_fd_pr__nfet_01v8
Creating placeholder cell definition.
Call to undefined subcircuit sky130_fd_pr__special_nfet_01v8
Creating placeholder cell definition.
Call to undefined subcircuit sky130_fd_pr__res_generic_po
Creating placeholder cell definition.
Call to undefined subcircuit sky130_fd_pr__pfet_01v8
Creating placeholder cell definition.
Call to undefined subcircuit sky130_fd_pr__cap_mim_m3_1
Creating placeholder cell definition.
Call to undefined subcircuit sky130_fd_pr__pfet_01v8_lvt
Creating placeholder cell definition.
Call to undefined subcircuit sky130_fd_pr__nfet_01v8_lvt
Creating placeholder cell definition.
Reading source /home/rpgraca/pdk/sky130A/libs.ref/sky130_fd_sc_hd/spice/sky130_ef_sc_hd__decap_12.spice...
Call to undefined subcircuit sky130_fd_pr__pfet_01v8_hvt
Creating placeholder cell definition.
Call to undefined subcircuit sky130_fd_pr__nfet_01v8
Creating placeholder cell definition.
Reading source /home/rpgraca/pdk/sky130A/libs.ref/sky130_fd_sc_hd/spice/sky130_ef_sc_hd__decap_20_12.spice...
Reading source /home/rpgraca/pdk/sky130A/libs.ref/sky130_fd_sc_hd/spice/sky130_ef_sc_hd__decap_40_12.spice...
Reading source /home/rpgraca/pdk/sky130A/libs.ref/sky130_fd_sc_hd/spice/sky130_ef_sc_hd__decap_60_12.spice...
Reading source /home/rpgraca/pdk/sky130A/libs.ref/sky130_fd_sc_hd/spice/sky130_ef_sc_hd__decap_80_12.spice...
Reading source /home/rpgraca/pdk/sky130A/libs.ref/sky130_fd_sc_hd/spice/sky130_fd_sc_hd.spice...
Call to undefined subcircuit sky130_fd_pr__res_generic_po
Creating placeholder cell definition.
Call to undefined subcircuit sky130_fd_pr__special_nfet_01v8
Creating placeholder cell definition.
Call to undefined subcircuit sky130_fd_pr__diode_pw2nd_05v5
Creating placeholder cell definition.
Call to undefined subcircuit sky130_fd_pr__special_pfet_01v8_hvt
Creating placeholder cell definition.
Call to undefined subcircuit sky130_fd_sc_hd__nand2_2
Creating placeholder cell definition.
Call to undefined subcircuit sky130_fd_sc_hd__nor2_2
Creating placeholder cell definition.
Reading source /home/rpgraca/opendvs_final/project_audit_orig/lvs/user_project_wrapper/pixel_4tile_layout_lvs2.spice...
Call to undefined subcircuit sky130_fd_pr__pfet_01v8
Creating placeholder cell definition.
Call to undefined subcircuit sky130_fd_pr__cap_mim_m3_1
Creating placeholder cell definition.
Reading source /home/rpgraca/opendvs_final/project_audit_orig/lvs/user_project_wrapper/BiasBranchnMasterx11_layout_lvs.spice...
Call to undefined subcircuit sky130_fd_pr__nfet_01v8_lvt
Creating placeholder cell definition.
Call to undefined subcircuit sky130_fd_pr__pfet_01v8_lvt
Creating placeholder cell definition.
Reading source /home/rpgraca/opendvs_final/project_audit_orig/lvs/user_project_wrapper/photodiode_test_structure_layout_lvs.spice...
Reading source /home/rpgraca/opendvs_final/project_audit_orig/lvs/user_project_wrapper/pixel_test_structure_layout_lvs.spice...
Duplicate cell LJ_scs130hd_inv_1 in file
Renaming original cell to LJ_scs130hd_inv_1[[0]]
Duplicate cell IG_infiniamp_xl in file
Renaming original cell to IG_infiniamp_xl[[0]]
Reading source /home/rpgraca/opendvs_final/project_audit_orig/verilog/gl/user_project_wrapper.v...
Warning:  A case-insensitive file has been read and so the	verilog file must be treated case-insensitive to match.
Note:  Implicit pin LO in instance user_project_wrapper_1022 of sky130_fd_sc_hd__conb_1 in cell user_project_wrapper
Note:  Implicit pin LO in instance user_project_wrapper_1023 of sky130_fd_sc_hd__conb_1 in cell user_project_wrapper
Note:  Implicit pin LO in instance user_project_wrapper_1024 of sky130_fd_sc_hd__conb_1 in cell user_project_wrapper
Note:  Implicit pin LO in instance user_project_wrapper_1025 of sky130_fd_sc_hd__conb_1 in cell user_project_wrapper
Note:  Implicit pin LO in instance user_project_wrapper_1026 of sky130_fd_sc_hd__conb_1 in cell user_project_wrapper
Note:  Implicit pin LO in instance user_project_wrapper_1027 of sky130_fd_sc_hd__conb_1 in cell user_project_wrapper
Note:  Implicit pin LO in instance user_project_wrapper_1028 of sky130_fd_sc_hd__conb_1 in cell user_project_wrapper
Note:  Implicit pin LO in instance user_project_wrapper_1029 of sky130_fd_sc_hd__conb_1 in cell user_project_wrapper
Note:  Implicit pin LO in instance user_project_wrapper_1030 of sky130_fd_sc_hd__conb_1 in cell user_project_wrapper
Note:  Implicit pin LO in instance user_project_wrapper_1031 of sky130_fd_sc_hd__conb_1 in cell user_project_wrapper
Note:  Implicit pin LO in instance user_project_wrapper_1032 of sky130_fd_sc_hd__conb_1 in cell user_project_wrapper
Note:  Implicit pin LO in instance user_project_wrapper_1033 of sky130_fd_sc_hd__conb_1 in cell user_project_wrapper
Note:  Implicit pin LO in instance user_project_wrapper_1034 of sky130_fd_sc_hd__conb_1 in cell user_project_wrapper
Note:  Implicit pin LO in instance user_project_wrapper_1035 of sky130_fd_sc_hd__conb_1 in cell user_project_wrapper
Note:  Implicit pin LO in instance user_project_wrapper_1036 of sky130_fd_sc_hd__conb_1 in cell user_project_wrapper
Note:  Implicit pin LO in instance user_project_wrapper_1037 of sky130_fd_sc_hd__conb_1 in cell user_project_wrapper
Note:  Implicit pin LO in instance user_project_wrapper_1038 of sky130_fd_sc_hd__conb_1 in cell user_project_wrapper
Note:  Implicit pin LO in instance user_project_wrapper_1039 of sky130_fd_sc_hd__conb_1 in cell user_project_wrapper
Note:  Implicit pin LO in instance user_project_wrapper_1040 of sky130_fd_sc_hd__conb_1 in cell user_project_wrapper
Note:  Implicit pin LO in instance user_project_wrapper_1041 of sky130_fd_sc_hd__conb_1 in cell user_project_wrapper
Note:  Implicit pin LO in instance user_project_wrapper_1042 of sky130_fd_sc_hd__conb_1 in cell user_project_wrapper
Note:  Implicit pin LO in instance user_project_wrapper_1043 of sky130_fd_sc_hd__conb_1 in cell user_project_wrapper
Note:  Implicit pin LO in instance user_project_wrapper_1044 of sky130_fd_sc_hd__conb_1 in cell user_project_wrapper
Note:  Implicit pin LO in instance user_project_wrapper_1045 of sky130_fd_sc_hd__conb_1 in cell user_project_wrapper
Note:  Implicit pin LO in instance user_project_wrapper_1046 of sky130_fd_sc_hd__conb_1 in cell user_project_wrapper
Note:  Implicit pin LO in instance user_project_wrapper_1047 of sky130_fd_sc_hd__conb_1 in cell user_project_wrapper
Note:  Implicit pin LO in instance user_project_wrapper_1048 of sky130_fd_sc_hd__conb_1 in cell user_project_wrapper
Note:  Implicit pin LO in instance user_project_wrapper_1049 of sky130_fd_sc_hd__conb_1 in cell user_project_wrapper
Note:  Implicit pin LO in instance user_project_wrapper_1050 of sky130_fd_sc_hd__conb_1 in cell user_project_wrapper
Note:  Implicit pin LO in instance user_project_wrapper_1051 of sky130_fd_sc_hd__conb_1 in cell user_project_wrapper
Note:  Implicit pin HI in instance \core_inst.i_pixel_test_struct_852  of sky130_fd_sc_hd__conb_1 in cell user_project_wrapper
Note:  Implicit pin HI in instance user_project_wrapper_853 of sky130_fd_sc_hd__conb_1 in cell user_project_wrapper
Note:  Implicit pin HI in instance user_project_wrapper_854 of sky130_fd_sc_hd__conb_1 in cell user_project_wrapper
Note:  Implicit pin HI in instance user_project_wrapper_855 of sky130_fd_sc_hd__conb_1 in cell user_project_wrapper
Note:  Implicit pin HI in instance user_project_wrapper_856 of sky130_fd_sc_hd__conb_1 in cell user_project_wrapper
Note:  Implicit pin HI in instance user_project_wrapper_857 of sky130_fd_sc_hd__conb_1 in cell user_project_wrapper
Note:  Implicit pin HI in instance user_project_wrapper_858 of sky130_fd_sc_hd__conb_1 in cell user_project_wrapper
Note:  Implicit pin HI in instance user_project_wrapper_859 of sky130_fd_sc_hd__conb_1 in cell user_project_wrapper
Note:  Implicit pin HI in instance user_project_wrapper_860 of sky130_fd_sc_hd__conb_1 in cell user_project_wrapper
Note:  Implicit pin HI in instance user_project_wrapper_861 of sky130_fd_sc_hd__conb_1 in cell user_project_wrapper
Note:  Implicit pin HI in instance user_project_wrapper_862 of sky130_fd_sc_hd__conb_1 in cell user_project_wrapper
Note:  Implicit pin HI in instance user_project_wrapper_863 of sky130_fd_sc_hd__conb_1 in cell user_project_wrapper
Note:  Implicit pin HI in instance user_project_wrapper_864 of sky130_fd_sc_hd__conb_1 in cell user_project_wrapper
Note:  Implicit pin HI in instance user_project_wrapper_865 of sky130_fd_sc_hd__conb_1 in cell user_project_wrapper
Note:  Implicit pin HI in instance user_project_wrapper_866 of sky130_fd_sc_hd__conb_1 in cell user_project_wrapper
Note:  Implicit pin HI in instance user_project_wrapper_867 of sky130_fd_sc_hd__conb_1 in cell user_project_wrapper
Note:  Implicit pin HI in instance user_project_wrapper_868 of sky130_fd_sc_hd__conb_1 in cell user_project_wrapper
Note:  Implicit pin HI in instance user_project_wrapper_869 of sky130_fd_sc_hd__conb_1 in cell user_project_wrapper
Note:  Implicit pin HI in instance user_project_wrapper_870 of sky130_fd_sc_hd__conb_1 in cell user_project_wrapper
Note:  Implicit pin HI in instance user_project_wrapper_871 of sky130_fd_sc_hd__conb_1 in cell user_project_wrapper
Note:  Implicit pin HI in instance user_project_wrapper_872 of sky130_fd_sc_hd__conb_1 in cell user_project_wrapper
Note:  Implicit pin HI in instance user_project_wrapper_873 of sky130_fd_sc_hd__conb_1 in cell user_project_wrapper
Note:  Implicit pin HI in instance user_project_wrapper_874 of sky130_fd_sc_hd__conb_1 in cell user_project_wrapper
Note:  Implicit pin HI in instance user_project_wrapper_875 of sky130_fd_sc_hd__conb_1 in cell user_project_wrapper
Note:  Implicit pin HI in instance user_project_wrapper_876 of sky130_fd_sc_hd__conb_1 in cell user_project_wrapper
Note:  Implicit pin HI in instance user_project_wrapper_877 of sky130_fd_sc_hd__conb_1 in cell user_project_wrapper
Note:  Implicit pin HI in instance user_project_wrapper_878 of sky130_fd_sc_hd__conb_1 in cell user_project_wrapper
Note:  Implicit pin HI in instance user_project_wrapper_879 of sky130_fd_sc_hd__conb_1 in cell user_project_wrapper
Note:  Implicit pin HI in instance user_project_wrapper_880 of sky130_fd_sc_hd__conb_1 in cell user_project_wrapper
Note:  Implicit pin HI in instance user_project_wrapper_881 of sky130_fd_sc_hd__conb_1 in cell user_project_wrapper
Note:  Implicit pin HI in instance user_project_wrapper_882 of sky130_fd_sc_hd__conb_1 in cell user_project_wrapper
Note:  Implicit pin HI in instance user_project_wrapper_883 of sky130_fd_sc_hd__conb_1 in cell user_project_wrapper
Note:  Implicit pin HI in instance user_project_wrapper_884 of sky130_fd_sc_hd__conb_1 in cell user_project_wrapper
Note:  Implicit pin HI in instance user_project_wrapper_885 of sky130_fd_sc_hd__conb_1 in cell user_project_wrapper
Note:  Implicit pin HI in instance user_project_wrapper_886 of sky130_fd_sc_hd__conb_1 in cell user_project_wrapper
Note:  Implicit pin HI in instance user_project_wrapper_887 of sky130_fd_sc_hd__conb_1 in cell user_project_wrapper
Note:  Implicit pin HI in instance user_project_wrapper_888 of sky130_fd_sc_hd__conb_1 in cell user_project_wrapper
Note:  Implicit pin HI in instance user_project_wrapper_889 of sky130_fd_sc_hd__conb_1 in cell user_project_wrapper
Note:  Implicit pin HI in instance user_project_wrapper_890 of sky130_fd_sc_hd__conb_1 in cell user_project_wrapper
Note:  Implicit pin HI in instance user_project_wrapper_891 of sky130_fd_sc_hd__conb_1 in cell user_project_wrapper
Note:  Implicit pin HI in instance user_project_wrapper_892 of sky130_fd_sc_hd__conb_1 in cell user_project_wrapper
Note:  Implicit pin HI in instance user_project_wrapper_893 of sky130_fd_sc_hd__conb_1 in cell user_project_wrapper
Note:  Implicit pin HI in instance user_project_wrapper_894 of sky130_fd_sc_hd__conb_1 in cell user_project_wrapper
Note:  Implicit pin HI in instance user_project_wrapper_895 of sky130_fd_sc_hd__conb_1 in cell user_project_wrapper
Note:  Implicit pin HI in instance user_project_wrapper_896 of sky130_fd_sc_hd__conb_1 in cell user_project_wrapper
Note:  Implicit pin HI in instance user_project_wrapper_897 of sky130_fd_sc_hd__conb_1 in cell user_project_wrapper
Note:  Implicit pin HI in instance user_project_wrapper_898 of sky130_fd_sc_hd__conb_1 in cell user_project_wrapper
Note:  Implicit pin HI in instance user_project_wrapper_899 of sky130_fd_sc_hd__conb_1 in cell user_project_wrapper
Note:  Implicit pin HI in instance user_project_wrapper_900 of sky130_fd_sc_hd__conb_1 in cell user_project_wrapper
Note:  Implicit pin HI in instance user_project_wrapper_901 of sky130_fd_sc_hd__conb_1 in cell user_project_wrapper
Note:  Implicit pin HI in instance user_project_wrapper_902 of sky130_fd_sc_hd__conb_1 in cell user_project_wrapper
Note:  Implicit pin HI in instance user_project_wrapper_903 of sky130_fd_sc_hd__conb_1 in cell user_project_wrapper
Note:  Implicit pin HI in instance user_project_wrapper_904 of sky130_fd_sc_hd__conb_1 in cell user_project_wrapper
Note:  Implicit pin HI in instance user_project_wrapper_905 of sky130_fd_sc_hd__conb_1 in cell user_project_wrapper
Note:  Implicit pin HI in instance user_project_wrapper_906 of sky130_fd_sc_hd__conb_1 in cell user_project_wrapper
Note:  Implicit pin HI in instance user_project_wrapper_907 of sky130_fd_sc_hd__conb_1 in cell user_project_wrapper
Note:  Implicit pin HI in instance user_project_wrapper_908 of sky130_fd_sc_hd__conb_1 in cell user_project_wrapper
Note:  Implicit pin HI in instance user_project_wrapper_909 of sky130_fd_sc_hd__conb_1 in cell user_project_wrapper
Note:  Implicit pin HI in instance user_project_wrapper_910 of sky130_fd_sc_hd__conb_1 in cell user_project_wrapper
Note:  Implicit pin HI in instance user_project_wrapper_911 of sky130_fd_sc_hd__conb_1 in cell user_project_wrapper
Note:  Implicit pin HI in instance user_project_wrapper_912 of sky130_fd_sc_hd__conb_1 in cell user_project_wrapper
Note:  Implicit pin HI in instance user_project_wrapper_913 of sky130_fd_sc_hd__conb_1 in cell user_project_wrapper
Note:  Implicit pin HI in instance user_project_wrapper_914 of sky130_fd_sc_hd__conb_1 in cell user_project_wrapper
Note:  Implicit pin HI in instance user_project_wrapper_915 of sky130_fd_sc_hd__conb_1 in cell user_project_wrapper
Note:  Implicit pin HI in instance user_project_wrapper_916 of sky130_fd_sc_hd__conb_1 in cell user_project_wrapper
Note:  Implicit pin HI in instance user_project_wrapper_917 of sky130_fd_sc_hd__conb_1 in cell user_project_wrapper
Note:  Implicit pin HI in instance user_project_wrapper_918 of sky130_fd_sc_hd__conb_1 in cell user_project_wrapper
Note:  Implicit pin HI in instance user_project_wrapper_919 of sky130_fd_sc_hd__conb_1 in cell user_project_wrapper
Note:  Implicit pin HI in instance user_project_wrapper_920 of sky130_fd_sc_hd__conb_1 in cell user_project_wrapper
Note:  Implicit pin HI in instance user_project_wrapper_921 of sky130_fd_sc_hd__conb_1 in cell user_project_wrapper
Note:  Implicit pin HI in instance user_project_wrapper_922 of sky130_fd_sc_hd__conb_1 in cell user_project_wrapper
Note:  Implicit pin HI in instance user_project_wrapper_923 of sky130_fd_sc_hd__conb_1 in cell user_project_wrapper
Note:  Implicit pin HI in instance user_project_wrapper_924 of sky130_fd_sc_hd__conb_1 in cell user_project_wrapper
Note:  Implicit pin HI in instance user_project_wrapper_925 of sky130_fd_sc_hd__conb_1 in cell user_project_wrapper
Note:  Implicit pin HI in instance user_project_wrapper_926 of sky130_fd_sc_hd__conb_1 in cell user_project_wrapper
Note:  Implicit pin HI in instance user_project_wrapper_927 of sky130_fd_sc_hd__conb_1 in cell user_project_wrapper
Note:  Implicit pin HI in instance user_project_wrapper_928 of sky130_fd_sc_hd__conb_1 in cell user_project_wrapper
Note:  Implicit pin HI in instance user_project_wrapper_929 of sky130_fd_sc_hd__conb_1 in cell user_project_wrapper
Note:  Implicit pin HI in instance user_project_wrapper_930 of sky130_fd_sc_hd__conb_1 in cell user_project_wrapper
Note:  Implicit pin HI in instance user_project_wrapper_931 of sky130_fd_sc_hd__conb_1 in cell user_project_wrapper
Note:  Implicit pin HI in instance user_project_wrapper_932 of sky130_fd_sc_hd__conb_1 in cell user_project_wrapper
Note:  Implicit pin HI in instance user_project_wrapper_933 of sky130_fd_sc_hd__conb_1 in cell user_project_wrapper
Note:  Implicit pin HI in instance user_project_wrapper_934 of sky130_fd_sc_hd__conb_1 in cell user_project_wrapper
Note:  Implicit pin HI in instance user_project_wrapper_935 of sky130_fd_sc_hd__conb_1 in cell user_project_wrapper
Note:  Implicit pin HI in instance user_project_wrapper_936 of sky130_fd_sc_hd__conb_1 in cell user_project_wrapper
Note:  Implicit pin HI in instance user_project_wrapper_937 of sky130_fd_sc_hd__conb_1 in cell user_project_wrapper
Note:  Implicit pin HI in instance user_project_wrapper_938 of sky130_fd_sc_hd__conb_1 in cell user_project_wrapper
Note:  Implicit pin HI in instance user_project_wrapper_939 of sky130_fd_sc_hd__conb_1 in cell user_project_wrapper
Note:  Implicit pin HI in instance user_project_wrapper_940 of sky130_fd_sc_hd__conb_1 in cell user_project_wrapper
Note:  Implicit pin HI in instance user_project_wrapper_941 of sky130_fd_sc_hd__conb_1 in cell user_project_wrapper
Note:  Implicit pin HI in instance user_project_wrapper_942 of sky130_fd_sc_hd__conb_1 in cell user_project_wrapper
Note:  Implicit pin HI in instance user_project_wrapper_943 of sky130_fd_sc_hd__conb_1 in cell user_project_wrapper
Note:  Implicit pin HI in instance user_project_wrapper_944 of sky130_fd_sc_hd__conb_1 in cell user_project_wrapper
Note:  Implicit pin HI in instance user_project_wrapper_945 of sky130_fd_sc_hd__conb_1 in cell user_project_wrapper
Note:  Implicit pin HI in instance user_project_wrapper_946 of sky130_fd_sc_hd__conb_1 in cell user_project_wrapper
Note:  Implicit pin HI in instance user_project_wrapper_947 of sky130_fd_sc_hd__conb_1 in cell user_project_wrapper
Note:  Implicit pin HI in instance user_project_wrapper_948 of sky130_fd_sc_hd__conb_1 in cell user_project_wrapper
Note:  Implicit pin HI in instance user_project_wrapper_949 of sky130_fd_sc_hd__conb_1 in cell user_project_wrapper
Note:  Implicit pin HI in instance user_project_wrapper_950 of sky130_fd_sc_hd__conb_1 in cell user_project_wrapper
Note:  Implicit pin HI in instance user_project_wrapper_951 of sky130_fd_sc_hd__conb_1 in cell user_project_wrapper
Note:  Implicit pin HI in instance user_project_wrapper_952 of sky130_fd_sc_hd__conb_1 in cell user_project_wrapper
Note:  Implicit pin HI in instance user_project_wrapper_953 of sky130_fd_sc_hd__conb_1 in cell user_project_wrapper
Note:  Implicit pin HI in instance user_project_wrapper_954 of sky130_fd_sc_hd__conb_1 in cell user_project_wrapper
Note:  Implicit pin HI in instance user_project_wrapper_955 of sky130_fd_sc_hd__conb_1 in cell user_project_wrapper
Note:  Implicit pin HI in instance user_project_wrapper_956 of sky130_fd_sc_hd__conb_1 in cell user_project_wrapper
Note:  Implicit pin HI in instance user_project_wrapper_957 of sky130_fd_sc_hd__conb_1 in cell user_project_wrapper
Note:  Implicit pin HI in instance user_project_wrapper_958 of sky130_fd_sc_hd__conb_1 in cell user_project_wrapper
Note:  Implicit pin HI in instance user_project_wrapper_959 of sky130_fd_sc_hd__conb_1 in cell user_project_wrapper
Note:  Implicit pin HI in instance user_project_wrapper_960 of sky130_fd_sc_hd__conb_1 in cell user_project_wrapper
Note:  Implicit pin HI in instance user_project_wrapper_961 of sky130_fd_sc_hd__conb_1 in cell user_project_wrapper
Note:  Implicit pin HI in instance user_project_wrapper_962 of sky130_fd_sc_hd__conb_1 in cell user_project_wrapper
Note:  Implicit pin HI in instance user_project_wrapper_963 of sky130_fd_sc_hd__conb_1 in cell user_project_wrapper
Note:  Implicit pin HI in instance user_project_wrapper_964 of sky130_fd_sc_hd__conb_1 in cell user_project_wrapper
Note:  Implicit pin HI in instance user_project_wrapper_965 of sky130_fd_sc_hd__conb_1 in cell user_project_wrapper
Note:  Implicit pin HI in instance user_project_wrapper_966 of sky130_fd_sc_hd__conb_1 in cell user_project_wrapper
Note:  Implicit pin HI in instance user_project_wrapper_967 of sky130_fd_sc_hd__conb_1 in cell user_project_wrapper
Note:  Implicit pin HI in instance user_project_wrapper_968 of sky130_fd_sc_hd__conb_1 in cell user_project_wrapper
Note:  Implicit pin HI in instance user_project_wrapper_969 of sky130_fd_sc_hd__conb_1 in cell user_project_wrapper
Note:  Implicit pin HI in instance user_project_wrapper_970 of sky130_fd_sc_hd__conb_1 in cell user_project_wrapper
Note:  Implicit pin HI in instance user_project_wrapper_971 of sky130_fd_sc_hd__conb_1 in cell user_project_wrapper
Note:  Implicit pin HI in instance user_project_wrapper_972 of sky130_fd_sc_hd__conb_1 in cell user_project_wrapper
Note:  Implicit pin HI in instance user_project_wrapper_973 of sky130_fd_sc_hd__conb_1 in cell user_project_wrapper
Note:  Implicit pin HI in instance user_project_wrapper_974 of sky130_fd_sc_hd__conb_1 in cell user_project_wrapper
Note:  Implicit pin HI in instance user_project_wrapper_975 of sky130_fd_sc_hd__conb_1 in cell user_project_wrapper
Note:  Implicit pin HI in instance user_project_wrapper_976 of sky130_fd_sc_hd__conb_1 in cell user_project_wrapper
Note:  Implicit pin HI in instance user_project_wrapper_977 of sky130_fd_sc_hd__conb_1 in cell user_project_wrapper
Note:  Implicit pin HI in instance user_project_wrapper_978 of sky130_fd_sc_hd__conb_1 in cell user_project_wrapper
Note:  Implicit pin HI in instance user_project_wrapper_979 of sky130_fd_sc_hd__conb_1 in cell user_project_wrapper
Note:  Implicit pin HI in instance user_project_wrapper_980 of sky130_fd_sc_hd__conb_1 in cell user_project_wrapper
Note:  Implicit pin HI in instance user_project_wrapper_981 of sky130_fd_sc_hd__conb_1 in cell user_project_wrapper
Note:  Implicit pin HI in instance user_project_wrapper_982 of sky130_fd_sc_hd__conb_1 in cell user_project_wrapper
Note:  Implicit pin HI in instance user_project_wrapper_983 of sky130_fd_sc_hd__conb_1 in cell user_project_wrapper
Note:  Implicit pin HI in instance user_project_wrapper_984 of sky130_fd_sc_hd__conb_1 in cell user_project_wrapper
Note:  Implicit pin HI in instance user_project_wrapper_985 of sky130_fd_sc_hd__conb_1 in cell user_project_wrapper
Note:  Implicit pin HI in instance user_project_wrapper_986 of sky130_fd_sc_hd__conb_1 in cell user_project_wrapper
Note:  Implicit pin HI in instance user_project_wrapper_987 of sky130_fd_sc_hd__conb_1 in cell user_project_wrapper
Note:  Implicit pin HI in instance user_project_wrapper_988 of sky130_fd_sc_hd__conb_1 in cell user_project_wrapper
Note:  Implicit pin HI in instance user_project_wrapper_989 of sky130_fd_sc_hd__conb_1 in cell user_project_wrapper
Note:  Implicit pin HI in instance user_project_wrapper_990 of sky130_fd_sc_hd__conb_1 in cell user_project_wrapper
Note:  Implicit pin HI in instance user_project_wrapper_991 of sky130_fd_sc_hd__conb_1 in cell user_project_wrapper
Note:  Implicit pin HI in instance user_project_wrapper_992 of sky130_fd_sc_hd__conb_1 in cell user_project_wrapper
Note:  Implicit pin HI in instance user_project_wrapper_993 of sky130_fd_sc_hd__conb_1 in cell user_project_wrapper
Note:  Implicit pin HI in instance user_project_wrapper_994 of sky130_fd_sc_hd__conb_1 in cell user_project_wrapper
Note:  Implicit pin HI in instance user_project_wrapper_995 of sky130_fd_sc_hd__conb_1 in cell user_project_wrapper
Note:  Implicit pin HI in instance user_project_wrapper_996 of sky130_fd_sc_hd__conb_1 in cell user_project_wrapper
Note:  Implicit pin HI in instance user_project_wrapper_997 of sky130_fd_sc_hd__conb_1 in cell user_project_wrapper
Note:  Implicit pin HI in instance user_project_wrapper_998 of sky130_fd_sc_hd__conb_1 in cell user_project_wrapper
Note:  Implicit pin HI in instance user_project_wrapper_999 of sky130_fd_sc_hd__conb_1 in cell user_project_wrapper
Note:  Implicit pin HI in instance user_project_wrapper_1000 of sky130_fd_sc_hd__conb_1 in cell user_project_wrapper
Note:  Implicit pin HI in instance user_project_wrapper_1001 of sky130_fd_sc_hd__conb_1 in cell user_project_wrapper
Note:  Implicit pin HI in instance user_project_wrapper_1002 of sky130_fd_sc_hd__conb_1 in cell user_project_wrapper
Note:  Implicit pin HI in instance user_project_wrapper_1003 of sky130_fd_sc_hd__conb_1 in cell user_project_wrapper
Note:  Implicit pin HI in instance user_project_wrapper_1004 of sky130_fd_sc_hd__conb_1 in cell user_project_wrapper
Note:  Implicit pin HI in instance user_project_wrapper_1005 of sky130_fd_sc_hd__conb_1 in cell user_project_wrapper
Note:  Implicit pin HI in instance user_project_wrapper_1006 of sky130_fd_sc_hd__conb_1 in cell user_project_wrapper
Note:  Implicit pin HI in instance user_project_wrapper_1007 of sky130_fd_sc_hd__conb_1 in cell user_project_wrapper
Note:  Implicit pin HI in instance user_project_wrapper_1008 of sky130_fd_sc_hd__conb_1 in cell user_project_wrapper
Note:  Implicit pin HI in instance user_project_wrapper_1009 of sky130_fd_sc_hd__conb_1 in cell user_project_wrapper
Note:  Implicit pin HI in instance user_project_wrapper_1010 of sky130_fd_sc_hd__conb_1 in cell user_project_wrapper
Note:  Implicit pin HI in instance user_project_wrapper_1011 of sky130_fd_sc_hd__conb_1 in cell user_project_wrapper
Note:  Implicit pin HI in instance user_project_wrapper_1012 of sky130_fd_sc_hd__conb_1 in cell user_project_wrapper
Note:  Implicit pin HI in instance user_project_wrapper_1013 of sky130_fd_sc_hd__conb_1 in cell user_project_wrapper
Note:  Implicit pin HI in instance user_project_wrapper_1014 of sky130_fd_sc_hd__conb_1 in cell user_project_wrapper
Note:  Implicit pin HI in instance user_project_wrapper_1015 of sky130_fd_sc_hd__conb_1 in cell user_project_wrapper
Note:  Implicit pin HI in instance user_project_wrapper_1016 of sky130_fd_sc_hd__conb_1 in cell user_project_wrapper
Note:  Implicit pin HI in instance user_project_wrapper_1017 of sky130_fd_sc_hd__conb_1 in cell user_project_wrapper
Note:  Implicit pin HI in instance user_project_wrapper_1018 of sky130_fd_sc_hd__conb_1 in cell user_project_wrapper
Note:  Implicit pin HI in instance user_project_wrapper_1019 of sky130_fd_sc_hd__conb_1 in cell user_project_wrapper
Note:  Implicit pin HI in instance user_project_wrapper_1020 of sky130_fd_sc_hd__conb_1 in cell user_project_wrapper
Note:  Implicit pin LO in instance user_project_wrapper_1021 of sky130_fd_sc_hd__conb_1 in cell user_project_wrapper
Warning:  Net {\core_inst.array_col_bot_left[63] ,\core_inst.array_col_bot_left[62] ,\core_inst.array_col_bot_left[61] ,\core_inst.array_col_bot_left[60] ,\core_inst.array_col_bot_left[59] ,\core_inst.array_col_bot_left[58] ,\core_inst.array_col_bot_left[57] ,\core_inst.array_col_bot_left[56] ,\core_inst.array_col_bot_left[55] ,\core_inst.array_col_bot_left[54] ,\core_inst.array_col_bot_left[53] ,\core_inst.array_col_bot_left[52] ,\core_inst.array_col_bot_left[51] ,\core_inst.array_col_bot_left[50] ,\core_inst.array_col_bot_left[49] ,\core_inst.array_col_bot_left[48] ,\core_inst.array_col_bot_left[47] ,\core_inst.array_col_bot_left[46] ,\core_inst.array_col_bot_left[45] ,\core_inst.array_col_bot_left[44] ,\core_inst.array_col_bot_left[43] ,\core_inst.array_col_bot_left[42] ,\core_inst.array_col_bot_left[41] ,\core_inst.array_col_bot_left[40] ,\core_inst.array_col_bot_left[39] ,\core_inst.array_col_bot_left[38] ,\core_inst.array_col_bot_left[37] ,\core_inst.array_col_bot_left[36] ,\core_inst.array_col_bot_left[35] ,\core_inst.array_col_bot_left[34] ,\core_inst.array_col_bot_left[33] ,\core_inst.array_col_bot_left[32] ,\core_inst.array_col_bot_left[31] ,\core_inst.array_col_bot_left[30] ,\core_inst.array_col_bot_left[29] ,\core_inst.array_col_bot_left[28] ,\core_inst.array_col_bot_left[27] ,\core_inst.array_col_bot_left[26] ,\core_inst.array_col_bot_left[25] ,\core_inst.array_col_bot_left[24] ,\core_inst.array_col_bot_left[23] ,\core_inst.array_col_bot_left[22] ,\core_inst.array_col_bot_left[21] ,\core_inst.array_col_bot_left[20] ,\core_inst.array_col_bot_left[19] ,\core_inst.array_col_bot_left[18] ,\core_inst.array_col_bot_left[17] ,\core_inst.array_col_bot_left[16] ,\core_inst.array_col_bot_left[15] ,\core_inst.array_col_bot_left[14] ,\core_inst.array_col_bot_left[13] ,\core_inst.array_col_bot_left[12] ,\core_inst.array_col_bot_left[11] ,\core_inst.array_col_bot_left[10] ,\core_inst.array_col_bot_left[9] ,\core_inst.array_col_bot_left[8] ,\core_inst.array_col_bot_left[7] ,\core_inst.array_col_bot_left[6] ,\core_inst.array_col_bot_left[5] ,\core_inst.array_col_bot_left[4] ,\core_inst.array_col_bot_left[3] ,\core_inst.array_col_bot_left[2] ,\core_inst.array_col_bot_left[1] ,\core_inst.array_col_bot_left[0] } bus width (64) does not match port array_col_bot_left bus width (38) or array width (1).
Warning:  Net {\core_inst.array_col_bot_right[63] ,\core_inst.array_col_bot_right[62] ,\core_inst.array_col_bot_right[61] ,\core_inst.array_col_bot_right[60] ,\core_inst.array_col_bot_right[59] ,\core_inst.array_col_bot_right[58] ,\core_inst.array_col_bot_right[57] ,\core_inst.array_col_bot_right[56] ,\core_inst.array_col_bot_right[55] ,\core_inst.array_col_bot_right[54] ,\core_inst.array_col_bot_right[53] ,\core_inst.array_col_bot_right[52] ,\core_inst.array_col_bot_right[51] ,\core_inst.array_col_bot_right[50] ,\core_inst.array_col_bot_right[49] ,\core_inst.array_col_bot_right[48] ,\core_inst.array_col_bot_right[47] ,\core_inst.array_col_bot_right[46] ,\core_inst.array_col_bot_right[45] ,\core_inst.array_col_bot_right[44] ,\core_inst.array_col_bot_right[43] ,\core_inst.array_col_bot_right[42] ,\core_inst.array_col_bot_right[41] ,\core_inst.array_col_bot_right[40] ,\core_inst.array_col_bot_right[39] ,\core_inst.array_col_bot_right[38] ,\core_inst.array_col_bot_right[37] ,\core_inst.array_col_bot_right[36] ,\core_inst.array_col_bot_right[35] ,\core_inst.array_col_bot_right[34] ,\core_inst.array_col_bot_right[33] ,\core_inst.array_col_bot_right[32] ,\core_inst.array_col_bot_right[31] ,\core_inst.array_col_bot_right[30] ,\core_inst.array_col_bot_right[29] ,\core_inst.array_col_bot_right[28] ,\core_inst.array_col_bot_right[27] ,\core_inst.array_col_bot_right[26] ,\core_inst.array_col_bot_right[25] ,\core_inst.array_col_bot_right[24] ,\core_inst.array_col_bot_right[23] ,\core_inst.array_col_bot_right[22] ,\core_inst.array_col_bot_right[21] ,\core_inst.array_col_bot_right[20] ,\core_inst.array_col_bot_right[19] ,\core_inst.array_col_bot_right[18] ,\core_inst.array_col_bot_right[17] ,\core_inst.array_col_bot_right[16] ,\core_inst.array_col_bot_right[15] ,\core_inst.array_col_bot_right[14] ,\core_inst.array_col_bot_right[13] ,\core_inst.array_col_bot_right[12] ,\core_inst.array_col_bot_right[11] ,\core_inst.array_col_bot_right[10] ,\core_inst.array_col_bot_right[9] ,\core_inst.array_col_bot_right[8] ,\core_inst.array_col_bot_right[7] ,\core_inst.array_col_bot_right[6] ,\core_inst.array_col_bot_right[5] ,\core_inst.array_col_bot_right[4] ,\core_inst.array_col_bot_right[3] ,\core_inst.array_col_bot_right[2] ,\core_inst.array_col_bot_right[1] ,\core_inst.array_col_bot_right[0] } bus width (64) does not match port array_col_bot_right bus width (44) or array width (1).
Warning:  Net {\core_inst.array_col_top_left[63] ,\core_inst.array_col_top_left[62] ,\core_inst.array_col_top_left[61] ,\core_inst.array_col_top_left[60] ,\core_inst.array_col_top_left[59] ,\core_inst.array_col_top_left[58] ,\core_inst.array_col_top_left[57] ,\core_inst.array_col_top_left[56] ,\core_inst.array_col_top_left[55] ,\core_inst.array_col_top_left[54] ,\core_inst.array_col_top_left[53] ,\core_inst.array_col_top_left[52] ,\core_inst.array_col_top_left[51] ,\core_inst.array_col_top_left[50] ,\core_inst.array_col_top_left[49] ,\core_inst.array_col_top_left[48] ,\core_inst.array_col_top_left[47] ,\core_inst.array_col_top_left[46] ,\core_inst.array_col_top_left[45] ,\core_inst.array_col_top_left[44] ,\core_inst.array_col_top_left[43] ,\core_inst.array_col_top_left[42] ,\core_inst.array_col_top_left[41] ,\core_inst.array_col_top_left[40] ,\core_inst.array_col_top_left[39] ,\core_inst.array_col_top_left[38] ,\core_inst.array_col_top_left[37] ,\core_inst.array_col_top_left[36] ,\core_inst.array_col_top_left[35] ,\core_inst.array_col_top_left[34] ,\core_inst.array_col_top_left[33] ,\core_inst.array_col_top_left[32] ,\core_inst.array_col_top_left[31] ,\core_inst.array_col_top_left[30] ,\core_inst.array_col_top_left[29] ,\core_inst.array_col_top_left[28] ,\core_inst.array_col_top_left[27] ,\core_inst.array_col_top_left[26] ,\core_inst.array_col_top_left[25] ,\core_inst.array_col_top_left[24] ,\core_inst.array_col_top_left[23] ,\core_inst.array_col_top_left[22] ,\core_inst.array_col_top_left[21] ,\core_inst.array_col_top_left[20] ,\core_inst.array_col_top_left[19] ,\core_inst.array_col_top_left[18] ,\core_inst.array_col_top_left[17] ,\core_inst.array_col_top_left[16] ,\core_inst.array_col_top_left[15] ,\core_inst.array_col_top_left[14] ,\core_inst.array_col_top_left[13] ,\core_inst.array_col_top_left[12] ,\core_inst.array_col_top_left[11] ,\core_inst.array_col_top_left[10] ,\core_inst.array_col_top_left[9] ,\core_inst.array_col_top_left[8] ,\core_inst.array_col_top_left[7] ,\core_inst.array_col_top_left[6] ,\core_inst.array_col_top_left[5] ,\core_inst.array_col_top_left[4] ,\core_inst.array_col_top_left[3] ,\core_inst.array_col_top_left[2] ,\core_inst.array_col_top_left[1] ,\core_inst.array_col_top_left[0] } bus width (64) does not match port array_col_top_left bus width (26) or array width (1).
Warning:  Net {\core_inst.array_col_top_right[63] ,\core_inst.array_col_top_right[62] ,\core_inst.array_col_top_right[61] ,\core_inst.array_col_top_right[60] ,\core_inst.array_col_top_right[59] ,\core_inst.array_col_top_right[58] ,\core_inst.array_col_top_right[57] ,\core_inst.array_col_top_right[56] ,\core_inst.array_col_top_right[55] ,\core_inst.array_col_top_right[54] ,\core_inst.array_col_top_right[53] ,\core_inst.array_col_top_right[52] ,\core_inst.array_col_top_right[51] ,\core_inst.array_col_top_right[50] ,\core_inst.array_col_top_right[49] ,\core_inst.array_col_top_right[48] ,\core_inst.array_col_top_right[47] ,\core_inst.array_col_top_right[46] ,\core_inst.array_col_top_right[45] ,\core_inst.array_col_top_right[44] ,\core_inst.array_col_top_right[43] ,\core_inst.array_col_top_right[42] ,\core_inst.array_col_top_right[41] ,\core_inst.array_col_top_right[40] ,\core_inst.array_col_top_right[39] ,\core_inst.array_col_top_right[38] ,\core_inst.array_col_top_right[37] ,\core_inst.array_col_top_right[36] ,\core_inst.array_col_top_right[35] ,\core_inst.array_col_top_right[34] ,\core_inst.array_col_top_right[33] ,\core_inst.array_col_top_right[32] ,\core_inst.array_col_top_right[31] ,\core_inst.array_col_top_right[30] ,\core_inst.array_col_top_right[29] ,\core_inst.array_col_top_right[28] ,\core_inst.array_col_top_right[27] ,\core_inst.array_col_top_right[26] ,\core_inst.array_col_top_right[25] ,\core_inst.array_col_top_right[24] ,\core_inst.array_col_top_right[23] ,\core_inst.array_col_top_right[22] ,\core_inst.array_col_top_right[21] ,\core_inst.array_col_top_right[20] ,\core_inst.array_col_top_right[19] ,\core_inst.array_col_top_right[18] ,\core_inst.array_col_top_right[17] ,\core_inst.array_col_top_right[16] ,\core_inst.array_col_top_right[15] ,\core_inst.array_col_top_right[14] ,\core_inst.array_col_top_right[13] ,\core_inst.array_col_top_right[12] ,\core_inst.array_col_top_right[11] ,\core_inst.array_col_top_right[10] ,\core_inst.array_col_top_right[9] ,\core_inst.array_col_top_right[8] ,\core_inst.array_col_top_right[7] ,\core_inst.array_col_top_right[6] ,\core_inst.array_col_top_right[5] ,\core_inst.array_col_top_right[4] ,\core_inst.array_col_top_right[3] ,\core_inst.array_col_top_right[2] ,\core_inst.array_col_top_right[1] ,\core_inst.array_col_top_right[0] } bus width (64) does not match port array_col_top_right bus width (36) or array width (1).
Warning:  Net {\core_inst.col_event_rst_bot_left[63] ,\core_inst.col_event_rst_bot_left[62] ,\core_inst.col_event_rst_bot_left[61] ,\core_inst.col_event_rst_bot_left[60] ,\core_inst.col_event_rst_bot_left[59] ,\core_inst.col_event_rst_bot_left[58] ,\core_inst.col_event_rst_bot_left[57] ,\core_inst.col_event_rst_bot_left[56] ,\core_inst.col_event_rst_bot_left[55] ,\core_inst.col_event_rst_bot_left[54] ,\core_inst.col_event_rst_bot_left[53] ,\core_inst.col_event_rst_bot_left[52] ,\core_inst.col_event_rst_bot_left[51] ,\core_inst.col_event_rst_bot_left[50] ,\core_inst.col_event_rst_bot_left[49] ,\core_inst.col_event_rst_bot_left[48] ,\core_inst.col_event_rst_bot_left[47] ,\core_inst.col_event_rst_bot_left[46] ,\core_inst.col_event_rst_bot_left[45] ,\core_inst.col_event_rst_bot_left[44] ,\core_inst.col_event_rst_bot_left[43] ,\core_inst.col_event_rst_bot_left[42] ,\core_inst.col_event_rst_bot_left[41] ,\core_inst.col_event_rst_bot_left[40] ,\core_inst.col_event_rst_bot_left[39] ,\core_inst.col_event_rst_bot_left[38] ,\core_inst.col_event_rst_bot_left[37] ,\core_inst.col_event_rst_bot_left[36] ,\core_inst.col_event_rst_bot_left[35] ,\core_inst.col_event_rst_bot_left[34] ,\core_inst.col_event_rst_bot_left[33] ,\core_inst.col_event_rst_bot_left[32] ,\core_inst.col_event_rst_bot_left[31] ,\core_inst.col_event_rst_bot_left[30] ,\core_inst.col_event_rst_bot_left[29] ,\core_inst.col_event_rst_bot_left[28] ,\core_inst.col_event_rst_bot_left[27] ,\core_inst.col_event_rst_bot_left[26] ,\core_inst.col_event_rst_bot_left[25] ,\core_inst.col_event_rst_bot_left[24] ,\core_inst.col_event_rst_bot_left[23] ,\core_inst.col_event_rst_bot_left[22] ,\core_inst.col_event_rst_bot_left[21] ,\core_inst.col_event_rst_bot_left[20] ,\core_inst.col_event_rst_bot_left[19] ,\core_inst.col_event_rst_bot_left[18] ,\core_inst.col_event_rst_bot_left[17] ,\core_inst.col_event_rst_bot_left[16] ,\core_inst.col_event_rst_bot_left[15] ,\core_inst.col_event_rst_bot_left[14] ,\core_inst.col_event_rst_bot_left[13] ,\core_inst.col_event_rst_bot_left[12] ,\core_inst.col_event_rst_bot_left[11] ,\core_inst.col_event_rst_bot_left[10] ,\core_inst.col_event_rst_bot_left[9] ,\core_inst.col_event_rst_bot_left[8] ,\core_inst.col_event_rst_bot_left[7] ,\core_inst.col_event_rst_bot_left[6] ,\core_inst.col_event_rst_bot_left[5] ,\core_inst.col_event_rst_bot_left[4] ,\core_inst.col_event_rst_bot_left[3] ,\core_inst.col_event_rst_bot_left[2] ,\core_inst.col_event_rst_bot_left[1] ,\core_inst.col_event_rst_bot_left[0] } bus width (64) does not match port col_event_rst_bot_left bus width (41) or array width (1).
Warning:  Net {\core_inst.col_event_rst_bot_right[63] ,\core_inst.col_event_rst_bot_right[62] ,\core_inst.col_event_rst_bot_right[61] ,\core_inst.col_event_rst_bot_right[60] ,\core_inst.col_event_rst_bot_right[59] ,\core_inst.col_event_rst_bot_right[58] ,\core_inst.col_event_rst_bot_right[57] ,\core_inst.col_event_rst_bot_right[56] ,\core_inst.col_event_rst_bot_right[55] ,\core_inst.col_event_rst_bot_right[54] ,\core_inst.col_event_rst_bot_right[53] ,\core_inst.col_event_rst_bot_right[52] ,\core_inst.col_event_rst_bot_right[51] ,\core_inst.col_event_rst_bot_right[50] ,\core_inst.col_event_rst_bot_right[49] ,\core_inst.col_event_rst_bot_right[48] ,\core_inst.col_event_rst_bot_right[47] ,\core_inst.col_event_rst_bot_right[46] ,\core_inst.col_event_rst_bot_right[45] ,\core_inst.col_event_rst_bot_right[44] ,\core_inst.col_event_rst_bot_right[43] ,\core_inst.col_event_rst_bot_right[42] ,\core_inst.col_event_rst_bot_right[41] ,\core_inst.col_event_rst_bot_right[40] ,\core_inst.col_event_rst_bot_right[39] ,\core_inst.col_event_rst_bot_right[38] ,\core_inst.col_event_rst_bot_right[37] ,\core_inst.col_event_rst_bot_right[36] ,\core_inst.col_event_rst_bot_right[35] ,\core_inst.col_event_rst_bot_right[34] ,\core_inst.col_event_rst_bot_right[33] ,\core_inst.col_event_rst_bot_right[32] ,\core_inst.col_event_rst_bot_right[31] ,\core_inst.col_event_rst_bot_right[30] ,\core_inst.col_event_rst_bot_right[29] ,\core_inst.col_event_rst_bot_right[28] ,\core_inst.col_event_rst_bot_right[27] ,\core_inst.col_event_rst_bot_right[26] ,\core_inst.col_event_rst_bot_right[25] ,\core_inst.col_event_rst_bot_right[24] ,\core_inst.col_event_rst_bot_right[23] ,\core_inst.col_event_rst_bot_right[22] ,\core_inst.col_event_rst_bot_right[21] ,\core_inst.col_event_rst_bot_right[20] ,\core_inst.col_event_rst_bot_right[19] ,\core_inst.col_event_rst_bot_right[18] ,\core_inst.col_event_rst_bot_right[17] ,\core_inst.col_event_rst_bot_right[16] ,\core_inst.col_event_rst_bot_right[15] ,\core_inst.col_event_rst_bot_right[14] ,\core_inst.col_event_rst_bot_right[13] ,\core_inst.col_event_rst_bot_right[12] ,\core_inst.col_event_rst_bot_right[11] ,\core_inst.col_event_rst_bot_right[10] ,\core_inst.col_event_rst_bot_right[9] ,\core_inst.col_event_rst_bot_right[8] ,\core_inst.col_event_rst_bot_right[7] ,\core_inst.col_event_rst_bot_right[6] ,\core_inst.col_event_rst_bot_right[5] ,\core_inst.col_event_rst_bot_right[4] ,\core_inst.col_event_rst_bot_right[3] ,\core_inst.col_event_rst_bot_right[2] ,\core_inst.col_event_rst_bot_right[1] ,\core_inst.col_event_rst_bot_right[0] } bus width (64) does not match port col_event_rst_bot_right bus width (16) or array width (1).
Warning:  Net {\core_inst.col_event_rst_top_left[63] ,\core_inst.col_event_rst_top_left[62] ,\core_inst.col_event_rst_top_left[61] ,\core_inst.col_event_rst_top_left[60] ,\core_inst.col_event_rst_top_left[59] ,\core_inst.col_event_rst_top_left[58] ,\core_inst.col_event_rst_top_left[57] ,\core_inst.col_event_rst_top_left[56] ,\core_inst.col_event_rst_top_left[55] ,\core_inst.col_event_rst_top_left[54] ,\core_inst.col_event_rst_top_left[53] ,\core_inst.col_event_rst_top_left[52] ,\core_inst.col_event_rst_top_left[51] ,\core_inst.col_event_rst_top_left[50] ,\core_inst.col_event_rst_top_left[49] ,\core_inst.col_event_rst_top_left[48] ,\core_inst.col_event_rst_top_left[47] ,\core_inst.col_event_rst_top_left[46] ,\core_inst.col_event_rst_top_left[45] ,\core_inst.col_event_rst_top_left[44] ,\core_inst.col_event_rst_top_left[43] ,\core_inst.col_event_rst_top_left[42] ,\core_inst.col_event_rst_top_left[41] ,\core_inst.col_event_rst_top_left[40] ,\core_inst.col_event_rst_top_left[39] ,\core_inst.col_event_rst_top_left[38] ,\core_inst.col_event_rst_top_left[37] ,\core_inst.col_event_rst_top_left[36] ,\core_inst.col_event_rst_top_left[35] ,\core_inst.col_event_rst_top_left[34] ,\core_inst.col_event_rst_top_left[33] ,\core_inst.col_event_rst_top_left[32] ,\core_inst.col_event_rst_top_left[31] ,\core_inst.col_event_rst_top_left[30] ,\core_inst.col_event_rst_top_left[29] ,\core_inst.col_event_rst_top_left[28] ,\core_inst.col_event_rst_top_left[27] ,\core_inst.col_event_rst_top_left[26] ,\core_inst.col_event_rst_top_left[25] ,\core_inst.col_event_rst_top_left[24] ,\core_inst.col_event_rst_top_left[23] ,\core_inst.col_event_rst_top_left[22] ,\core_inst.col_event_rst_top_left[21] ,\core_inst.col_event_rst_top_left[20] ,\core_inst.col_event_rst_top_left[19] ,\core_inst.col_event_rst_top_left[18] ,\core_inst.col_event_rst_top_left[17] ,\core_inst.col_event_rst_top_left[16] ,\core_inst.col_event_rst_top_left[15] ,\core_inst.col_event_rst_top_left[14] ,\core_inst.col_event_rst_top_left[13] ,\core_inst.col_event_rst_top_left[12] ,\core_inst.col_event_rst_top_left[11] ,\core_inst.col_event_rst_top_left[10] ,\core_inst.col_event_rst_top_left[9] ,\core_inst.col_event_rst_top_left[8] ,\core_inst.col_event_rst_top_left[7] ,\core_inst.col_event_rst_top_left[6] ,\core_inst.col_event_rst_top_left[5] ,\core_inst.col_event_rst_top_left[4] ,\core_inst.col_event_rst_top_left[3] ,\core_inst.col_event_rst_top_left[2] ,\core_inst.col_event_rst_top_left[1] ,\core_inst.col_event_rst_top_left[0] } bus width (64) does not match port col_event_rst_top_left bus width (35) or array width (1).
Warning:  Net {\core_inst.col_event_rst_top_right[63] ,\core_inst.col_event_rst_top_right[62] ,\core_inst.col_event_rst_top_right[61] ,\core_inst.col_event_rst_top_right[60] ,\core_inst.col_event_rst_top_right[59] ,\core_inst.col_event_rst_top_right[58] ,\core_inst.col_event_rst_top_right[57] ,\core_inst.col_event_rst_top_right[56] ,\core_inst.col_event_rst_top_right[55] ,\core_inst.col_event_rst_top_right[54] ,\core_inst.col_event_rst_top_right[53] ,\core_inst.col_event_rst_top_right[52] ,\core_inst.col_event_rst_top_right[51] ,\core_inst.col_event_rst_top_right[50] ,\core_inst.col_event_rst_top_right[49] ,\core_inst.col_event_rst_top_right[48] ,\core_inst.col_event_rst_top_right[47] ,\core_inst.col_event_rst_top_right[46] ,\core_inst.col_event_rst_top_right[45] ,\core_inst.col_event_rst_top_right[44] ,\core_inst.col_event_rst_top_right[43] ,\core_inst.col_event_rst_top_right[42] ,\core_inst.col_event_rst_top_right[41] ,\core_inst.col_event_rst_top_right[40] ,\core_inst.col_event_rst_top_right[39] ,\core_inst.col_event_rst_top_right[38] ,\core_inst.col_event_rst_top_right[37] ,\core_inst.col_event_rst_top_right[36] ,\core_inst.col_event_rst_top_right[35] ,\core_inst.col_event_rst_top_right[34] ,\core_inst.col_event_rst_top_right[33] ,\core_inst.col_event_rst_top_right[32] ,\core_inst.col_event_rst_top_right[31] ,\core_inst.col_event_rst_top_right[30] ,\core_inst.col_event_rst_top_right[29] ,\core_inst.col_event_rst_top_right[28] ,\core_inst.col_event_rst_top_right[27] ,\core_inst.col_event_rst_top_right[26] ,\core_inst.col_event_rst_top_right[25] ,\core_inst.col_event_rst_top_right[24] ,\core_inst.col_event_rst_top_right[23] ,\core_inst.col_event_rst_top_right[22] ,\core_inst.col_event_rst_top_right[21] ,\core_inst.col_event_rst_top_right[20] ,\core_inst.col_event_rst_top_right[19] ,\core_inst.col_event_rst_top_right[18] ,\core_inst.col_event_rst_top_right[17] ,\core_inst.col_event_rst_top_right[16] ,\core_inst.col_event_rst_top_right[15] ,\core_inst.col_event_rst_top_right[14] ,\core_inst.col_event_rst_top_right[13] ,\core_inst.col_event_rst_top_right[12] ,\core_inst.col_event_rst_top_right[11] ,\core_inst.col_event_rst_top_right[10] ,\core_inst.col_event_rst_top_right[9] ,\core_inst.col_event_rst_top_right[8] ,\core_inst.col_event_rst_top_right[7] ,\core_inst.col_event_rst_top_right[6] ,\core_inst.col_event_rst_top_right[5] ,\core_inst.col_event_rst_top_right[4] ,\core_inst.col_event_rst_top_right[3] ,\core_inst.col_event_rst_top_right[2] ,\core_inst.col_event_rst_top_right[1] ,\core_inst.col_event_rst_top_right[0] } bus width (64) does not match port col_event_rst_top_right bus width (33) or array width (1).
Warning:  Net {\core_inst.i_digital_top.i_dvs_core.row_off_detect_bot[63] ,\core_inst.i_digital_top.i_dvs_core.row_off_detect_bot[62] ,\core_inst.i_digital_top.i_dvs_core.row_off_detect_bot[61] ,\core_inst.i_digital_top.i_dvs_core.row_off_detect_bot[60] ,\core_inst.i_digital_top.i_dvs_core.row_off_detect_bot[59] ,\core_inst.i_digital_top.i_dvs_core.row_off_detect_bot[58] ,\core_inst.i_digital_top.i_dvs_core.row_off_detect_bot[57] ,\core_inst.i_digital_top.i_dvs_core.row_off_detect_bot[56] ,\core_inst.i_digital_top.i_dvs_core.row_off_detect_bot[55] ,\core_inst.i_digital_top.i_dvs_core.row_off_detect_bot[54] ,\core_inst.i_digital_top.i_dvs_core.row_off_detect_bot[53] ,\core_inst.i_digital_top.i_dvs_core.row_off_detect_bot[52] ,\core_inst.i_digital_top.i_dvs_core.row_off_detect_bot[51] ,\core_inst.i_digital_top.i_dvs_core.row_off_detect_bot[50] ,\core_inst.i_digital_top.i_dvs_core.row_off_detect_bot[49] ,\core_inst.i_digital_top.i_dvs_core.row_off_detect_bot[48] ,\core_inst.i_digital_top.i_dvs_core.row_off_detect_bot[47] ,\core_inst.i_digital_top.i_dvs_core.row_off_detect_bot[46] ,\core_inst.i_digital_top.i_dvs_core.row_off_detect_bot[45] ,\core_inst.i_digital_top.i_dvs_core.row_off_detect_bot[44] ,\core_inst.i_digital_top.i_dvs_core.row_off_detect_bot[43] ,\core_inst.i_digital_top.i_dvs_core.row_off_detect_bot[42] ,\core_inst.i_digital_top.i_dvs_core.row_off_detect_bot[41] ,\core_inst.i_digital_top.i_dvs_core.row_off_detect_bot[40] ,\core_inst.i_digital_top.i_dvs_core.row_off_detect_bot[39] ,\core_inst.i_digital_top.i_dvs_core.row_off_detect_bot[38] ,\core_inst.i_digital_top.i_dvs_core.row_off_detect_bot[37] ,\core_inst.i_digital_top.i_dvs_core.row_off_detect_bot[36] ,\core_inst.i_digital_top.i_dvs_core.row_off_detect_bot[35] ,\core_inst.i_digital_top.i_dvs_core.row_off_detect_bot[34] ,\core_inst.i_digital_top.i_dvs_core.row_off_detect_bot[33] ,\core_inst.i_digital_top.i_dvs_core.row_off_detect_bot[32] ,\core_inst.i_digital_top.i_dvs_core.row_off_detect_bot[31] ,\core_inst.i_digital_top.i_dvs_core.row_off_detect_bot[30] ,\core_inst.i_digital_top.i_dvs_core.row_off_detect_bot[29] ,\core_inst.i_digital_top.i_dvs_core.row_off_detect_bot[28] ,\core_inst.i_digital_top.i_dvs_core.row_off_detect_bot[27] ,\core_inst.i_digital_top.i_dvs_core.row_off_detect_bot[26] ,\core_inst.i_digital_top.i_dvs_core.row_off_detect_bot[25] ,\core_inst.i_digital_top.i_dvs_core.row_off_detect_bot[24] ,\core_inst.i_digital_top.i_dvs_core.row_off_detect_bot[23] ,\core_inst.i_digital_top.i_dvs_core.row_off_detect_bot[22] ,\core_inst.i_digital_top.i_dvs_core.row_off_detect_bot[21] ,\core_inst.i_digital_top.i_dvs_core.row_off_detect_bot[20] ,\core_inst.i_digital_top.i_dvs_core.row_off_detect_bot[19] ,\core_inst.i_digital_top.i_dvs_core.row_off_detect_bot[18] ,\core_inst.i_digital_top.i_dvs_core.row_off_detect_bot[17] ,\core_inst.i_digital_top.i_dvs_core.row_off_detect_bot[16] ,\core_inst.i_digital_top.i_dvs_core.row_off_detect_bot[15] ,\core_inst.i_digital_top.i_dvs_core.row_off_detect_bot[14] ,\core_inst.i_digital_top.i_dvs_core.row_off_detect_bot[13] ,\core_inst.i_digital_top.i_dvs_core.row_off_detect_bot[12] ,\core_inst.i_digital_top.i_dvs_core.row_off_detect_bot[11] ,\core_inst.i_digital_top.i_dvs_core.row_off_detect_bot[10] ,\core_inst.i_digital_top.i_dvs_core.row_off_detect_bot[9] ,\core_inst.i_digital_top.i_dvs_core.row_off_detect_bot[8] ,\core_inst.i_digital_top.i_dvs_core.row_off_detect_bot[7] ,\core_inst.i_digital_top.i_dvs_core.row_off_detect_bot[6] ,\core_inst.i_digital_top.i_dvs_core.row_off_detect_bot[5] ,\core_inst.i_digital_top.i_dvs_core.row_off_detect_bot[4] ,\core_inst.i_digital_top.i_dvs_core.row_off_detect_bot[3] ,\core_inst.i_digital_top.i_dvs_core.row_off_detect_bot[2] ,\core_inst.i_digital_top.i_dvs_core.row_off_detect_bot[1] ,\core_inst.i_digital_top.i_dvs_core.row_off_detect_bot[0] } bus width (64) does not match port row_off_detect_bot bus width (28) or array width (1).
Warning:  Net {\core_inst.i_digital_top.i_dvs_core.row_off_detect_top[63] ,\core_inst.i_digital_top.i_dvs_core.row_off_detect_top[62] ,\core_inst.i_digital_top.i_dvs_core.row_off_detect_top[61] ,\core_inst.i_digital_top.i_dvs_core.row_off_detect_top[60] ,\core_inst.i_digital_top.i_dvs_core.row_off_detect_top[59] ,\core_inst.i_digital_top.i_dvs_core.row_off_detect_top[58] ,\core_inst.i_digital_top.i_dvs_core.row_off_detect_top[57] ,\core_inst.i_digital_top.i_dvs_core.row_off_detect_top[56] ,\core_inst.i_digital_top.i_dvs_core.row_off_detect_top[55] ,\core_inst.i_digital_top.i_dvs_core.row_off_detect_top[54] ,\core_inst.i_digital_top.i_dvs_core.row_off_detect_top[53] ,\core_inst.i_digital_top.i_dvs_core.row_off_detect_top[52] ,\core_inst.i_digital_top.i_dvs_core.row_off_detect_top[51] ,\core_inst.i_digital_top.i_dvs_core.row_off_detect_top[50] ,\core_inst.i_digital_top.i_dvs_core.row_off_detect_top[49] ,\core_inst.i_digital_top.i_dvs_core.row_off_detect_top[48] ,\core_inst.i_digital_top.i_dvs_core.row_off_detect_top[47] ,\core_inst.i_digital_top.i_dvs_core.row_off_detect_top[46] ,\core_inst.i_digital_top.i_dvs_core.row_off_detect_top[45] ,\core_inst.i_digital_top.i_dvs_core.row_off_detect_top[44] ,\core_inst.i_digital_top.i_dvs_core.row_off_detect_top[43] ,\core_inst.i_digital_top.i_dvs_core.row_off_detect_top[42] ,\core_inst.i_digital_top.i_dvs_core.row_off_detect_top[41] ,\core_inst.i_digital_top.i_dvs_core.row_off_detect_top[40] ,\core_inst.i_digital_top.i_dvs_core.row_off_detect_top[39] ,\core_inst.i_digital_top.i_dvs_core.row_off_detect_top[38] ,\core_inst.i_digital_top.i_dvs_core.row_off_detect_top[37] ,\core_inst.i_digital_top.i_dvs_core.row_off_detect_top[36] ,\core_inst.i_digital_top.i_dvs_core.row_off_detect_top[35] ,\core_inst.i_digital_top.i_dvs_core.row_off_detect_top[34] ,\core_inst.i_digital_top.i_dvs_core.row_off_detect_top[33] ,\core_inst.i_digital_top.i_dvs_core.row_off_detect_top[32] ,\core_inst.i_digital_top.i_dvs_core.row_off_detect_top[31] ,\core_inst.i_digital_top.i_dvs_core.row_off_detect_top[30] ,\core_inst.i_digital_top.i_dvs_core.row_off_detect_top[29] ,\core_inst.i_digital_top.i_dvs_core.row_off_detect_top[28] ,\core_inst.i_digital_top.i_dvs_core.row_off_detect_top[27] ,\core_inst.i_digital_top.i_dvs_core.row_off_detect_top[26] ,\core_inst.i_digital_top.i_dvs_core.row_off_detect_top[25] ,\core_inst.i_digital_top.i_dvs_core.row_off_detect_top[24] ,\core_inst.i_digital_top.i_dvs_core.row_off_detect_top[23] ,\core_inst.i_digital_top.i_dvs_core.row_off_detect_top[22] ,\core_inst.i_digital_top.i_dvs_core.row_off_detect_top[21] ,\core_inst.i_digital_top.i_dvs_core.row_off_detect_top[20] ,\core_inst.i_digital_top.i_dvs_core.row_off_detect_top[19] ,\core_inst.i_digital_top.i_dvs_core.row_off_detect_top[18] ,\core_inst.i_digital_top.i_dvs_core.row_off_detect_top[17] ,\core_inst.i_digital_top.i_dvs_core.row_off_detect_top[16] ,\core_inst.i_digital_top.i_dvs_core.row_off_detect_top[15] ,\core_inst.i_digital_top.i_dvs_core.row_off_detect_top[14] ,\core_inst.i_digital_top.i_dvs_core.row_off_detect_top[13] ,\core_inst.i_digital_top.i_dvs_core.row_off_detect_top[12] ,\core_inst.i_digital_top.i_dvs_core.row_off_detect_top[11] ,\core_inst.i_digital_top.i_dvs_core.row_off_detect_top[10] ,\core_inst.i_digital_top.i_dvs_core.row_off_detect_top[9] ,\core_inst.i_digital_top.i_dvs_core.row_off_detect_top[8] ,\core_inst.i_digital_top.i_dvs_core.row_off_detect_top[7] ,\core_inst.i_digital_top.i_dvs_core.row_off_detect_top[6] ,\core_inst.i_digital_top.i_dvs_core.row_off_detect_top[5] ,\core_inst.i_digital_top.i_dvs_core.row_off_detect_top[4] ,\core_inst.i_digital_top.i_dvs_core.row_off_detect_top[3] ,\core_inst.i_digital_top.i_dvs_core.row_off_detect_top[2] ,\core_inst.i_digital_top.i_dvs_core.row_off_detect_top[1] ,\core_inst.i_digital_top.i_dvs_core.row_off_detect_top[0] } bus width (64) does not match port row_off_detect_top bus width (34) or array width (1).
Warning:  Net {\core_inst.i_digital_top.i_dvs_core.row_on_detect_bot[63] ,\core_inst.i_digital_top.i_dvs_core.row_on_detect_bot[62] ,\core_inst.i_digital_top.i_dvs_core.row_on_detect_bot[61] ,\core_inst.i_digital_top.i_dvs_core.row_on_detect_bot[60] ,\core_inst.i_digital_top.i_dvs_core.row_on_detect_bot[59] ,\core_inst.i_digital_top.i_dvs_core.row_on_detect_bot[58] ,\core_inst.i_digital_top.i_dvs_core.row_on_detect_bot[57] ,\core_inst.i_digital_top.i_dvs_core.row_on_detect_bot[56] ,\core_inst.i_digital_top.i_dvs_core.row_on_detect_bot[55] ,\core_inst.i_digital_top.i_dvs_core.row_on_detect_bot[54] ,\core_inst.i_digital_top.i_dvs_core.row_on_detect_bot[53] ,\core_inst.i_digital_top.i_dvs_core.row_on_detect_bot[52] ,\core_inst.i_digital_top.i_dvs_core.row_on_detect_bot[51] ,\core_inst.i_digital_top.i_dvs_core.row_on_detect_bot[50] ,\core_inst.i_digital_top.i_dvs_core.row_on_detect_bot[49] ,\core_inst.i_digital_top.i_dvs_core.row_on_detect_bot[48] ,\core_inst.i_digital_top.i_dvs_core.row_on_detect_bot[47] ,\core_inst.i_digital_top.i_dvs_core.row_on_detect_bot[46] ,\core_inst.i_digital_top.i_dvs_core.row_on_detect_bot[45] ,\core_inst.i_digital_top.i_dvs_core.row_on_detect_bot[44] ,\core_inst.i_digital_top.i_dvs_core.row_on_detect_bot[43] ,\core_inst.i_digital_top.i_dvs_core.row_on_detect_bot[42] ,\core_inst.i_digital_top.i_dvs_core.row_on_detect_bot[41] ,\core_inst.i_digital_top.i_dvs_core.row_on_detect_bot[40] ,\core_inst.i_digital_top.i_dvs_core.row_on_detect_bot[39] ,\core_inst.i_digital_top.i_dvs_core.row_on_detect_bot[38] ,\core_inst.i_digital_top.i_dvs_core.row_on_detect_bot[37] ,\core_inst.i_digital_top.i_dvs_core.row_on_detect_bot[36] ,\core_inst.i_digital_top.i_dvs_core.row_on_detect_bot[35] ,\core_inst.i_digital_top.i_dvs_core.row_on_detect_bot[34] ,\core_inst.i_digital_top.i_dvs_core.row_on_detect_bot[33] ,\core_inst.i_digital_top.i_dvs_core.row_on_detect_bot[32] ,\core_inst.i_digital_top.i_dvs_core.row_on_detect_bot[31] ,\core_inst.i_digital_top.i_dvs_core.row_on_detect_bot[30] ,\core_inst.i_digital_top.i_dvs_core.row_on_detect_bot[29] ,\core_inst.i_digital_top.i_dvs_core.row_on_detect_bot[28] ,\core_inst.i_digital_top.i_dvs_core.row_on_detect_bot[27] ,\core_inst.i_digital_top.i_dvs_core.row_on_detect_bot[26] ,\core_inst.i_digital_top.i_dvs_core.row_on_detect_bot[25] ,\core_inst.i_digital_top.i_dvs_core.row_on_detect_bot[24] ,\core_inst.i_digital_top.i_dvs_core.row_on_detect_bot[23] ,\core_inst.i_digital_top.i_dvs_core.row_on_detect_bot[22] ,\core_inst.i_digital_top.i_dvs_core.row_on_detect_bot[21] ,\core_inst.i_digital_top.i_dvs_core.row_on_detect_bot[20] ,\core_inst.i_digital_top.i_dvs_core.row_on_detect_bot[19] ,\core_inst.i_digital_top.i_dvs_core.row_on_detect_bot[18] ,\core_inst.i_digital_top.i_dvs_core.row_on_detect_bot[17] ,\core_inst.i_digital_top.i_dvs_core.row_on_detect_bot[16] ,\core_inst.i_digital_top.i_dvs_core.row_on_detect_bot[15] ,\core_inst.i_digital_top.i_dvs_core.row_on_detect_bot[14] ,\core_inst.i_digital_top.i_dvs_core.row_on_detect_bot[13] ,\core_inst.i_digital_top.i_dvs_core.row_on_detect_bot[12] ,\core_inst.i_digital_top.i_dvs_core.row_on_detect_bot[11] ,\core_inst.i_digital_top.i_dvs_core.row_on_detect_bot[10] ,\core_inst.i_digital_top.i_dvs_core.row_on_detect_bot[9] ,\core_inst.i_digital_top.i_dvs_core.row_on_detect_bot[8] ,\core_inst.i_digital_top.i_dvs_core.row_on_detect_bot[7] ,\core_inst.i_digital_top.i_dvs_core.row_on_detect_bot[6] ,\core_inst.i_digital_top.i_dvs_core.row_on_detect_bot[5] ,\core_inst.i_digital_top.i_dvs_core.row_on_detect_bot[4] ,\core_inst.i_digital_top.i_dvs_core.row_on_detect_bot[3] ,\core_inst.i_digital_top.i_dvs_core.row_on_detect_bot[2] ,\core_inst.i_digital_top.i_dvs_core.row_on_detect_bot[1] ,\core_inst.i_digital_top.i_dvs_core.row_on_detect_bot[0] } bus width (64) does not match port row_on_detect_bot bus width (15) or array width (1).
Warning:  Net {\core_inst.i_digital_top.i_dvs_core.row_on_detect_top[63] ,\core_inst.i_digital_top.i_dvs_core.row_on_detect_top[62] ,\core_inst.i_digital_top.i_dvs_core.row_on_detect_top[61] ,\core_inst.i_digital_top.i_dvs_core.row_on_detect_top[60] ,\core_inst.i_digital_top.i_dvs_core.row_on_detect_top[59] ,\core_inst.i_digital_top.i_dvs_core.row_on_detect_top[58] ,\core_inst.i_digital_top.i_dvs_core.row_on_detect_top[57] ,\core_inst.i_digital_top.i_dvs_core.row_on_detect_top[56] ,\core_inst.i_digital_top.i_dvs_core.row_on_detect_top[55] ,\core_inst.i_digital_top.i_dvs_core.row_on_detect_top[54] ,\core_inst.i_digital_top.i_dvs_core.row_on_detect_top[53] ,\core_inst.i_digital_top.i_dvs_core.row_on_detect_top[52] ,\core_inst.i_digital_top.i_dvs_core.row_on_detect_top[51] ,\core_inst.i_digital_top.i_dvs_core.row_on_detect_top[50] ,\core_inst.i_digital_top.i_dvs_core.row_on_detect_top[49] ,\core_inst.i_digital_top.i_dvs_core.row_on_detect_top[48] ,\core_inst.i_digital_top.i_dvs_core.row_on_detect_top[47] ,\core_inst.i_digital_top.i_dvs_core.row_on_detect_top[46] ,\core_inst.i_digital_top.i_dvs_core.row_on_detect_top[45] ,\core_inst.i_digital_top.i_dvs_core.row_on_detect_top[44] ,\core_inst.i_digital_top.i_dvs_core.row_on_detect_top[43] ,\core_inst.i_digital_top.i_dvs_core.row_on_detect_top[42] ,\core_inst.i_digital_top.i_dvs_core.row_on_detect_top[41] ,\core_inst.i_digital_top.i_dvs_core.row_on_detect_top[40] ,\core_inst.i_digital_top.i_dvs_core.row_on_detect_top[39] ,\core_inst.i_digital_top.i_dvs_core.row_on_detect_top[38] ,\core_inst.i_digital_top.i_dvs_core.row_on_detect_top[37] ,\core_inst.i_digital_top.i_dvs_core.row_on_detect_top[36] ,\core_inst.i_digital_top.i_dvs_core.row_on_detect_top[35] ,\core_inst.i_digital_top.i_dvs_core.row_on_detect_top[34] ,\core_inst.i_digital_top.i_dvs_core.row_on_detect_top[33] ,\core_inst.i_digital_top.i_dvs_core.row_on_detect_top[32] ,\core_inst.i_digital_top.i_dvs_core.row_on_detect_top[31] ,\core_inst.i_digital_top.i_dvs_core.row_on_detect_top[30] ,\core_inst.i_digital_top.i_dvs_core.row_on_detect_top[29] ,\core_inst.i_digital_top.i_dvs_core.row_on_detect_top[28] ,\core_inst.i_digital_top.i_dvs_core.row_on_detect_top[27] ,\core_inst.i_digital_top.i_dvs_core.row_on_detect_top[26] ,\core_inst.i_digital_top.i_dvs_core.row_on_detect_top[25] ,\core_inst.i_digital_top.i_dvs_core.row_on_detect_top[24] ,\core_inst.i_digital_top.i_dvs_core.row_on_detect_top[23] ,\core_inst.i_digital_top.i_dvs_core.row_on_detect_top[22] ,\core_inst.i_digital_top.i_dvs_core.row_on_detect_top[21] ,\core_inst.i_digital_top.i_dvs_core.row_on_detect_top[20] ,\core_inst.i_digital_top.i_dvs_core.row_on_detect_top[19] ,\core_inst.i_digital_top.i_dvs_core.row_on_detect_top[18] ,\core_inst.i_digital_top.i_dvs_core.row_on_detect_top[17] ,\core_inst.i_digital_top.i_dvs_core.row_on_detect_top[16] ,\core_inst.i_digital_top.i_dvs_core.row_on_detect_top[15] ,\core_inst.i_digital_top.i_dvs_core.row_on_detect_top[14] ,\core_inst.i_digital_top.i_dvs_core.row_on_detect_top[13] ,\core_inst.i_digital_top.i_dvs_core.row_on_detect_top[12] ,\core_inst.i_digital_top.i_dvs_core.row_on_detect_top[11] ,\core_inst.i_digital_top.i_dvs_core.row_on_detect_top[10] ,\core_inst.i_digital_top.i_dvs_core.row_on_detect_top[9] ,\core_inst.i_digital_top.i_dvs_core.row_on_detect_top[8] ,\core_inst.i_digital_top.i_dvs_core.row_on_detect_top[7] ,\core_inst.i_digital_top.i_dvs_core.row_on_detect_top[6] ,\core_inst.i_digital_top.i_dvs_core.row_on_detect_top[5] ,\core_inst.i_digital_top.i_dvs_core.row_on_detect_top[4] ,\core_inst.i_digital_top.i_dvs_core.row_on_detect_top[3] ,\core_inst.i_digital_top.i_dvs_core.row_on_detect_top[2] ,\core_inst.i_digital_top.i_dvs_core.row_on_detect_top[1] ,\core_inst.i_digital_top.i_dvs_core.row_on_detect_top[0] } bus width (64) does not match port row_on_detect_top bus width (17) or array width (1).
Note:  Implicit pin col_event_rst_top_right[16] in instance \core_inst.analog_imager_inst  of pixel_4tile in cell user_project_wrapper
Note:  Implicit pin col_event_rst_top_right[15] in instance \core_inst.analog_imager_inst  of pixel_4tile in cell user_project_wrapper
Note:  Implicit pin col_event_rst_top_right[14] in instance \core_inst.analog_imager_inst  of pixel_4tile in cell user_project_wrapper
Note:  Implicit pin col_event_rst_top_right[13] in instance \core_inst.analog_imager_inst  of pixel_4tile in cell user_project_wrapper
Note:  Implicit pin col_event_rst_top_right[12] in instance \core_inst.analog_imager_inst  of pixel_4tile in cell user_project_wrapper
Note:  Implicit pin col_event_rst_top_right[11] in instance \core_inst.analog_imager_inst  of pixel_4tile in cell user_project_wrapper
Note:  Implicit pin col_event_rst_top_right[10] in instance \core_inst.analog_imager_inst  of pixel_4tile in cell user_project_wrapper
Note:  Implicit pin col_event_rst_top_right[9] in instance \core_inst.analog_imager_inst  of pixel_4tile in cell user_project_wrapper
Note:  Implicit pin col_event_rst_top_right[8] in instance \core_inst.analog_imager_inst  of pixel_4tile in cell user_project_wrapper
Note:  Implicit pin col_event_rst_top_right[7] in instance \core_inst.analog_imager_inst  of pixel_4tile in cell user_project_wrapper
Note:  Implicit pin col_event_rst_top_right[6] in instance \core_inst.analog_imager_inst  of pixel_4tile in cell user_project_wrapper
Note:  Implicit pin col_event_rst_top_right[5] in instance \core_inst.analog_imager_inst  of pixel_4tile in cell user_project_wrapper
Note:  Implicit pin col_event_rst_top_right[4] in instance \core_inst.analog_imager_inst  of pixel_4tile in cell user_project_wrapper
Note:  Implicit pin col_event_rst_top_right[3] in instance \core_inst.analog_imager_inst  of pixel_4tile in cell user_project_wrapper
Note:  Implicit pin col_event_rst_top_right[2] in instance \core_inst.analog_imager_inst  of pixel_4tile in cell user_project_wrapper
Note:  Implicit pin col_event_rst_top_right[1] in instance \core_inst.analog_imager_inst  of pixel_4tile in cell user_project_wrapper
Note:  Implicit pin col_event_rst_top_right[0] in instance \core_inst.analog_imager_inst  of pixel_4tile in cell user_project_wrapper
Note:  Implicit pin array_col_top_right[0] in instance \core_inst.analog_imager_inst  of pixel_4tile in cell user_project_wrapper
Note:  Implicit pin col_event_rst_top_right[63] in instance \core_inst.analog_imager_inst  of pixel_4tile in cell user_project_wrapper
Note:  Implicit pin array_col_top_right[59] in instance \core_inst.analog_imager_inst  of pixel_4tile in cell user_project_wrapper
Note:  Implicit pin col_event_rst_top_right[62] in instance \core_inst.analog_imager_inst  of pixel_4tile in cell user_project_wrapper
Note:  Implicit pin col_event_rst_top_right[52] in instance \core_inst.analog_imager_inst  of pixel_4tile in cell user_project_wrapper
Note:  Implicit pin col_event_rst_top_right[56] in instance \core_inst.analog_imager_inst  of pixel_4tile in cell user_project_wrapper
Note:  Implicit pin col_event_rst_top_right[59] in instance \core_inst.analog_imager_inst  of pixel_4tile in cell user_project_wrapper
Note:  Implicit pin array_col_top_right[38] in instance \core_inst.analog_imager_inst  of pixel_4tile in cell user_project_wrapper
Note:  Implicit pin col_event_rst_top_right[51] in instance \core_inst.analog_imager_inst  of pixel_4tile in cell user_project_wrapper
Note:  Implicit pin col_event_rst_top_right[60] in instance \core_inst.analog_imager_inst  of pixel_4tile in cell user_project_wrapper
Note:  Implicit pin col_event_rst_top_right[55] in instance \core_inst.analog_imager_inst  of pixel_4tile in cell user_project_wrapper
Note:  Implicit pin array_col_top_right[61] in instance \core_inst.analog_imager_inst  of pixel_4tile in cell user_project_wrapper
Note:  Implicit pin array_col_top_right[60] in instance \core_inst.analog_imager_inst  of pixel_4tile in cell user_project_wrapper
Note:  Implicit pin col_event_rst_top_right[61] in instance \core_inst.analog_imager_inst  of pixel_4tile in cell user_project_wrapper
Note:  Implicit pin col_event_rst_top_right[57] in instance \core_inst.analog_imager_inst  of pixel_4tile in cell user_project_wrapper
Note:  Implicit pin col_event_rst_top_right[54] in instance \core_inst.analog_imager_inst  of pixel_4tile in cell user_project_wrapper
Note:  Implicit pin array_col_top_right[37] in instance \core_inst.analog_imager_inst  of pixel_4tile in cell user_project_wrapper
Note:  Implicit pin array_col_top_right[56] in instance \core_inst.analog_imager_inst  of pixel_4tile in cell user_project_wrapper
Note:  Implicit pin array_col_top_right[58] in instance \core_inst.analog_imager_inst  of pixel_4tile in cell user_project_wrapper
Note:  Implicit pin array_col_top_right[57] in instance \core_inst.analog_imager_inst  of pixel_4tile in cell user_project_wrapper
Note:  Implicit pin array_col_top_right[54] in instance \core_inst.analog_imager_inst  of pixel_4tile in cell user_project_wrapper
Note:  Implicit pin array_col_top_right[51] in instance \core_inst.analog_imager_inst  of pixel_4tile in cell user_project_wrapper
Note:  Implicit pin array_col_top_right[55] in instance \core_inst.analog_imager_inst  of pixel_4tile in cell user_project_wrapper
Note:  Implicit pin array_col_top_right[50] in instance \core_inst.analog_imager_inst  of pixel_4tile in cell user_project_wrapper
Note:  Implicit pin array_col_top_right[49] in instance \core_inst.analog_imager_inst  of pixel_4tile in cell user_project_wrapper
Note:  Implicit pin array_col_top_right[48] in instance \core_inst.analog_imager_inst  of pixel_4tile in cell user_project_wrapper
Note:  Implicit pin array_col_top_right[45] in instance \core_inst.analog_imager_inst  of pixel_4tile in cell user_project_wrapper
Note:  Implicit pin array_col_top_right[42] in instance \core_inst.analog_imager_inst  of pixel_4tile in cell user_project_wrapper
Note:  Implicit pin array_col_top_right[53] in instance \core_inst.analog_imager_inst  of pixel_4tile in cell user_project_wrapper
Note:  Implicit pin array_col_top_right[41] in instance \core_inst.analog_imager_inst  of pixel_4tile in cell user_project_wrapper
Note:  Implicit pin array_col_top_right[39] in instance \core_inst.analog_imager_inst  of pixel_4tile in cell user_project_wrapper
Note:  Implicit pin col_event_rst_top_right[53] in instance \core_inst.analog_imager_inst  of pixel_4tile in cell user_project_wrapper
Note:  Implicit pin array_col_top_right[63] in instance \core_inst.analog_imager_inst  of pixel_4tile in cell user_project_wrapper
Note:  Implicit pin array_col_top_right[62] in instance \core_inst.analog_imager_inst  of pixel_4tile in cell user_project_wrapper
Note:  Implicit pin col_event_rst_top_right[58] in instance \core_inst.analog_imager_inst  of pixel_4tile in cell user_project_wrapper
Note:  Implicit pin col_event_rst_top_right[50] in instance \core_inst.analog_imager_inst  of pixel_4tile in cell user_project_wrapper
Note:  Implicit pin array_col_top_right[43] in instance \core_inst.analog_imager_inst  of pixel_4tile in cell user_project_wrapper
Note:  Implicit pin array_col_top_right[52] in instance \core_inst.analog_imager_inst  of pixel_4tile in cell user_project_wrapper
Note:  Implicit pin array_col_top_right[47] in instance \core_inst.analog_imager_inst  of pixel_4tile in cell user_project_wrapper
Note:  Implicit pin array_col_top_right[46] in instance \core_inst.analog_imager_inst  of pixel_4tile in cell user_project_wrapper
Note:  Implicit pin array_col_top_right[44] in instance \core_inst.analog_imager_inst  of pixel_4tile in cell user_project_wrapper
Note:  Implicit pin array_col_top_right[40] in instance \core_inst.analog_imager_inst  of pixel_4tile in cell user_project_wrapper
Note:  Implicit pin array_col_top_left[8] in instance \core_inst.analog_imager_inst  of pixel_4tile in cell user_project_wrapper
Note:  Implicit pin col_event_rst_top_left[21] in instance \core_inst.analog_imager_inst  of pixel_4tile in cell user_project_wrapper
Note:  Implicit pin col_event_rst_top_left[15] in instance \core_inst.analog_imager_inst  of pixel_4tile in cell user_project_wrapper
Note:  Implicit pin col_event_rst_top_left[10] in instance \core_inst.analog_imager_inst  of pixel_4tile in cell user_project_wrapper
Note:  Implicit pin col_event_rst_top_left[9] in instance \core_inst.analog_imager_inst  of pixel_4tile in cell user_project_wrapper
Note:  Implicit pin col_event_rst_top_left[20] in instance \core_inst.analog_imager_inst  of pixel_4tile in cell user_project_wrapper
Note:  Implicit pin col_event_rst_top_left[17] in instance \core_inst.analog_imager_inst  of pixel_4tile in cell user_project_wrapper
Note:  Implicit pin array_col_top_left[2] in instance \core_inst.analog_imager_inst  of pixel_4tile in cell user_project_wrapper
Note:  Implicit pin col_event_rst_top_left[24] in instance \core_inst.analog_imager_inst  of pixel_4tile in cell user_project_wrapper
Note:  Implicit pin col_event_rst_top_left[2] in instance \core_inst.analog_imager_inst  of pixel_4tile in cell user_project_wrapper
Note:  Implicit pin col_event_rst_top_left[14] in instance \core_inst.analog_imager_inst  of pixel_4tile in cell user_project_wrapper
Note:  Implicit pin array_col_top_left[0] in instance \core_inst.analog_imager_inst  of pixel_4tile in cell user_project_wrapper
Note:  Implicit pin col_event_rst_top_left[22] in instance \core_inst.analog_imager_inst  of pixel_4tile in cell user_project_wrapper
Note:  Implicit pin col_event_rst_top_left[13] in instance \core_inst.analog_imager_inst  of pixel_4tile in cell user_project_wrapper
Note:  Implicit pin col_event_rst_top_left[3] in instance \core_inst.analog_imager_inst  of pixel_4tile in cell user_project_wrapper
Note:  Implicit pin col_event_rst_top_left[7] in instance \core_inst.analog_imager_inst  of pixel_4tile in cell user_project_wrapper
Note:  Implicit pin col_event_rst_top_left[19] in instance \core_inst.analog_imager_inst  of pixel_4tile in cell user_project_wrapper
Note:  Implicit pin col_event_rst_top_left[16] in instance \core_inst.analog_imager_inst  of pixel_4tile in cell user_project_wrapper
Note:  Implicit pin col_event_rst_top_left[26] in instance \core_inst.analog_imager_inst  of pixel_4tile in cell user_project_wrapper
Note:  Implicit pin col_event_rst_top_left[25] in instance \core_inst.analog_imager_inst  of pixel_4tile in cell user_project_wrapper
Note:  Implicit pin array_col_top_left[1] in instance \core_inst.analog_imager_inst  of pixel_4tile in cell user_project_wrapper
Note:  Implicit pin array_col_top_left[3] in instance \core_inst.analog_imager_inst  of pixel_4tile in cell user_project_wrapper
Note:  Implicit pin col_event_rst_top_left[0] in instance \core_inst.analog_imager_inst  of pixel_4tile in cell user_project_wrapper
Note:  Implicit pin col_event_rst_top_left[4] in instance \core_inst.analog_imager_inst  of pixel_4tile in cell user_project_wrapper
Note:  Implicit pin col_event_rst_top_left[8] in instance \core_inst.analog_imager_inst  of pixel_4tile in cell user_project_wrapper
Note:  Implicit pin array_col_top_left[6] in instance \core_inst.analog_imager_inst  of pixel_4tile in cell user_project_wrapper
Note:  Implicit pin array_col_top_left[9] in instance \core_inst.analog_imager_inst  of pixel_4tile in cell user_project_wrapper
Note:  Implicit pin array_col_top_left[5] in instance \core_inst.analog_imager_inst  of pixel_4tile in cell user_project_wrapper
Note:  Implicit pin array_col_top_left[4] in instance \core_inst.analog_imager_inst  of pixel_4tile in cell user_project_wrapper
Note:  Implicit pin col_event_rst_top_left[12] in instance \core_inst.analog_imager_inst  of pixel_4tile in cell user_project_wrapper
Note:  Implicit pin col_event_rst_top_left[5] in instance \core_inst.analog_imager_inst  of pixel_4tile in cell user_project_wrapper
Note:  Implicit pin col_event_rst_top_left[23] in instance \core_inst.analog_imager_inst  of pixel_4tile in cell user_project_wrapper
Note:  Implicit pin col_event_rst_top_left[6] in instance \core_inst.analog_imager_inst  of pixel_4tile in cell user_project_wrapper
Note:  Implicit pin col_event_rst_top_left[11] in instance \core_inst.analog_imager_inst  of pixel_4tile in cell user_project_wrapper
Note:  Implicit pin array_col_top_left[7] in instance \core_inst.analog_imager_inst  of pixel_4tile in cell user_project_wrapper
Note:  Implicit pin col_event_rst_top_left[18] in instance \core_inst.analog_imager_inst  of pixel_4tile in cell user_project_wrapper
Note:  Implicit pin col_event_rst_top_left[1] in instance \core_inst.analog_imager_inst  of pixel_4tile in cell user_project_wrapper
Note:  Implicit pin array_col_top_left[38] in instance \core_inst.analog_imager_inst  of pixel_4tile in cell user_project_wrapper
Note:  Implicit pin array_col_top_left[39] in instance \core_inst.analog_imager_inst  of pixel_4tile in cell user_project_wrapper
Note:  Implicit pin array_col_top_left[40] in instance \core_inst.analog_imager_inst  of pixel_4tile in cell user_project_wrapper
Note:  Implicit pin array_col_top_left[41] in instance \core_inst.analog_imager_inst  of pixel_4tile in cell user_project_wrapper
Note:  Implicit pin array_col_top_left[63] in instance \core_inst.analog_imager_inst  of pixel_4tile in cell user_project_wrapper
Note:  Implicit pin array_col_top_left[42] in instance \core_inst.analog_imager_inst  of pixel_4tile in cell user_project_wrapper
Note:  Implicit pin array_col_top_left[43] in instance \core_inst.analog_imager_inst  of pixel_4tile in cell user_project_wrapper
Note:  Implicit pin array_col_top_left[44] in instance \core_inst.analog_imager_inst  of pixel_4tile in cell user_project_wrapper
Note:  Implicit pin array_col_top_left[45] in instance \core_inst.analog_imager_inst  of pixel_4tile in cell user_project_wrapper
Note:  Implicit pin array_col_top_left[46] in instance \core_inst.analog_imager_inst  of pixel_4tile in cell user_project_wrapper
Note:  Implicit pin array_col_top_left[47] in instance \core_inst.analog_imager_inst  of pixel_4tile in cell user_project_wrapper
Note:  Implicit pin array_col_top_left[48] in instance \core_inst.analog_imager_inst  of pixel_4tile in cell user_project_wrapper
Note:  Implicit pin array_col_top_left[49] in instance \core_inst.analog_imager_inst  of pixel_4tile in cell user_project_wrapper
Note:  Implicit pin col_event_rst_top_left[63] in instance \core_inst.analog_imager_inst  of pixel_4tile in cell user_project_wrapper
Note:  Implicit pin col_event_rst_top_left[62] in instance \core_inst.analog_imager_inst  of pixel_4tile in cell user_project_wrapper
Note:  Implicit pin array_col_top_left[50] in instance \core_inst.analog_imager_inst  of pixel_4tile in cell user_project_wrapper
Note:  Implicit pin array_col_top_left[37] in instance \core_inst.analog_imager_inst  of pixel_4tile in cell user_project_wrapper
Note:  Implicit pin array_col_top_left[51] in instance \core_inst.analog_imager_inst  of pixel_4tile in cell user_project_wrapper
Note:  Implicit pin array_col_top_left[52] in instance \core_inst.analog_imager_inst  of pixel_4tile in cell user_project_wrapper
Note:  Implicit pin array_col_top_left[53] in instance \core_inst.analog_imager_inst  of pixel_4tile in cell user_project_wrapper
Note:  Implicit pin array_col_top_left[54] in instance \core_inst.analog_imager_inst  of pixel_4tile in cell user_project_wrapper
Note:  Implicit pin array_col_top_left[55] in instance \core_inst.analog_imager_inst  of pixel_4tile in cell user_project_wrapper
Note:  Implicit pin array_col_top_left[56] in instance \core_inst.analog_imager_inst  of pixel_4tile in cell user_project_wrapper
Note:  Implicit pin array_col_top_left[57] in instance \core_inst.analog_imager_inst  of pixel_4tile in cell user_project_wrapper
Note:  Implicit pin array_col_top_left[58] in instance \core_inst.analog_imager_inst  of pixel_4tile in cell user_project_wrapper
Note:  Implicit pin array_col_top_left[59] in instance \core_inst.analog_imager_inst  of pixel_4tile in cell user_project_wrapper
Note:  Implicit pin array_col_top_left[60] in instance \core_inst.analog_imager_inst  of pixel_4tile in cell user_project_wrapper
Note:  Implicit pin array_col_top_left[61] in instance \core_inst.analog_imager_inst  of pixel_4tile in cell user_project_wrapper
Note:  Implicit pin array_col_top_left[62] in instance \core_inst.analog_imager_inst  of pixel_4tile in cell user_project_wrapper
Note:  Implicit pin array_col_top_left[36] in instance \core_inst.analog_imager_inst  of pixel_4tile in cell user_project_wrapper
Note:  Implicit pin col_event_rst_bot_left[63] in instance \core_inst.analog_imager_inst  of pixel_4tile in cell user_project_wrapper
Note:  Implicit pin col_event_rst_bot_left[62] in instance \core_inst.analog_imager_inst  of pixel_4tile in cell user_project_wrapper
Note:  Implicit pin col_event_rst_bot_left[61] in instance \core_inst.analog_imager_inst  of pixel_4tile in cell user_project_wrapper
Note:  Implicit pin col_event_rst_bot_left[60] in instance \core_inst.analog_imager_inst  of pixel_4tile in cell user_project_wrapper
Note:  Implicit pin array_col_bot_left[60] in instance \core_inst.analog_imager_inst  of pixel_4tile in cell user_project_wrapper
Note:  Implicit pin array_col_bot_left[62] in instance \core_inst.analog_imager_inst  of pixel_4tile in cell user_project_wrapper
Note:  Implicit pin array_col_bot_left[58] in instance \core_inst.analog_imager_inst  of pixel_4tile in cell user_project_wrapper
Note:  Implicit pin array_col_bot_left[61] in instance \core_inst.analog_imager_inst  of pixel_4tile in cell user_project_wrapper
Note:  Implicit pin array_col_bot_left[57] in instance \core_inst.analog_imager_inst  of pixel_4tile in cell user_project_wrapper
Note:  Implicit pin array_col_bot_left[56] in instance \core_inst.analog_imager_inst  of pixel_4tile in cell user_project_wrapper
Note:  Implicit pin array_col_bot_left[63] in instance \core_inst.analog_imager_inst  of pixel_4tile in cell user_project_wrapper
Note:  Implicit pin array_col_bot_left[59] in instance \core_inst.analog_imager_inst  of pixel_4tile in cell user_project_wrapper
Note:  Implicit pin col_event_rst_bot_left[59] in instance \core_inst.analog_imager_inst  of pixel_4tile in cell user_project_wrapper
Note:  Implicit pin col_event_rst_bot_left[58] in instance \core_inst.analog_imager_inst  of pixel_4tile in cell user_project_wrapper
Note:  Implicit pin col_event_rst_bot_left[57] in instance \core_inst.analog_imager_inst  of pixel_4tile in cell user_project_wrapper
Note:  Implicit pin col_event_rst_bot_left[56] in instance \core_inst.analog_imager_inst  of pixel_4tile in cell user_project_wrapper
Note:  Implicit pin col_event_rst_bot_left[55] in instance \core_inst.analog_imager_inst  of pixel_4tile in cell user_project_wrapper
Note:  Implicit pin col_event_rst_bot_left[54] in instance \core_inst.analog_imager_inst  of pixel_4tile in cell user_project_wrapper
Note:  Implicit pin col_event_rst_bot_left[53] in instance \core_inst.analog_imager_inst  of pixel_4tile in cell user_project_wrapper
Note:  Implicit pin col_event_rst_bot_left[52] in instance \core_inst.analog_imager_inst  of pixel_4tile in cell user_project_wrapper
Note:  Implicit pin col_event_rst_bot_left[51] in instance \core_inst.analog_imager_inst  of pixel_4tile in cell user_project_wrapper
Note:  Implicit pin col_event_rst_bot_left[50] in instance \core_inst.analog_imager_inst  of pixel_4tile in cell user_project_wrapper
Note:  Implicit pin col_event_rst_bot_left[49] in instance \core_inst.analog_imager_inst  of pixel_4tile in cell user_project_wrapper
Note:  Implicit pin col_event_rst_bot_left[48] in instance \core_inst.analog_imager_inst  of pixel_4tile in cell user_project_wrapper
Note:  Implicit pin col_event_rst_bot_left[47] in instance \core_inst.analog_imager_inst  of pixel_4tile in cell user_project_wrapper
Note:  Implicit pin array_col_bot_left[16] in instance \core_inst.analog_imager_inst  of pixel_4tile in cell user_project_wrapper
Note:  Implicit pin array_col_bot_left[1] in instance \core_inst.analog_imager_inst  of pixel_4tile in cell user_project_wrapper
Note:  Implicit pin array_col_bot_left[7] in instance \core_inst.analog_imager_inst  of pixel_4tile in cell user_project_wrapper
Note:  Implicit pin array_col_bot_left[0] in instance \core_inst.analog_imager_inst  of pixel_4tile in cell user_project_wrapper
Note:  Implicit pin array_col_bot_left[15] in instance \core_inst.analog_imager_inst  of pixel_4tile in cell user_project_wrapper
Note:  Implicit pin array_col_bot_left[14] in instance \core_inst.analog_imager_inst  of pixel_4tile in cell user_project_wrapper
Note:  Implicit pin array_col_bot_left[5] in instance \core_inst.analog_imager_inst  of pixel_4tile in cell user_project_wrapper
Note:  Implicit pin array_col_bot_left[4] in instance \core_inst.analog_imager_inst  of pixel_4tile in cell user_project_wrapper
Note:  Implicit pin array_col_bot_left[12] in instance \core_inst.analog_imager_inst  of pixel_4tile in cell user_project_wrapper
Note:  Implicit pin array_col_bot_left[2] in instance \core_inst.analog_imager_inst  of pixel_4tile in cell user_project_wrapper
Note:  Implicit pin array_col_bot_left[3] in instance \core_inst.analog_imager_inst  of pixel_4tile in cell user_project_wrapper
Note:  Implicit pin array_col_bot_left[10] in instance \core_inst.analog_imager_inst  of pixel_4tile in cell user_project_wrapper
Note:  Implicit pin array_col_bot_left[11] in instance \core_inst.analog_imager_inst  of pixel_4tile in cell user_project_wrapper
Note:  Implicit pin array_col_bot_left[6] in instance \core_inst.analog_imager_inst  of pixel_4tile in cell user_project_wrapper
Note:  Implicit pin array_col_bot_left[17] in instance \core_inst.analog_imager_inst  of pixel_4tile in cell user_project_wrapper
Note:  Implicit pin array_col_bot_left[9] in instance \core_inst.analog_imager_inst  of pixel_4tile in cell user_project_wrapper
Note:  Implicit pin col_event_rst_bot_left[0] in instance \core_inst.analog_imager_inst  of pixel_4tile in cell user_project_wrapper
Note:  Implicit pin array_col_bot_left[8] in instance \core_inst.analog_imager_inst  of pixel_4tile in cell user_project_wrapper
Note:  Implicit pin col_event_rst_bot_left[1] in instance \core_inst.analog_imager_inst  of pixel_4tile in cell user_project_wrapper
Note:  Implicit pin col_event_rst_bot_left[5] in instance \core_inst.analog_imager_inst  of pixel_4tile in cell user_project_wrapper
Note:  Implicit pin array_col_bot_left[13] in instance \core_inst.analog_imager_inst  of pixel_4tile in cell user_project_wrapper
Note:  Implicit pin col_event_rst_bot_left[4] in instance \core_inst.analog_imager_inst  of pixel_4tile in cell user_project_wrapper
Note:  Implicit pin col_event_rst_bot_left[3] in instance \core_inst.analog_imager_inst  of pixel_4tile in cell user_project_wrapper
Note:  Implicit pin col_event_rst_bot_left[2] in instance \core_inst.analog_imager_inst  of pixel_4tile in cell user_project_wrapper
Note:  Implicit pin array_col_bot_right[62] in instance \core_inst.analog_imager_inst  of pixel_4tile in cell user_project_wrapper
Note:  Implicit pin array_col_bot_right[59] in instance \core_inst.analog_imager_inst  of pixel_4tile in cell user_project_wrapper
Note:  Implicit pin array_col_bot_right[58] in instance \core_inst.analog_imager_inst  of pixel_4tile in cell user_project_wrapper
Note:  Implicit pin array_col_bot_right[61] in instance \core_inst.analog_imager_inst  of pixel_4tile in cell user_project_wrapper
Note:  Implicit pin array_col_bot_right[60] in instance \core_inst.analog_imager_inst  of pixel_4tile in cell user_project_wrapper
Note:  Implicit pin array_col_bot_right[57] in instance \core_inst.analog_imager_inst  of pixel_4tile in cell user_project_wrapper
Note:  Implicit pin array_col_bot_right[56] in instance \core_inst.analog_imager_inst  of pixel_4tile in cell user_project_wrapper
Note:  Implicit pin col_event_rst_bot_right[62] in instance \core_inst.analog_imager_inst  of pixel_4tile in cell user_project_wrapper
Note:  Implicit pin col_event_rst_bot_right[61] in instance \core_inst.analog_imager_inst  of pixel_4tile in cell user_project_wrapper
Note:  Implicit pin col_event_rst_bot_right[60] in instance \core_inst.analog_imager_inst  of pixel_4tile in cell user_project_wrapper
Note:  Implicit pin col_event_rst_bot_right[59] in instance \core_inst.analog_imager_inst  of pixel_4tile in cell user_project_wrapper
Note:  Implicit pin col_event_rst_bot_right[58] in instance \core_inst.analog_imager_inst  of pixel_4tile in cell user_project_wrapper
Note:  Implicit pin col_event_rst_bot_right[57] in instance \core_inst.analog_imager_inst  of pixel_4tile in cell user_project_wrapper
Note:  Implicit pin col_event_rst_bot_right[56] in instance \core_inst.analog_imager_inst  of pixel_4tile in cell user_project_wrapper
Note:  Implicit pin array_col_bot_right[63] in instance \core_inst.analog_imager_inst  of pixel_4tile in cell user_project_wrapper
Note:  Implicit pin col_event_rst_bot_right[55] in instance \core_inst.analog_imager_inst  of pixel_4tile in cell user_project_wrapper
Note:  Implicit pin col_event_rst_bot_right[54] in instance \core_inst.analog_imager_inst  of pixel_4tile in cell user_project_wrapper
Note:  Implicit pin col_event_rst_bot_right[63] in instance \core_inst.analog_imager_inst  of pixel_4tile in cell user_project_wrapper
Note:  Implicit pin col_event_rst_bot_right[53] in instance \core_inst.analog_imager_inst  of pixel_4tile in cell user_project_wrapper
Note:  Implicit pin col_event_rst_bot_right[52] in instance \core_inst.analog_imager_inst  of pixel_4tile in cell user_project_wrapper
Note:  Implicit pin col_event_rst_bot_right[51] in instance \core_inst.analog_imager_inst  of pixel_4tile in cell user_project_wrapper
Note:  Implicit pin col_event_rst_bot_right[50] in instance \core_inst.analog_imager_inst  of pixel_4tile in cell user_project_wrapper
Note:  Implicit pin col_event_rst_bot_right[49] in instance \core_inst.analog_imager_inst  of pixel_4tile in cell user_project_wrapper
Note:  Implicit pin col_event_rst_bot_right[48] in instance \core_inst.analog_imager_inst  of pixel_4tile in cell user_project_wrapper
Note:  Implicit pin col_event_rst_bot_right[47] in instance \core_inst.analog_imager_inst  of pixel_4tile in cell user_project_wrapper
Note:  Implicit pin col_event_rst_bot_right[46] in instance \core_inst.analog_imager_inst  of pixel_4tile in cell user_project_wrapper
Note:  Implicit pin col_event_rst_bot_right[45] in instance \core_inst.analog_imager_inst  of pixel_4tile in cell user_project_wrapper
Note:  Implicit pin col_event_rst_bot_right[44] in instance \core_inst.analog_imager_inst  of pixel_4tile in cell user_project_wrapper
Note:  Implicit pin col_event_rst_bot_right[43] in instance \core_inst.analog_imager_inst  of pixel_4tile in cell user_project_wrapper
Note:  Implicit pin col_event_rst_bot_right[42] in instance \core_inst.analog_imager_inst  of pixel_4tile in cell user_project_wrapper
Note:  Implicit pin col_event_rst_bot_right[41] in instance \core_inst.analog_imager_inst  of pixel_4tile in cell user_project_wrapper
Note:  Implicit pin col_event_rst_bot_right[24] in instance \core_inst.analog_imager_inst  of pixel_4tile in cell user_project_wrapper
Note:  Implicit pin col_event_rst_bot_right[23] in instance \core_inst.analog_imager_inst  of pixel_4tile in cell user_project_wrapper
Note:  Implicit pin array_col_bot_right[0] in instance \core_inst.analog_imager_inst  of pixel_4tile in cell user_project_wrapper
Note:  Implicit pin array_col_bot_right[3] in instance \core_inst.analog_imager_inst  of pixel_4tile in cell user_project_wrapper
Note:  Implicit pin array_col_bot_right[11] in instance \core_inst.analog_imager_inst  of pixel_4tile in cell user_project_wrapper
Note:  Implicit pin array_col_bot_right[2] in instance \core_inst.analog_imager_inst  of pixel_4tile in cell user_project_wrapper
Note:  Implicit pin array_col_bot_right[9] in instance \core_inst.analog_imager_inst  of pixel_4tile in cell user_project_wrapper
Note:  Implicit pin col_event_rst_bot_right[22] in instance \core_inst.analog_imager_inst  of pixel_4tile in cell user_project_wrapper
Note:  Implicit pin col_event_rst_bot_right[21] in instance \core_inst.analog_imager_inst  of pixel_4tile in cell user_project_wrapper
Note:  Implicit pin col_event_rst_bot_right[20] in instance \core_inst.analog_imager_inst  of pixel_4tile in cell user_project_wrapper
Note:  Implicit pin col_event_rst_bot_right[19] in instance \core_inst.analog_imager_inst  of pixel_4tile in cell user_project_wrapper
Note:  Implicit pin col_event_rst_bot_right[18] in instance \core_inst.analog_imager_inst  of pixel_4tile in cell user_project_wrapper
Note:  Implicit pin col_event_rst_bot_right[17] in instance \core_inst.analog_imager_inst  of pixel_4tile in cell user_project_wrapper
Note:  Implicit pin col_event_rst_bot_right[16] in instance \core_inst.analog_imager_inst  of pixel_4tile in cell user_project_wrapper
Note:  Implicit pin col_event_rst_bot_right[15] in instance \core_inst.analog_imager_inst  of pixel_4tile in cell user_project_wrapper
Note:  Implicit pin col_event_rst_bot_right[14] in instance \core_inst.analog_imager_inst  of pixel_4tile in cell user_project_wrapper
Note:  Implicit pin col_event_rst_bot_right[13] in instance \core_inst.analog_imager_inst  of pixel_4tile in cell user_project_wrapper
Note:  Implicit pin col_event_rst_bot_right[12] in instance \core_inst.analog_imager_inst  of pixel_4tile in cell user_project_wrapper
Note:  Implicit pin col_event_rst_bot_right[11] in instance \core_inst.analog_imager_inst  of pixel_4tile in cell user_project_wrapper
Note:  Implicit pin col_event_rst_bot_right[10] in instance \core_inst.analog_imager_inst  of pixel_4tile in cell user_project_wrapper
Note:  Implicit pin col_event_rst_bot_right[9] in instance \core_inst.analog_imager_inst  of pixel_4tile in cell user_project_wrapper
Note:  Implicit pin col_event_rst_bot_right[8] in instance \core_inst.analog_imager_inst  of pixel_4tile in cell user_project_wrapper
Note:  Implicit pin col_event_rst_bot_right[7] in instance \core_inst.analog_imager_inst  of pixel_4tile in cell user_project_wrapper
Note:  Implicit pin col_event_rst_bot_right[6] in instance \core_inst.analog_imager_inst  of pixel_4tile in cell user_project_wrapper
Note:  Implicit pin col_event_rst_bot_right[5] in instance \core_inst.analog_imager_inst  of pixel_4tile in cell user_project_wrapper
Note:  Implicit pin array_col_bot_right[4] in instance \core_inst.analog_imager_inst  of pixel_4tile in cell user_project_wrapper
Note:  Implicit pin array_col_bot_right[6] in instance \core_inst.analog_imager_inst  of pixel_4tile in cell user_project_wrapper
Note:  Implicit pin array_col_bot_right[10] in instance \core_inst.analog_imager_inst  of pixel_4tile in cell user_project_wrapper
Note:  Implicit pin array_col_bot_right[8] in instance \core_inst.analog_imager_inst  of pixel_4tile in cell user_project_wrapper
Note:  Implicit pin col_event_rst_bot_right[4] in instance \core_inst.analog_imager_inst  of pixel_4tile in cell user_project_wrapper
Note:  Implicit pin col_event_rst_bot_right[3] in instance \core_inst.analog_imager_inst  of pixel_4tile in cell user_project_wrapper
Note:  Implicit pin array_col_bot_right[1] in instance \core_inst.analog_imager_inst  of pixel_4tile in cell user_project_wrapper
Note:  Implicit pin col_event_rst_bot_right[2] in instance \core_inst.analog_imager_inst  of pixel_4tile in cell user_project_wrapper
Note:  Implicit pin col_event_rst_bot_right[1] in instance \core_inst.analog_imager_inst  of pixel_4tile in cell user_project_wrapper
Note:  Implicit pin col_event_rst_bot_right[0] in instance \core_inst.analog_imager_inst  of pixel_4tile in cell user_project_wrapper
Note:  Implicit pin array_col_bot_right[7] in instance \core_inst.analog_imager_inst  of pixel_4tile in cell user_project_wrapper
Note:  Implicit pin array_col_bot_right[5] in instance \core_inst.analog_imager_inst  of pixel_4tile in cell user_project_wrapper
Note:  Implicit pin row_off_detect_top[9] in instance \core_inst.analog_imager_inst  of pixel_4tile in cell user_project_wrapper
Note:  Implicit pin row_on_detect_top[9] in instance \core_inst.analog_imager_inst  of pixel_4tile in cell user_project_wrapper
Note:  Implicit pin row_on_detect_top[8] in instance \core_inst.analog_imager_inst  of pixel_4tile in cell user_project_wrapper
Note:  Implicit pin row_off_detect_top[8] in instance \core_inst.analog_imager_inst  of pixel_4tile in cell user_project_wrapper
Note:  Implicit pin row_off_detect_top[7] in instance \core_inst.analog_imager_inst  of pixel_4tile in cell user_project_wrapper
Note:  Implicit pin row_on_detect_top[7] in instance \core_inst.analog_imager_inst  of pixel_4tile in cell user_project_wrapper
Note:  Implicit pin row_on_detect_top[6] in instance \core_inst.analog_imager_inst  of pixel_4tile in cell user_project_wrapper
Note:  Implicit pin row_off_detect_top[6] in instance \core_inst.analog_imager_inst  of pixel_4tile in cell user_project_wrapper
Note:  Implicit pin row_off_detect_top[5] in instance \core_inst.analog_imager_inst  of pixel_4tile in cell user_project_wrapper
Note:  Implicit pin row_on_detect_top[5] in instance \core_inst.analog_imager_inst  of pixel_4tile in cell user_project_wrapper
Note:  Implicit pin row_on_detect_top[4] in instance \core_inst.analog_imager_inst  of pixel_4tile in cell user_project_wrapper
Note:  Implicit pin row_off_detect_top[4] in instance \core_inst.analog_imager_inst  of pixel_4tile in cell user_project_wrapper
Note:  Implicit pin row_off_detect_top[3] in instance \core_inst.analog_imager_inst  of pixel_4tile in cell user_project_wrapper
Note:  Implicit pin row_on_detect_top[3] in instance \core_inst.analog_imager_inst  of pixel_4tile in cell user_project_wrapper
Note:  Implicit pin row_on_detect_top[2] in instance \core_inst.analog_imager_inst  of pixel_4tile in cell user_project_wrapper
Note:  Implicit pin row_off_detect_top[2] in instance \core_inst.analog_imager_inst  of pixel_4tile in cell user_project_wrapper
Note:  Implicit pin row_off_detect_top[1] in instance \core_inst.analog_imager_inst  of pixel_4tile in cell user_project_wrapper
Note:  Implicit pin row_on_detect_top[1] in instance \core_inst.analog_imager_inst  of pixel_4tile in cell user_project_wrapper
Note:  Implicit pin row_on_detect_top[0] in instance \core_inst.analog_imager_inst  of pixel_4tile in cell user_project_wrapper
Note:  Implicit pin row_off_detect_top[0] in instance \core_inst.analog_imager_inst  of pixel_4tile in cell user_project_wrapper
Note:  Implicit pin row_on_detect_top[25] in instance \core_inst.analog_imager_inst  of pixel_4tile in cell user_project_wrapper
Note:  Implicit pin row_on_detect_top[24] in instance \core_inst.analog_imager_inst  of pixel_4tile in cell user_project_wrapper
Note:  Implicit pin row_on_detect_top[23] in instance \core_inst.analog_imager_inst  of pixel_4tile in cell user_project_wrapper
Note:  Implicit pin row_on_detect_top[22] in instance \core_inst.analog_imager_inst  of pixel_4tile in cell user_project_wrapper
Note:  Implicit pin row_on_detect_top[21] in instance \core_inst.analog_imager_inst  of pixel_4tile in cell user_project_wrapper
Note:  Implicit pin row_on_detect_top[20] in instance \core_inst.analog_imager_inst  of pixel_4tile in cell user_project_wrapper
Note:  Implicit pin row_on_detect_top[19] in instance \core_inst.analog_imager_inst  of pixel_4tile in cell user_project_wrapper
Note:  Implicit pin row_on_detect_top[18] in instance \core_inst.analog_imager_inst  of pixel_4tile in cell user_project_wrapper
Note:  Implicit pin row_on_detect_top[17] in instance \core_inst.analog_imager_inst  of pixel_4tile in cell user_project_wrapper
Note:  Implicit pin row_on_detect_top[16] in instance \core_inst.analog_imager_inst  of pixel_4tile in cell user_project_wrapper
Note:  Implicit pin row_on_detect_top[15] in instance \core_inst.analog_imager_inst  of pixel_4tile in cell user_project_wrapper
Note:  Implicit pin row_on_detect_top[14] in instance \core_inst.analog_imager_inst  of pixel_4tile in cell user_project_wrapper
Note:  Implicit pin row_on_detect_top[13] in instance \core_inst.analog_imager_inst  of pixel_4tile in cell user_project_wrapper
Note:  Implicit pin row_on_detect_top[12] in instance \core_inst.analog_imager_inst  of pixel_4tile in cell user_project_wrapper
Note:  Implicit pin row_on_detect_top[11] in instance \core_inst.analog_imager_inst  of pixel_4tile in cell user_project_wrapper
Note:  Implicit pin row_on_detect_top[10] in instance \core_inst.analog_imager_inst  of pixel_4tile in cell user_project_wrapper
Note:  Implicit pin row_off_detect_top[63] in instance \core_inst.analog_imager_inst  of pixel_4tile in cell user_project_wrapper
Note:  Implicit pin row_on_detect_top[63] in instance \core_inst.analog_imager_inst  of pixel_4tile in cell user_project_wrapper
Note:  Implicit pin row_on_detect_top[62] in instance \core_inst.analog_imager_inst  of pixel_4tile in cell user_project_wrapper
Note:  Implicit pin row_off_detect_top[62] in instance \core_inst.analog_imager_inst  of pixel_4tile in cell user_project_wrapper
Note:  Implicit pin row_off_detect_top[61] in instance \core_inst.analog_imager_inst  of pixel_4tile in cell user_project_wrapper
Note:  Implicit pin row_on_detect_top[61] in instance \core_inst.analog_imager_inst  of pixel_4tile in cell user_project_wrapper
Note:  Implicit pin row_on_detect_top[60] in instance \core_inst.analog_imager_inst  of pixel_4tile in cell user_project_wrapper
Note:  Implicit pin row_off_detect_top[60] in instance \core_inst.analog_imager_inst  of pixel_4tile in cell user_project_wrapper
Note:  Implicit pin row_off_detect_top[59] in instance \core_inst.analog_imager_inst  of pixel_4tile in cell user_project_wrapper
Note:  Implicit pin row_on_detect_top[59] in instance \core_inst.analog_imager_inst  of pixel_4tile in cell user_project_wrapper
Note:  Implicit pin row_on_detect_top[58] in instance \core_inst.analog_imager_inst  of pixel_4tile in cell user_project_wrapper
Note:  Implicit pin row_off_detect_top[58] in instance \core_inst.analog_imager_inst  of pixel_4tile in cell user_project_wrapper
Note:  Implicit pin row_off_detect_top[57] in instance \core_inst.analog_imager_inst  of pixel_4tile in cell user_project_wrapper
Note:  Implicit pin row_on_detect_top[57] in instance \core_inst.analog_imager_inst  of pixel_4tile in cell user_project_wrapper
Note:  Implicit pin row_on_detect_top[56] in instance \core_inst.analog_imager_inst  of pixel_4tile in cell user_project_wrapper
Note:  Implicit pin row_off_detect_top[56] in instance \core_inst.analog_imager_inst  of pixel_4tile in cell user_project_wrapper
Note:  Implicit pin row_off_detect_top[55] in instance \core_inst.analog_imager_inst  of pixel_4tile in cell user_project_wrapper
Note:  Implicit pin row_on_detect_top[55] in instance \core_inst.analog_imager_inst  of pixel_4tile in cell user_project_wrapper
Note:  Implicit pin row_on_detect_top[54] in instance \core_inst.analog_imager_inst  of pixel_4tile in cell user_project_wrapper
Note:  Implicit pin row_off_detect_top[54] in instance \core_inst.analog_imager_inst  of pixel_4tile in cell user_project_wrapper
Note:  Implicit pin row_off_detect_top[53] in instance \core_inst.analog_imager_inst  of pixel_4tile in cell user_project_wrapper
Note:  Implicit pin row_on_detect_top[53] in instance \core_inst.analog_imager_inst  of pixel_4tile in cell user_project_wrapper
Note:  Implicit pin row_on_detect_top[52] in instance \core_inst.analog_imager_inst  of pixel_4tile in cell user_project_wrapper
Note:  Implicit pin row_off_detect_top[52] in instance \core_inst.analog_imager_inst  of pixel_4tile in cell user_project_wrapper
Note:  Implicit pin row_off_detect_top[51] in instance \core_inst.analog_imager_inst  of pixel_4tile in cell user_project_wrapper
Note:  Implicit pin row_on_detect_top[51] in instance \core_inst.analog_imager_inst  of pixel_4tile in cell user_project_wrapper
Note:  Implicit pin row_on_detect_top[50] in instance \core_inst.analog_imager_inst  of pixel_4tile in cell user_project_wrapper
Note:  Implicit pin row_off_detect_top[50] in instance \core_inst.analog_imager_inst  of pixel_4tile in cell user_project_wrapper
Note:  Implicit pin row_off_detect_top[49] in instance \core_inst.analog_imager_inst  of pixel_4tile in cell user_project_wrapper
Note:  Implicit pin row_on_detect_top[49] in instance \core_inst.analog_imager_inst  of pixel_4tile in cell user_project_wrapper
Note:  Implicit pin row_on_detect_top[48] in instance \core_inst.analog_imager_inst  of pixel_4tile in cell user_project_wrapper
Note:  Implicit pin row_off_detect_top[48] in instance \core_inst.analog_imager_inst  of pixel_4tile in cell user_project_wrapper
Note:  Implicit pin row_off_detect_top[47] in instance \core_inst.analog_imager_inst  of pixel_4tile in cell user_project_wrapper
Note:  Implicit pin row_on_detect_top[47] in instance \core_inst.analog_imager_inst  of pixel_4tile in cell user_project_wrapper
Note:  Implicit pin row_on_detect_top[46] in instance \core_inst.analog_imager_inst  of pixel_4tile in cell user_project_wrapper
Note:  Implicit pin row_off_detect_top[46] in instance \core_inst.analog_imager_inst  of pixel_4tile in cell user_project_wrapper
Note:  Implicit pin row_off_detect_top[45] in instance \core_inst.analog_imager_inst  of pixel_4tile in cell user_project_wrapper
Note:  Implicit pin row_on_detect_top[45] in instance \core_inst.analog_imager_inst  of pixel_4tile in cell user_project_wrapper
Note:  Implicit pin row_on_detect_top[44] in instance \core_inst.analog_imager_inst  of pixel_4tile in cell user_project_wrapper
Note:  Implicit pin row_off_detect_top[44] in instance \core_inst.analog_imager_inst  of pixel_4tile in cell user_project_wrapper
Note:  Implicit pin row_on_detect_top[43] in instance \core_inst.analog_imager_inst  of pixel_4tile in cell user_project_wrapper
Note:  Implicit pin row_on_detect_bot[36] in instance \core_inst.analog_imager_inst  of pixel_4tile in cell user_project_wrapper
Note:  Implicit pin row_off_detect_bot[35] in instance \core_inst.analog_imager_inst  of pixel_4tile in cell user_project_wrapper
Note:  Implicit pin row_on_detect_bot[35] in instance \core_inst.analog_imager_inst  of pixel_4tile in cell user_project_wrapper
Note:  Implicit pin row_on_detect_bot[34] in instance \core_inst.analog_imager_inst  of pixel_4tile in cell user_project_wrapper
Note:  Implicit pin row_off_detect_bot[34] in instance \core_inst.analog_imager_inst  of pixel_4tile in cell user_project_wrapper
Note:  Implicit pin row_off_detect_bot[33] in instance \core_inst.analog_imager_inst  of pixel_4tile in cell user_project_wrapper
Note:  Implicit pin row_on_detect_bot[33] in instance \core_inst.analog_imager_inst  of pixel_4tile in cell user_project_wrapper
Note:  Implicit pin row_on_detect_bot[32] in instance \core_inst.analog_imager_inst  of pixel_4tile in cell user_project_wrapper
Note:  Implicit pin row_off_detect_bot[32] in instance \core_inst.analog_imager_inst  of pixel_4tile in cell user_project_wrapper
Note:  Implicit pin row_off_detect_bot[31] in instance \core_inst.analog_imager_inst  of pixel_4tile in cell user_project_wrapper
Note:  Implicit pin row_on_detect_bot[31] in instance \core_inst.analog_imager_inst  of pixel_4tile in cell user_project_wrapper
Note:  Implicit pin row_on_detect_bot[30] in instance \core_inst.analog_imager_inst  of pixel_4tile in cell user_project_wrapper
Note:  Implicit pin row_off_detect_bot[30] in instance \core_inst.analog_imager_inst  of pixel_4tile in cell user_project_wrapper
Note:  Implicit pin row_off_detect_bot[29] in instance \core_inst.analog_imager_inst  of pixel_4tile in cell user_project_wrapper
Note:  Implicit pin row_on_detect_bot[29] in instance \core_inst.analog_imager_inst  of pixel_4tile in cell user_project_wrapper
Note:  Implicit pin row_on_detect_bot[28] in instance \core_inst.analog_imager_inst  of pixel_4tile in cell user_project_wrapper
Note:  Implicit pin row_off_detect_bot[28] in instance \core_inst.analog_imager_inst  of pixel_4tile in cell user_project_wrapper
Note:  Implicit pin row_off_detect_bot[27] in instance \core_inst.analog_imager_inst  of pixel_4tile in cell user_project_wrapper
Note:  Implicit pin row_on_detect_bot[27] in instance \core_inst.analog_imager_inst  of pixel_4tile in cell user_project_wrapper
Note:  Implicit pin row_on_detect_bot[26] in instance \core_inst.analog_imager_inst  of pixel_4tile in cell user_project_wrapper
Note:  Implicit pin row_off_detect_bot[26] in instance \core_inst.analog_imager_inst  of pixel_4tile in cell user_project_wrapper
Note:  Implicit pin row_off_detect_bot[25] in instance \core_inst.analog_imager_inst  of pixel_4tile in cell user_project_wrapper
Note:  Implicit pin row_on_detect_bot[25] in instance \core_inst.analog_imager_inst  of pixel_4tile in cell user_project_wrapper
Note:  Implicit pin row_on_detect_bot[24] in instance \core_inst.analog_imager_inst  of pixel_4tile in cell user_project_wrapper
Note:  Implicit pin row_off_detect_bot[24] in instance \core_inst.analog_imager_inst  of pixel_4tile in cell user_project_wrapper
Note:  Implicit pin row_off_detect_bot[23] in instance \core_inst.analog_imager_inst  of pixel_4tile in cell user_project_wrapper
Note:  Implicit pin row_on_detect_bot[23] in instance \core_inst.analog_imager_inst  of pixel_4tile in cell user_project_wrapper
Note:  Implicit pin row_on_detect_bot[22] in instance \core_inst.analog_imager_inst  of pixel_4tile in cell user_project_wrapper
Note:  Implicit pin row_off_detect_bot[22] in instance \core_inst.analog_imager_inst  of pixel_4tile in cell user_project_wrapper
Note:  Implicit pin row_off_detect_bot[21] in instance \core_inst.analog_imager_inst  of pixel_4tile in cell user_project_wrapper
Note:  Implicit pin row_on_detect_bot[21] in instance \core_inst.analog_imager_inst  of pixel_4tile in cell user_project_wrapper
Note:  Implicit pin row_on_detect_bot[20] in instance \core_inst.analog_imager_inst  of pixel_4tile in cell user_project_wrapper
Note:  Implicit pin row_off_detect_bot[20] in instance \core_inst.analog_imager_inst  of pixel_4tile in cell user_project_wrapper
Note:  Implicit pin row_off_detect_bot[19] in instance \core_inst.analog_imager_inst  of pixel_4tile in cell user_project_wrapper
Note:  Implicit pin row_on_detect_bot[19] in instance \core_inst.analog_imager_inst  of pixel_4tile in cell user_project_wrapper
Note:  Implicit pin row_on_detect_bot[18] in instance \core_inst.analog_imager_inst  of pixel_4tile in cell user_project_wrapper
Note:  Implicit pin row_off_detect_bot[18] in instance \core_inst.analog_imager_inst  of pixel_4tile in cell user_project_wrapper
Note:  Implicit pin row_off_detect_bot[17] in instance \core_inst.analog_imager_inst  of pixel_4tile in cell user_project_wrapper
Note:  Implicit pin row_on_detect_bot[17] in instance \core_inst.analog_imager_inst  of pixel_4tile in cell user_project_wrapper
Note:  Implicit pin row_on_detect_bot[16] in instance \core_inst.analog_imager_inst  of pixel_4tile in cell user_project_wrapper
Note:  Implicit pin row_off_detect_bot[16] in instance \core_inst.analog_imager_inst  of pixel_4tile in cell user_project_wrapper
Note:  Implicit pin row_off_detect_bot[15] in instance \core_inst.analog_imager_inst  of pixel_4tile in cell user_project_wrapper
Note:  Implicit pin row_on_detect_bot[15] in instance \core_inst.analog_imager_inst  of pixel_4tile in cell user_project_wrapper
Note:  Implicit pin row_on_detect_bot[14] in instance \core_inst.analog_imager_inst  of pixel_4tile in cell user_project_wrapper
Note:  Implicit pin row_off_detect_bot[14] in instance \core_inst.analog_imager_inst  of pixel_4tile in cell user_project_wrapper
Note:  Implicit pin row_off_detect_bot[13] in instance \core_inst.analog_imager_inst  of pixel_4tile in cell user_project_wrapper
Note:  Implicit pin row_on_detect_bot[13] in instance \core_inst.analog_imager_inst  of pixel_4tile in cell user_project_wrapper
Note:  Implicit pin row_on_detect_bot[12] in instance \core_inst.analog_imager_inst  of pixel_4tile in cell user_project_wrapper
Note:  Implicit pin row_off_detect_bot[12] in instance \core_inst.analog_imager_inst  of pixel_4tile in cell user_project_wrapper
Note:  Implicit pin row_off_detect_bot[11] in instance \core_inst.analog_imager_inst  of pixel_4tile in cell user_project_wrapper
Note:  Implicit pin row_on_detect_bot[11] in instance \core_inst.analog_imager_inst  of pixel_4tile in cell user_project_wrapper
Note:  Implicit pin row_on_detect_bot[10] in instance \core_inst.analog_imager_inst  of pixel_4tile in cell user_project_wrapper
Note:  Implicit pin row_off_detect_bot[10] in instance \core_inst.analog_imager_inst  of pixel_4tile in cell user_project_wrapper
Note:  Implicit pin row_off_detect_bot[9] in instance \core_inst.analog_imager_inst  of pixel_4tile in cell user_project_wrapper
Note:  Implicit pin row_on_detect_bot[9] in instance \core_inst.analog_imager_inst  of pixel_4tile in cell user_project_wrapper
Note:  Implicit pin row_on_detect_bot[8] in instance \core_inst.analog_imager_inst  of pixel_4tile in cell user_project_wrapper
Note:  Implicit pin row_off_detect_bot[8] in instance \core_inst.analog_imager_inst  of pixel_4tile in cell user_project_wrapper
Note:  Implicit pin row_off_detect_bot[7] in instance \core_inst.analog_imager_inst  of pixel_4tile in cell user_project_wrapper
Note:  Implicit pin row_on_detect_bot[7] in instance \core_inst.analog_imager_inst  of pixel_4tile in cell user_project_wrapper
Note:  Implicit pin row_on_detect_bot[6] in instance \core_inst.analog_imager_inst  of pixel_4tile in cell user_project_wrapper
Note:  Implicit pin row_off_detect_bot[6] in instance \core_inst.analog_imager_inst  of pixel_4tile in cell user_project_wrapper
Note:  Implicit pin row_off_detect_bot[5] in instance \core_inst.analog_imager_inst  of pixel_4tile in cell user_project_wrapper
Note:  Implicit pin row_on_detect_bot[5] in instance \core_inst.analog_imager_inst  of pixel_4tile in cell user_project_wrapper
Note:  Implicit pin row_on_detect_bot[4] in instance \core_inst.analog_imager_inst  of pixel_4tile in cell user_project_wrapper
Note:  Implicit pin row_off_detect_bot[4] in instance \core_inst.analog_imager_inst  of pixel_4tile in cell user_project_wrapper
Note:  Implicit pin row_off_detect_bot[3] in instance \core_inst.analog_imager_inst  of pixel_4tile in cell user_project_wrapper
Note:  Implicit pin row_on_detect_bot[3] in instance \core_inst.analog_imager_inst  of pixel_4tile in cell user_project_wrapper
Note:  Implicit pin row_on_detect_bot[2] in instance \core_inst.analog_imager_inst  of pixel_4tile in cell user_project_wrapper
Note:  Implicit pin row_off_detect_bot[2] in instance \core_inst.analog_imager_inst  of pixel_4tile in cell user_project_wrapper
Note:  Implicit pin row_off_detect_bot[1] in instance \core_inst.analog_imager_inst  of pixel_4tile in cell user_project_wrapper
Note:  Implicit pin row_on_detect_bot[1] in instance \core_inst.analog_imager_inst  of pixel_4tile in cell user_project_wrapper
Note:  Implicit pin row_on_detect_bot[0] in instance \core_inst.analog_imager_inst  of pixel_4tile in cell user_project_wrapper
Note:  Implicit pin row_off_detect_bot[0] in instance \core_inst.analog_imager_inst  of pixel_4tile in cell user_project_wrapper
Note:  Implicit pin row_on_detect_bot[63] in instance \core_inst.analog_imager_inst  of pixel_4tile in cell user_project_wrapper
Note:  Implicit pin row_on_detect_bot[62] in instance \core_inst.analog_imager_inst  of pixel_4tile in cell user_project_wrapper
Note:  Implicit pin row_on_detect_bot[61] in instance \core_inst.analog_imager_inst  of pixel_4tile in cell user_project_wrapper
Note:  Implicit pin row_on_detect_bot[60] in instance \core_inst.analog_imager_inst  of pixel_4tile in cell user_project_wrapper
Note:  Implicit pin row_on_detect_bot[59] in instance \core_inst.analog_imager_inst  of pixel_4tile in cell user_project_wrapper
Note:  Implicit pin row_on_detect_bot[58] in instance \core_inst.analog_imager_inst  of pixel_4tile in cell user_project_wrapper
Note:  Implicit pin row_on_detect_bot[57] in instance \core_inst.analog_imager_inst  of pixel_4tile in cell user_project_wrapper
Note:  Implicit pin row_on_detect_bot[56] in instance \core_inst.analog_imager_inst  of pixel_4tile in cell user_project_wrapper
Note:  Implicit pin row_on_detect_bot[55] in instance \core_inst.analog_imager_inst  of pixel_4tile in cell user_project_wrapper
Note:  Implicit pin row_on_detect_bot[54] in instance \core_inst.analog_imager_inst  of pixel_4tile in cell user_project_wrapper
Note:  Implicit pin row_on_detect_bot[53] in instance \core_inst.analog_imager_inst  of pixel_4tile in cell user_project_wrapper
Note:  Implicit pin row_on_detect_bot[52] in instance \core_inst.analog_imager_inst  of pixel_4tile in cell user_project_wrapper
Warning:  Net {\core_inst.BIT0[10] ,\core_inst.BIT0[9] ,\core_inst.BIT0[8] ,\core_inst.BIT0[7] ,\core_inst.BIT0[6] ,\core_inst.BIT0[5] ,\core_inst.BIT0[4] ,\core_inst.BIT0[3] ,\core_inst.BIT0[2] ,\core_inst.BIT0[1] ,\core_inst.BIT0[0] } bus width (11) does not match port BIT0 bus width (10) or array width (1).
Warning:  Net {\core_inst.dac_bias[10] ,analog_io[0],\core_inst.dac_bias[8] ,\core_inst.dac_bias[7] ,\core_inst.dac_bias[6] ,\core_inst.dac_bias[5] ,\core_inst.dac_bias[4] ,\core_inst.dac_bias[3] ,\core_inst.dac_bias[2] ,\core_inst.dac_bias[1] ,\core_inst.dac_bias[0] } bus width (11) does not match port Bias bus width (8) or array width (1).
Warning:  Net {\core_inst.BiasDisabled[10] ,\core_inst.BiasDisabled[9] ,\core_inst.BiasDisabled[8] ,\core_inst.BiasDisabled[7] ,net720,\core_inst.BiasDisabled[5] ,\core_inst.BiasDisabled[4] ,\core_inst.BiasDisabled[3] ,\core_inst.BiasDisabled[2] ,\core_inst.BiasDisabled[1] ,\core_inst.BiasDisabled[0] } bus width (11) does not match port BiasDisabled bus width (10) or array width (1).
Warning:  Net {\core_inst.coarse_code_10[7] ,\core_inst.coarse_code_10[6] ,\core_inst.coarse_code_10[5] ,\core_inst.coarse_code_10[4] ,\core_inst.coarse_code_10[3] ,\core_inst.coarse_code_10[2] ,\core_inst.coarse_code_10[1] ,\core_inst.coarse_code_10[0] ,\core_inst.coarse_code_9[7] ,\core_inst.coarse_code_9[6] ,\core_inst.coarse_code_9[5] ,\core_inst.coarse_code_9[4] ,\core_inst.coarse_code_9[3] ,\core_inst.coarse_code_9[2] ,\core_inst.coarse_code_9[1] ,\core_inst.coarse_code_9[0] ,\core_inst.coarse_code_8[7] ,\core_inst.coarse_code_8[6] ,\core_inst.coarse_code_8[5] ,\core_inst.coarse_code_8[4] ,net722,\core_inst.coarse_code_8[2] ,\core_inst.coarse_code_8[1] ,\core_inst.coarse_code_8[0] ,\core_inst.coarse_code_7[7] ,\core_inst.coarse_code_7[6] ,\core_inst.coarse_code_7[5] ,\core_inst.coarse_code_7[4] ,\core_inst.coarse_code_7[3] ,\core_inst.coarse_code_7[2] ,\core_inst.coarse_code_7[1] ,\core_inst.coarse_code_7[0] ,\core_inst.coarse_code_6[7] ,\core_inst.coarse_code_6[6] ,\core_inst.coarse_code_6[5] ,\core_inst.coarse_code_6[4] ,\core_inst.coarse_code_6[3] ,\core_inst.coarse_code_6[2] ,\core_inst.coarse_code_6[1] ,\core_inst.coarse_code_6[0] ,\core_inst.coarse_code_5[7] ,\core_inst.coarse_code_5[6] ,\core_inst.coarse_code_5[5] ,\core_inst.coarse_code_5[4] ,\core_inst.coarse_code_5[3] ,\core_inst.coarse_code_5[2] ,\core_inst.coarse_code_5[1] ,\core_inst.coarse_code_5[0] ,\core_inst.coarse_code_4[7] ,\core_inst.coarse_code_4[6] ,\core_inst.coarse_code_4[5] ,\core_inst.coarse_code_4[4] ,\core_inst.coarse_code_4[3] ,\core_inst.coarse_code_4[2] ,\core_inst.coarse_code_4[1] ,\core_inst.coarse_code_4[0] ,\core_inst.coarse_code_3[7] ,\core_inst.coarse_code_3[6] ,\core_inst.coarse_code_3[5] ,\core_inst.coarse_code_3[4] ,\core_inst.coarse_code_3[3] ,\core_inst.coarse_code_3[2] ,\core_inst.coarse_code_3[1] ,\core_inst.coarse_code_3[0] ,\core_inst.coarse_code_2[7] ,\core_inst.coarse_code_2[6] ,\core_inst.coarse_code_2[5] ,\core_inst.coarse_code_2[4] ,\core_inst.coarse_code_2[3] ,\core_inst.coarse_code_2[2] ,\core_inst.coarse_code_2[1] ,\core_inst.coarse_code_2[0] ,\core_inst.coarse_code_1[7] ,\core_inst.coarse_code_1[6] ,\core_inst.coarse_code_1[5] ,\core_inst.coarse_code_1[4] ,\core_inst.coarse_code_1[3] ,\core_inst.coarse_code_1[2] ,\core_inst.coarse_code_1[1] ,\core_inst.coarse_code_1[0] ,\core_inst.coarse_code_0[7] ,\core_inst.coarse_code_0[6] ,\core_inst.coarse_code_0[5] ,\core_inst.coarse_code_0[4] ,\core_inst.coarse_code_0[3] ,\core_inst.coarse_code_0[2] ,\core_inst.coarse_code_0[1] ,\core_inst.coarse_code_0[0] } bus width (88) does not match port CoarseOneHot bus width (80) or array width (1).
Warning:  Net {\core_inst.CoarseOneHotLowBiasEn[10] ,\core_inst.CoarseOneHotLowBiasEn[9] ,\core_inst.CoarseOneHotLowBiasEn[8] ,\core_inst.CoarseOneHotLowBiasEn[7] ,\core_inst.CoarseOneHotLowBiasEn[6] ,\core_inst.CoarseOneHotLowBiasEn[5] ,\core_inst.CoarseOneHotLowBiasEn[4] ,\core_inst.CoarseOneHotLowBiasEn[3] ,\core_inst.CoarseOneHotLowBiasEn[2] ,\core_inst.CoarseOneHotLowBiasEn[1] ,\core_inst.CoarseOneHotLowBiasEn[0] } bus width (11) does not match port CoarseOneHotLowBiasEn bus width (10) or array width (1).
Warning:  Net {\core_inst.fine_code_10[7] ,\core_inst.fine_code_10[6] ,\core_inst.fine_code_10[5] ,\core_inst.fine_code_10[4] ,\core_inst.fine_code_10[3] ,\core_inst.fine_code_10[2] ,\core_inst.fine_code_10[1] ,\core_inst.fine_code_10[0] ,\core_inst.fine_code_9[7] ,\core_inst.fine_code_9[6] ,\core_inst.fine_code_9[5] ,\core_inst.fine_code_9[4] ,\core_inst.fine_code_9[3] ,\core_inst.fine_code_9[2] ,\core_inst.fine_code_9[1] ,\core_inst.fine_code_9[0] ,\core_inst.fine_code_8[7] ,\core_inst.fine_code_8[6] ,\core_inst.fine_code_8[5] ,\core_inst.fine_code_8[4] ,\core_inst.fine_code_8[3] ,\core_inst.fine_code_8[2] ,\core_inst.fine_code_8[1] ,\core_inst.fine_code_8[0] ,\core_inst.fine_code_7[7] ,\core_inst.fine_code_7[6] ,\core_inst.fine_code_7[5] ,\core_inst.fine_code_7[4] ,\core_inst.fine_code_7[3] ,\core_inst.fine_code_7[2] ,\core_inst.fine_code_7[1] ,\core_inst.fine_code_7[0] ,\core_inst.fine_code_6[7] ,\core_inst.fine_code_6[6] ,\core_inst.fine_code_6[5] ,\core_inst.fine_code_6[4] ,\core_inst.fine_code_6[3] ,\core_inst.fine_code_6[2] ,\core_inst.fine_code_6[1] ,\core_inst.fine_code_6[0] ,\core_inst.fine_code_5[7] ,\core_inst.fine_code_5[6] ,\core_inst.fine_code_5[5] ,\core_inst.fine_code_5[4] ,\core_inst.fine_code_5[3] ,\core_inst.fine_code_5[2] ,\core_inst.fine_code_5[1] ,\core_inst.fine_code_5[0] ,\core_inst.fine_code_4[7] ,\core_inst.fine_code_4[6] ,\core_inst.fine_code_4[5] ,\core_inst.fine_code_4[4] ,\core_inst.fine_code_4[3] ,\core_inst.fine_code_4[2] ,\core_inst.fine_code_4[1] ,\core_inst.fine_code_4[0] ,\core_inst.fine_code_3[7] ,\core_inst.fine_code_3[6] ,\core_inst.fine_code_3[5] ,\core_inst.fine_code_3[4] ,\core_inst.fine_code_3[3] ,\core_inst.fine_code_3[2] ,\core_inst.fine_code_3[1] ,\core_inst.fine_code_3[0] ,\core_inst.fine_code_2[7] ,\core_inst.fine_code_2[6] ,\core_inst.fine_code_2[5] ,\core_inst.fine_code_2[4] ,\core_inst.fine_code_2[3] ,\core_inst.fine_code_2[2] ,\core_inst.fine_code_2[1] ,\core_inst.fine_code_2[0] ,\core_inst.fine_code_1[7] ,\core_inst.fine_code_1[6] ,\core_inst.fine_code_1[5] ,\core_inst.fine_code_1[4] ,\core_inst.fine_code_1[3] ,\core_inst.fine_code_1[2] ,\core_inst.fine_code_1[1] ,\core_inst.fine_code_1[0] ,\core_inst.fine_code_0[7] ,\core_inst.fine_code_0[6] ,\core_inst.fine_code_0[5] ,\core_inst.fine_code_0[4] ,\core_inst.fine_code_0[3] ,\core_inst.fine_code_0[2] ,\core_inst.fine_code_0[1] ,\core_inst.fine_code_0[0] } bus width (88) does not match port FineCode bus width (79) or array width (1).
Warning:  Net {\core_inst.LowBiasInterfaceEn[10] ,\core_inst.LowBiasInterfaceEn[9] ,\core_inst.LowBiasInterfaceEn[8] ,\core_inst.LowBiasInterfaceEn[7] ,\core_inst.LowBiasInterfaceEn[6] ,\core_inst.LowBiasInterfaceEn[5] ,\core_inst.LowBiasInterfaceEn[4] ,\core_inst.LowBiasInterfaceEn[3] ,\core_inst.LowBiasInterfaceEn[2] ,\core_inst.LowBiasInterfaceEn[1] ,\core_inst.LowBiasInterfaceEn[0] } bus width (11) does not match port LowBiasInterfaceEn bus width (10) or array width (1).
Warning:  Net {\core_inst.NBiasEn[10] ,\core_inst.NBiasEn[9] ,\core_inst.NBiasEn[8] ,\core_inst.NBiasEn[7] ,\core_inst.NBiasEn[6] ,\core_inst.NBiasEn[5] ,\core_inst.NBiasEn[4] ,\core_inst.NBiasEn[3] ,\core_inst.NBiasEn[2] ,\core_inst.NBiasEn[1] ,\core_inst.NBiasEn[0] } bus width (11) does not match port NBiasEn bus width (10) or array width (1).
Warning:  Net {\core_inst.PBiasEn[10] ,\core_inst.PBiasEn[9] ,\core_inst.PBiasEn[8] ,\core_inst.PBiasEn[7] ,net721,\core_inst.PBiasEn[5] ,\core_inst.PBiasEn[4] ,\core_inst.PBiasEn[3] ,\core_inst.PBiasEn[2] ,\core_inst.PBiasEn[1] ,\core_inst.PBiasEn[0] } bus width (11) does not match port PBiasEn bus width (10) or array width (1).
Warning:  Net {analog_io[28],analog_io[27],analog_io[26],analog_io[25],analog_io[24],analog_io[23],analog_io[22],analog_io[21],analog_io[20],analog_io[19],analog_io[18]} bus width (11) does not match port PadBias bus width (6) or array width (1).
Warning:  Net {\core_inst.PowerDown[10] ,\core_inst.PowerDown[9] ,\core_inst.PowerDown[8] ,net718,net719,\core_inst.PowerDown[5] ,\core_inst.PowerDown[4] ,\core_inst.PowerDown[3] ,\core_inst.PowerDown[2] ,\core_inst.PowerDown[1] ,\core_inst.PowerDown[0] } bus width (11) does not match port PowerDown bus width (10) or array width (1).
Warning:  Net {\core_inst.i_digital_top.i_regfile.mem_in[15][23] ,\core_inst.i_digital_top.i_regfile.mem_in[15][22] ,\core_inst.i_digital_top.i_regfile.mem_in[15][21] ,\core_inst.i_digital_top.i_regfile.mem_in[15][20] ,\core_inst.i_digital_top.i_regfile.mem_in[15][19] ,\core_inst.i_digital_top.i_regfile.mem_in[15][18] ,\core_inst.i_digital_top.i_regfile.mem_in[15][17] ,\core_inst.i_digital_top.i_regfile.mem_in[15][16] ,\core_inst.i_digital_top.i_regfile.mem_in[15][15] ,\core_inst.i_digital_top.i_regfile.mem_in[15][14] ,\core_inst.i_digital_top.i_regfile.mem_in[15][13] ,\core_inst.i_digital_top.i_regfile.mem_in[15][12] ,\core_inst.i_digital_top.i_regfile.mem_in[15][11] ,\core_inst.i_digital_top.i_regfile.mem_in[15][10] ,\core_inst.i_digital_top.i_regfile.mem_in[15][9] ,\core_inst.i_digital_top.i_regfile.mem_in[15][8] ,\core_inst.i_digital_top.i_regfile.mem_in[15][7] ,\core_inst.i_digital_top.i_regfile.mem_in[15][6] ,\core_inst.i_digital_top.i_regfile.mem_in[15][5] ,\core_inst.i_digital_top.i_regfile.mem_in[15][4] ,\core_inst.i_digital_top.i_regfile.mem_in[15][3] ,\core_inst.i_digital_top.i_regfile.mem_in[15][2] ,\core_inst.i_digital_top.i_regfile.mem_in[15][1] ,\core_inst.i_digital_top.i_regfile.mem_in[15][0] ,\core_inst.i_digital_top.i_regfile.mem_in[14][31] ,\core_inst.i_digital_top.i_regfile.mem_in[14][30] ,\core_inst.i_digital_top.i_regfile.mem_in[14][29] ,\core_inst.i_digital_top.i_regfile.mem_in[14][28] ,\core_inst.i_digital_top.i_regfile.mem_in[14][27] ,\core_inst.i_digital_top.i_regfile.mem_in[14][26] ,\core_inst.i_digital_top.i_regfile.mem_in[14][25] ,\core_inst.i_digital_top.i_regfile.mem_in[14][24] ,\core_inst.i_digital_top.i_regfile.mem_in[14][23] ,\core_inst.i_digital_top.i_regfile.mem_in[14][22] ,\core_inst.i_digital_top.i_regfile.mem_in[14][21] ,\core_inst.i_digital_top.i_regfile.mem_in[14][20] ,\core_inst.i_digital_top.i_regfile.mem_in[14][19] ,\core_inst.i_digital_top.i_regfile.mem_in[14][18] ,\core_inst.i_digital_top.i_regfile.mem_in[14][17] ,\core_inst.i_digital_top.i_regfile.mem_in[14][16] ,\core_inst.i_digital_top.i_regfile.mem_in[14][15] ,\core_inst.i_digital_top.i_regfile.mem_in[14][14] ,\core_inst.i_digital_top.i_regfile.mem_in[14][13] ,\core_inst.i_digital_top.i_regfile.mem_in[14][12] ,\core_inst.i_digital_top.i_regfile.mem_in[14][11] ,\core_inst.i_digital_top.i_regfile.mem_in[14][10] ,\core_inst.i_digital_top.i_regfile.mem_in[14][9] ,\core_inst.i_digital_top.i_regfile.mem_in[14][8] ,\core_inst.i_digital_top.i_regfile.mem_in[14][7] ,\core_inst.i_digital_top.i_regfile.mem_in[14][6] ,\core_inst.i_digital_top.i_regfile.mem_in[14][5] ,\core_inst.i_digital_top.i_regfile.mem_in[14][4] ,\core_inst.i_digital_top.i_regfile.mem_in[14][3] ,\core_inst.i_digital_top.i_regfile.mem_in[14][2] ,\core_inst.i_digital_top.i_regfile.mem_in[14][1] ,\core_inst.i_digital_top.i_regfile.mem_in[14][0] ,\core_inst.i_digital_top.i_regfile.mem_in[13][31] ,\core_inst.i_digital_top.i_regfile.mem_in[13][30] ,\core_inst.i_digital_top.i_regfile.mem_in[13][29] ,\core_inst.i_digital_top.i_regfile.mem_in[13][28] ,\core_inst.i_digital_top.i_regfile.mem_in[13][27] ,\core_inst.i_digital_top.i_regfile.mem_in[13][26] ,\core_inst.i_digital_top.i_regfile.mem_in[13][25] ,\core_inst.i_digital_top.i_regfile.mem_in[13][24] ,\core_inst.i_digital_top.i_regfile.mem_in[13][23] ,\core_inst.i_digital_top.i_regfile.mem_in[13][22] ,\core_inst.i_digital_top.i_regfile.mem_in[13][21] ,\core_inst.i_digital_top.i_regfile.mem_in[13][20] ,\core_inst.i_digital_top.i_regfile.mem_in[13][19] ,\core_inst.i_digital_top.i_regfile.mem_in[13][18] ,\core_inst.i_digital_top.i_regfile.mem_in[13][17] ,\core_inst.i_digital_top.i_regfile.mem_in[13][16] ,\core_inst.i_digital_top.i_regfile.mem_in[13][15] ,\core_inst.i_digital_top.i_regfile.mem_in[13][14] ,\core_inst.i_digital_top.i_regfile.mem_in[13][13] ,\core_inst.i_digital_top.i_regfile.mem_in[13][12] ,\core_inst.i_digital_top.i_regfile.mem_in[13][11] ,\core_inst.i_digital_top.i_regfile.mem_in[13][10] ,\core_inst.i_digital_top.i_regfile.mem_in[13][9] ,\core_inst.i_digital_top.i_regfile.mem_in[13][8] ,\core_inst.i_digital_top.i_regfile.mem_in[13][7] ,\core_inst.i_digital_top.i_regfile.mem_in[13][6] ,\core_inst.i_digital_top.i_regfile.mem_in[13][5] ,\core_inst.i_digital_top.i_regfile.mem_in[13][4] ,\core_inst.i_digital_top.i_regfile.mem_in[13][3] ,\core_inst.i_digital_top.i_regfile.mem_in[13][2] ,\core_inst.i_digital_top.i_regfile.mem_in[13][1] ,\core_inst.i_digital_top.i_regfile.mem_in[13][0] } bus width (88) does not match port nFineCode bus width (79) or array width (1).
Warning:  Net {\core_inst.i_digital_top.i_regfile.mem_in[19][26] ,\core_inst.i_digital_top.i_regfile.mem_in[19][25] ,\core_inst.i_digital_top.i_regfile.mem_in[19][24] ,\core_inst.i_digital_top.i_regfile.mem_in[19][23] ,\core_inst.i_digital_top.i_regfile.mem_in[19][22] ,\core_inst.i_digital_top.i_regfile.mem_in[19][21] ,\core_inst.i_digital_top.i_regfile.mem_in[19][20] ,\core_inst.i_digital_top.i_regfile.mem_in[19][19] ,\core_inst.i_digital_top.i_regfile.mem_in[19][18] ,\core_inst.i_digital_top.i_regfile.mem_in[19][17] ,\core_inst.i_digital_top.i_regfile.mem_in[19][16] } bus width (11) does not match port nLowBiasInterfaceEn bus width (10) or array width (1).
Note:  Implicit pin Bias[8] in instance \core_inst.i_bias_gen  of BiasBranchnMasterx11 in cell user_project_wrapper
Note:  Implicit pin PadBias[8] in instance \core_inst.i_bias_gen  of BiasBranchnMasterx11 in cell user_project_wrapper
Note:  Implicit pin Bias[9] in instance \core_inst.i_bias_gen  of BiasBranchnMasterx11 in cell user_project_wrapper
Note:  Implicit pin PadBias[9] in instance \core_inst.i_bias_gen  of BiasBranchnMasterx11 in cell user_project_wrapper
Note:  Implicit pin PadBias[10] in instance \core_inst.i_bias_gen  of BiasBranchnMasterx11 in cell user_project_wrapper
Note:  Implicit pin Bias[10] in instance \core_inst.i_bias_gen  of BiasBranchnMasterx11 in cell user_project_wrapper
Note:  Implicit pin PadBias[0] in instance \core_inst.i_bias_gen  of BiasBranchnMasterx11 in cell user_project_wrapper
Note:  Implicit pin PadBias[1] in instance \core_inst.i_bias_gen  of BiasBranchnMasterx11 in cell user_project_wrapper
Note:  Implicit pin FineCode[87] in instance \core_inst.i_bias_gen  of BiasBranchnMasterx11 in cell user_project_wrapper
Note:  Implicit pin nFineCode[87] in instance \core_inst.i_bias_gen  of BiasBranchnMasterx11 in cell user_project_wrapper
Note:  Implicit pin FineCode[86] in instance \core_inst.i_bias_gen  of BiasBranchnMasterx11 in cell user_project_wrapper
Note:  Implicit pin nFineCode[86] in instance \core_inst.i_bias_gen  of BiasBranchnMasterx11 in cell user_project_wrapper
Note:  Implicit pin FineCode[85] in instance \core_inst.i_bias_gen  of BiasBranchnMasterx11 in cell user_project_wrapper
Note:  Implicit pin nFineCode[85] in instance \core_inst.i_bias_gen  of BiasBranchnMasterx11 in cell user_project_wrapper
Note:  Implicit pin FineCode[84] in instance \core_inst.i_bias_gen  of BiasBranchnMasterx11 in cell user_project_wrapper
Note:  Implicit pin CoarseOneHot[87] in instance \core_inst.i_bias_gen  of BiasBranchnMasterx11 in cell user_project_wrapper
Note:  Implicit pin CoarseOneHot[86] in instance \core_inst.i_bias_gen  of BiasBranchnMasterx11 in cell user_project_wrapper
Note:  Implicit pin CoarseOneHot[85] in instance \core_inst.i_bias_gen  of BiasBranchnMasterx11 in cell user_project_wrapper
Note:  Implicit pin CoarseOneHot[84] in instance \core_inst.i_bias_gen  of BiasBranchnMasterx11 in cell user_project_wrapper
Note:  Implicit pin CoarseOneHot[83] in instance \core_inst.i_bias_gen  of BiasBranchnMasterx11 in cell user_project_wrapper
Note:  Implicit pin CoarseOneHot[82] in instance \core_inst.i_bias_gen  of BiasBranchnMasterx11 in cell user_project_wrapper
Note:  Implicit pin CoarseOneHot[81] in instance \core_inst.i_bias_gen  of BiasBranchnMasterx11 in cell user_project_wrapper
Note:  Implicit pin CoarseOneHot[80] in instance \core_inst.i_bias_gen  of BiasBranchnMasterx11 in cell user_project_wrapper
Note:  Implicit pin CoarseOneHotLowBiasEn[10] in instance \core_inst.i_bias_gen  of BiasBranchnMasterx11 in cell user_project_wrapper
Note:  Implicit pin LowBiasInterfaceEn[10] in instance \core_inst.i_bias_gen  of BiasBranchnMasterx11 in cell user_project_wrapper
Note:  Implicit pin nLowBiasInterfaceEn[10] in instance \core_inst.i_bias_gen  of BiasBranchnMasterx11 in cell user_project_wrapper
Note:  Implicit pin FineCode[4] in instance \core_inst.i_bias_gen  of BiasBranchnMasterx11 in cell user_project_wrapper
Note:  Implicit pin nFineCode[4] in instance \core_inst.i_bias_gen  of BiasBranchnMasterx11 in cell user_project_wrapper
Note:  Implicit pin FineCode[3] in instance \core_inst.i_bias_gen  of BiasBranchnMasterx11 in cell user_project_wrapper
Note:  Implicit pin nFineCode[3] in instance \core_inst.i_bias_gen  of BiasBranchnMasterx11 in cell user_project_wrapper
Note:  Implicit pin FineCode[2] in instance \core_inst.i_bias_gen  of BiasBranchnMasterx11 in cell user_project_wrapper
Note:  Implicit pin nFineCode[2] in instance \core_inst.i_bias_gen  of BiasBranchnMasterx11 in cell user_project_wrapper
Note:  Implicit pin FineCode[1] in instance \core_inst.i_bias_gen  of BiasBranchnMasterx11 in cell user_project_wrapper
Note:  Implicit pin nFineCode[1] in instance \core_inst.i_bias_gen  of BiasBranchnMasterx11 in cell user_project_wrapper
Note:  Implicit pin FineCode[0] in instance \core_inst.i_bias_gen  of BiasBranchnMasterx11 in cell user_project_wrapper
Note:  Implicit pin nFineCode[0] in instance \core_inst.i_bias_gen  of BiasBranchnMasterx11 in cell user_project_wrapper
Note:  Implicit pin nFineCode[5] in instance \core_inst.i_bias_gen  of BiasBranchnMasterx11 in cell user_project_wrapper
Note:  Implicit pin PowerDown[0] in instance \core_inst.i_bias_gen  of BiasBranchnMasterx11 in cell user_project_wrapper
Note:  Implicit pin PBiasEn[0] in instance \core_inst.i_bias_gen  of BiasBranchnMasterx11 in cell user_project_wrapper
Note:  Implicit pin NBiasEn[0] in instance \core_inst.i_bias_gen  of BiasBranchnMasterx11 in cell user_project_wrapper
Note:  Implicit pin BiasDisabled[0] in instance \core_inst.i_bias_gen  of BiasBranchnMasterx11 in cell user_project_wrapper
Note:  Implicit pin BIT0[0] in instance \core_inst.i_bias_gen  of BiasBranchnMasterx11 in cell user_project_wrapper
Note:  Implicit pin HI in instance \core_inst.i_pixel_test_struct_851  of sky130_fd_sc_hd__conb_1 in cell user_project_wrapper
Note:  Implicit pin Y in instance clkload0 of sky130_fd_sc_hd__inv_12 in cell user_project_wrapper
Note:  Implicit pin Y in instance clkload1 of sky130_fd_sc_hd__inv_8 in cell user_project_wrapper
Note:  Implicit pin Y in instance clkload2 of sky130_fd_sc_hd__inv_8 in cell user_project_wrapper
Note:  Implicit pin Y in instance clkload3 of sky130_fd_sc_hd__inv_16 in cell user_project_wrapper
Note:  Implicit pin Y in instance clkload4 of sky130_fd_sc_hd__clkinv_8 in cell user_project_wrapper
Note:  Implicit pin Y in instance clkload5 of sky130_fd_sc_hd__inv_8 in cell user_project_wrapper
Note:  Implicit pin X in instance clkload6 of sky130_fd_sc_hd__clkbuf_2 in cell user_project_wrapper
Note:  Implicit pin Y in instance clkload7 of sky130_fd_sc_hd__inv_16 in cell user_project_wrapper
Note:  Implicit pin Y in instance clkload8 of sky130_fd_sc_hd__inv_16 in cell user_project_wrapper
Note:  Implicit pin Y in instance clkload9 of sky130_fd_sc_hd__clkinv_8 in cell user_project_wrapper
Note:  Implicit pin Y in instance clkload10 of sky130_fd_sc_hd__clkinv_16 in cell user_project_wrapper
Note:  Implicit pin Y in instance clkload11 of sky130_fd_sc_hd__inv_12 in cell user_project_wrapper
Note:  Implicit pin Y in instance clkload12 of sky130_fd_sc_hd__inv_8 in cell user_project_wrapper
Note:  Implicit pin Y in instance clkload13 of sky130_fd_sc_hd__clkinv_16 in cell user_project_wrapper
Note:  Implicit pin Y in instance clkload14 of sky130_fd_sc_hd__inv_6 in cell user_project_wrapper
Note:  Implicit pin Y in instance clkload15 of sky130_fd_sc_hd__clkinv_16 in cell user_project_wrapper
Note:  Implicit pin Y in instance clkload16 of sky130_fd_sc_hd__clkinv_16 in cell user_project_wrapper
Note:  Implicit pin Y in instance clkload17 of sky130_fd_sc_hd__clkinv_16 in cell user_project_wrapper
Note:  Implicit pin Y in instance clkload18 of sky130_fd_sc_hd__inv_12 in cell user_project_wrapper
Note:  Implicit pin Y in instance clkload19 of sky130_fd_sc_hd__clkinv_16 in cell user_project_wrapper
Note:  Implicit pin Y in instance clkload20 of sky130_fd_sc_hd__inv_12 in cell user_project_wrapper
Note:  Implicit pin Y in instance clkload21 of sky130_fd_sc_hd__clkinv_16 in cell user_project_wrapper
Note:  Implicit pin Y in instance clkload22 of sky130_fd_sc_hd__inv_12 in cell user_project_wrapper
Note:  Implicit pin Y in instance clkload23 of sky130_fd_sc_hd__inv_12 in cell user_project_wrapper
Note:  Implicit pin X in instance clkload24 of sky130_fd_sc_hd__clkbuf_4 in cell user_project_wrapper
Note:  Implicit pin Y in instance clkload25 of sky130_fd_sc_hd__clkinvlp_4 in cell user_project_wrapper
Note:  Implicit pin Y in instance clkload26 of sky130_fd_sc_hd__inv_6 in cell user_project_wrapper
Note:  Implicit pin Y in instance clkload27 of sky130_fd_sc_hd__clkinv_8 in cell user_project_wrapper
Note:  Implicit pin Y in instance clkload28 of sky130_fd_sc_hd__clkinv_16 in cell user_project_wrapper
Note:  Implicit pin Y in instance clkload29 of sky130_fd_sc_hd__inv_8 in cell user_project_wrapper
Note:  Implicit pin Y in instance clkload30 of sky130_fd_sc_hd__clkinv_8 in cell user_project_wrapper
Note:  Implicit pin Y in instance clkload31 of sky130_fd_sc_hd__clkinv_8 in cell user_project_wrapper
Note:  Implicit pin Y in instance clkload32 of sky130_fd_sc_hd__clkinvlp_4 in cell user_project_wrapper
Note:  Implicit pin Y in instance clkload33 of sky130_fd_sc_hd__bufinv_16 in cell user_project_wrapper
Note:  Implicit pin X in instance clkload34 of sky130_fd_sc_hd__clkbuf_8 in cell user_project_wrapper
Note:  Implicit pin Y in instance clkload35 of sky130_fd_sc_hd__clkinv_8 in cell user_project_wrapper
Note:  Implicit pin Y in instance clkload36 of sky130_fd_sc_hd__inv_6 in cell user_project_wrapper
Note:  Implicit pin Y in instance clkload37 of sky130_fd_sc_hd__inv_12 in cell user_project_wrapper
Note:  Implicit pin Y in instance clkload38 of sky130_fd_sc_hd__inv_12 in cell user_project_wrapper
Note:  Implicit pin Y in instance clkload39 of sky130_fd_sc_hd__clkinv_8 in cell user_project_wrapper
Note:  Implicit pin Y in instance clkload40 of sky130_fd_sc_hd__inv_6 in cell user_project_wrapper
Note:  Implicit pin X in instance clkload41 of sky130_fd_sc_hd__clkbuf_8 in cell user_project_wrapper
Note:  Implicit pin Y in instance clkload42 of sky130_fd_sc_hd__inv_8 in cell user_project_wrapper
Note:  Implicit pin Y in instance clkload43 of sky130_fd_sc_hd__clkinvlp_4 in cell user_project_wrapper
Note:  Implicit pin Y in instance clkload44 of sky130_fd_sc_hd__inv_6 in cell user_project_wrapper
Note:  Implicit pin Y in instance clkload45 of sky130_fd_sc_hd__inv_8 in cell user_project_wrapper
Note:  Implicit pin Y in instance clkload46 of sky130_fd_sc_hd__clkinv_16 in cell user_project_wrapper
Note:  Implicit pin Y in instance clkload47 of sky130_fd_sc_hd__inv_16 in cell user_project_wrapper
Note:  Implicit pin X in instance clkload48 of sky130_fd_sc_hd__clkbuf_4 in cell user_project_wrapper
Note:  Implicit pin Y in instance clkload49 of sky130_fd_sc_hd__clkinvlp_4 in cell user_project_wrapper
Note:  Implicit pin X in instance clkload50 of sky130_fd_sc_hd__clkbuf_4 in cell user_project_wrapper
Note:  Implicit pin X in instance clkload51 of sky130_fd_sc_hd__clkbuf_8 in cell user_project_wrapper
Note:  Implicit pin Y in instance clkload52 of sky130_fd_sc_hd__inv_6 in cell user_project_wrapper
Note:  Implicit pin Y in instance clkload53 of sky130_fd_sc_hd__clkinvlp_4 in cell user_project_wrapper
Note:  Implicit pin Y in instance clkload54 of sky130_fd_sc_hd__inv_6 in cell user_project_wrapper
Note:  Implicit pin Y in instance clkload55 of sky130_fd_sc_hd__clkinv_2 in cell user_project_wrapper
Note:  Implicit pin Y in instance clkload56 of sky130_fd_sc_hd__clkinv_4 in cell user_project_wrapper
Note:  Implicit pin Y in instance clkload57 of sky130_fd_sc_hd__clkinvlp_4 in cell user_project_wrapper
Note:  Implicit pin Y in instance clkload58 of sky130_fd_sc_hd__inv_6 in cell user_project_wrapper
Note:  Implicit pin Y in instance clkload59 of sky130_fd_sc_hd__bufinv_16 in cell user_project_wrapper
Note:  Implicit pin Y in instance clkload60 of sky130_fd_sc_hd__bufinv_16 in cell user_project_wrapper
Note:  Implicit pin Y in instance clkload61 of sky130_fd_sc_hd__clkinv_2 in cell user_project_wrapper
Note:  Implicit pin Y in instance clkload62 of sky130_fd_sc_hd__clkinv_4 in cell user_project_wrapper
Note:  Implicit pin X in instance clkload63 of sky130_fd_sc_hd__clkbuf_4 in cell user_project_wrapper
Note:  Implicit pin Y in instance clkload64 of sky130_fd_sc_hd__bufinv_16 in cell user_project_wrapper
Note:  Implicit pin Y in instance clkload65 of sky130_fd_sc_hd__clkinv_4 in cell user_project_wrapper
Note:  Implicit pin X in instance clkload66 of sky130_fd_sc_hd__clkbuf_8 in cell user_project_wrapper
Note:  Implicit pin Y in instance clkload67 of sky130_fd_sc_hd__inv_6 in cell user_project_wrapper
Note:  Implicit pin Y in instance clkload68 of sky130_fd_sc_hd__inv_6 in cell user_project_wrapper
Note:  Implicit pin Y in instance clkload69 of sky130_fd_sc_hd__clkinv_2 in cell user_project_wrapper
Note:  Implicit pin X in instance clkload70 of sky130_fd_sc_hd__clkbuf_8 in cell user_project_wrapper
Note:  Implicit pin Y in instance clkload71 of sky130_fd_sc_hd__clkinv_4 in cell user_project_wrapper
Note:  Implicit pin Y in instance clkload72 of sky130_fd_sc_hd__inv_6 in cell user_project_wrapper
Note:  Implicit pin X in instance clkload73 of sky130_fd_sc_hd__clkbuf_4 in cell user_project_wrapper
Note:  Implicit pin X in instance clkload74 of sky130_fd_sc_hd__clkbuf_8 in cell user_project_wrapper
Note:  Implicit pin Y in instance clkload75 of sky130_fd_sc_hd__clkinv_4 in cell user_project_wrapper
Note:  Implicit pin Y in instance clkload76 of sky130_fd_sc_hd__clkinvlp_4 in cell user_project_wrapper
Note:  Implicit pin Y in instance clkload77 of sky130_fd_sc_hd__inv_6 in cell user_project_wrapper
Note:  Implicit pin Y in instance clkload78 of sky130_fd_sc_hd__inv_6 in cell user_project_wrapper
Note:  Implicit pin Y in instance clkload79 of sky130_fd_sc_hd__inv_6 in cell user_project_wrapper
Note:  Implicit pin X in instance clkload80 of sky130_fd_sc_hd__clkbuf_8 in cell user_project_wrapper
Note:  Implicit pin X in instance clkload81 of sky130_fd_sc_hd__clkbuf_4 in cell user_project_wrapper
Note:  Implicit pin X in instance clkload82 of sky130_fd_sc_hd__clkbuf_4 in cell user_project_wrapper
Note:  Implicit pin Y in instance clkload83 of sky130_fd_sc_hd__bufinv_16 in cell user_project_wrapper
Note:  Implicit pin Y in instance clkload84 of sky130_fd_sc_hd__bufinv_16 in cell user_project_wrapper
Note:  Implicit pin X in instance clkload85 of sky130_fd_sc_hd__clkbuf_4 in cell user_project_wrapper
Note:  Implicit pin Y in instance clkload86 of sky130_fd_sc_hd__clkinv_2 in cell user_project_wrapper
Note:  Implicit pin Y in instance clkload87 of sky130_fd_sc_hd__bufinv_16 in cell user_project_wrapper
Note:  Implicit pin X in instance clkload88 of sky130_fd_sc_hd__clkbuf_4 in cell user_project_wrapper
Note:  Implicit pin Y in instance clkload89 of sky130_fd_sc_hd__inv_6 in cell user_project_wrapper
Note:  Implicit pin Y in instance clkload90 of sky130_fd_sc_hd__clkinvlp_4 in cell user_project_wrapper
Note:  Implicit pin Y in instance clkload91 of sky130_fd_sc_hd__clkinv_4 in cell user_project_wrapper
Note:  Implicit pin Y in instance clkload92 of sky130_fd_sc_hd__inv_6 in cell user_project_wrapper
Note:  Implicit pin Y in instance clkload93 of sky130_fd_sc_hd__clkinvlp_4 in cell user_project_wrapper
Note:  Implicit pin Y in instance clkload94 of sky130_fd_sc_hd__clkinv_2 in cell user_project_wrapper
Note:  Implicit pin Y in instance clkload95 of sky130_fd_sc_hd__clkinv_2 in cell user_project_wrapper
Note:  Implicit pin Y in instance clkload96 of sky130_fd_sc_hd__clkinvlp_4 in cell user_project_wrapper
Note:  Implicit pin X in instance clkload97 of sky130_fd_sc_hd__clkbuf_8 in cell user_project_wrapper
Note:  Implicit pin Y in instance clkload98 of sky130_fd_sc_hd__bufinv_16 in cell user_project_wrapper
Note:  Implicit pin Y in instance clkload99 of sky130_fd_sc_hd__inv_6 in cell user_project_wrapper
Note:  Implicit pin Y in instance clkload100 of sky130_fd_sc_hd__clkinvlp_4 in cell user_project_wrapper
Note:  Implicit pin Y in instance clkload101 of sky130_fd_sc_hd__inv_6 in cell user_project_wrapper
Note:  Implicit pin Y in instance clkload102 of sky130_fd_sc_hd__clkinv_4 in cell user_project_wrapper
Note:  Implicit pin Y in instance clkload103 of sky130_fd_sc_hd__bufinv_16 in cell user_project_wrapper
Note:  Implicit pin Y in instance clkload104 of sky130_fd_sc_hd__clkinvlp_4 in cell user_project_wrapper
Note:  Implicit pin Y in instance clkload105 of sky130_fd_sc_hd__inv_6 in cell user_project_wrapper
Note:  Implicit pin X in instance clkload106 of sky130_fd_sc_hd__clkbuf_8 in cell user_project_wrapper
Note:  Implicit pin Y in instance clkload107 of sky130_fd_sc_hd__inv_6 in cell user_project_wrapper
Note:  Implicit pin Y in instance clkload108 of sky130_fd_sc_hd__bufinv_16 in cell user_project_wrapper
Note:  Implicit pin Y in instance clkload109 of sky130_fd_sc_hd__clkinv_4 in cell user_project_wrapper
Note:  Implicit pin Y in instance clkload110 of sky130_fd_sc_hd__bufinv_16 in cell user_project_wrapper
Note:  Implicit pin Y in instance clkload111 of sky130_fd_sc_hd__clkinv_2 in cell user_project_wrapper
Note:  Implicit pin X in instance clkload112 of sky130_fd_sc_hd__clkbuf_8 in cell user_project_wrapper
Note:  Implicit pin Y in instance clkload113 of sky130_fd_sc_hd__clkinv_2 in cell user_project_wrapper
Note:  Implicit pin Y in instance clkload114 of sky130_fd_sc_hd__clkinv_2 in cell user_project_wrapper
Note:  Implicit pin X in instance clkload115 of sky130_fd_sc_hd__clkbuf_8 in cell user_project_wrapper
Note:  Implicit pin Y in instance clkload116 of sky130_fd_sc_hd__bufinv_16 in cell user_project_wrapper
Note:  Implicit pin X in instance clkload117 of sky130_fd_sc_hd__clkbuf_8 in cell user_project_wrapper
Note:  Implicit pin Y in instance clkload118 of sky130_fd_sc_hd__clkinv_2 in cell user_project_wrapper
Note:  Implicit pin X in instance clkload119 of sky130_fd_sc_hd__clkbuf_8 in cell user_project_wrapper
Note:  Implicit pin Y in instance clkload120 of sky130_fd_sc_hd__clkinv_4 in cell user_project_wrapper
Note:  Implicit pin Y in instance clkload121 of sky130_fd_sc_hd__clkinv_2 in cell user_project_wrapper
Note:  Implicit pin Y in instance clkload122 of sky130_fd_sc_hd__bufinv_16 in cell user_project_wrapper
Note:  Implicit pin Y in instance clkload123 of sky130_fd_sc_hd__clkinv_2 in cell user_project_wrapper
Note:  Implicit pin X in instance clkload124 of sky130_fd_sc_hd__clkbuf_8 in cell user_project_wrapper
Note:  Implicit pin Y in instance clkload125 of sky130_fd_sc_hd__clkinvlp_4 in cell user_project_wrapper
Note:  Implicit pin X in instance clkload126 of sky130_fd_sc_hd__clkbuf_4 in cell user_project_wrapper
Note:  Implicit pin Y in instance clkload127 of sky130_fd_sc_hd__bufinv_16 in cell user_project_wrapper
Note:  Implicit pin Y in instance clkload128 of sky130_fd_sc_hd__inv_6 in cell user_project_wrapper
Note:  Implicit pin Y in instance clkload129 of sky130_fd_sc_hd__clkinv_4 in cell user_project_wrapper
Note:  Implicit pin Y in instance clkload130 of sky130_fd_sc_hd__clkinv_2 in cell user_project_wrapper
Note:  Implicit pin Y in instance clkload131 of sky130_fd_sc_hd__clkinv_4 in cell user_project_wrapper
Note:  Implicit pin Y in instance clkload132 of sky130_fd_sc_hd__bufinv_16 in cell user_project_wrapper
Note:  Implicit pin Y in instance clkload133 of sky130_fd_sc_hd__clkinv_2 in cell user_project_wrapper
Note:  Implicit pin Y in instance clkload134 of sky130_fd_sc_hd__inv_8 in cell user_project_wrapper
Note:  Implicit pin Y in instance clkload135 of sky130_fd_sc_hd__inv_6 in cell user_project_wrapper
Note:  Implicit pin Y in instance clkload136 of sky130_fd_sc_hd__clkinv_2 in cell user_project_wrapper
Note:  Implicit pin Y in instance clkload137 of sky130_fd_sc_hd__clkinvlp_4 in cell user_project_wrapper
Note:  Implicit pin Y in instance clkload138 of sky130_fd_sc_hd__clkinv_4 in cell user_project_wrapper
Note:  Implicit pin Y in instance clkload139 of sky130_fd_sc_hd__inv_6 in cell user_project_wrapper
Note:  Implicit pin Y in instance clkload140 of sky130_fd_sc_hd__inv_6 in cell user_project_wrapper
Note:  Implicit pin Y in instance clkload141 of sky130_fd_sc_hd__inv_6 in cell user_project_wrapper
Note:  Implicit pin Y in instance clkload142 of sky130_fd_sc_hd__clkinv_4 in cell user_project_wrapper
Note:  Implicit pin Y in instance clkload143 of sky130_fd_sc_hd__inv_6 in cell user_project_wrapper
Note:  Implicit pin Y in instance clkload144 of sky130_fd_sc_hd__inv_6 in cell user_project_wrapper
Note:  Implicit pin Y in instance clkload145 of sky130_fd_sc_hd__clkinv_2 in cell user_project_wrapper
Note:  Implicit pin Y in instance clkload146 of sky130_fd_sc_hd__clkinv_4 in cell user_project_wrapper
Note:  Implicit pin Y in instance clkload147 of sky130_fd_sc_hd__inv_6 in cell user_project_wrapper
Note:  Implicit pin Y in instance clkload148 of sky130_fd_sc_hd__clkinv_4 in cell user_project_wrapper
Note:  Implicit pin Y in instance clkload149 of sky130_fd_sc_hd__clkinvlp_4 in cell user_project_wrapper
Note:  Implicit pin Y in instance clkload150 of sky130_fd_sc_hd__inv_6 in cell user_project_wrapper
Note:  Implicit pin Y in instance clkload151 of sky130_fd_sc_hd__clkinvlp_4 in cell user_project_wrapper
Note:  Implicit pin Y in instance clkload152 of sky130_fd_sc_hd__clkinv_4 in cell user_project_wrapper
Note:  Implicit pin X in instance clkload153 of sky130_fd_sc_hd__clkbuf_8 in cell user_project_wrapper
Note:  Implicit pin Y in instance clkload154 of sky130_fd_sc_hd__clkinvlp_4 in cell user_project_wrapper
Note:  Implicit pin Y in instance clkload155 of sky130_fd_sc_hd__clkinv_4 in cell user_project_wrapper
Note:  Implicit pin Y in instance clkload156 of sky130_fd_sc_hd__inv_6 in cell user_project_wrapper
Note:  Implicit pin Y in instance clkload157 of sky130_fd_sc_hd__inv_6 in cell user_project_wrapper
Note:  Implicit pin Y in instance clkload158 of sky130_fd_sc_hd__clkinv_4 in cell user_project_wrapper
Note:  Implicit pin Y in instance clkload159 of sky130_fd_sc_hd__clkinv_2 in cell user_project_wrapper
Note:  Implicit pin Y in instance clkload160 of sky130_fd_sc_hd__bufinv_16 in cell user_project_wrapper
Note:  Implicit pin X in instance clkload161 of sky130_fd_sc_hd__clkbuf_4 in cell user_project_wrapper
Note:  Implicit pin X in instance clkload162 of sky130_fd_sc_hd__clkbuf_8 in cell user_project_wrapper
Note:  Implicit pin Y in instance clkload163 of sky130_fd_sc_hd__clkinvlp_4 in cell user_project_wrapper
Note:  Implicit pin Y in instance clkload164 of sky130_fd_sc_hd__clkinv_4 in cell user_project_wrapper
Note:  Implicit pin Y in instance clkload165 of sky130_fd_sc_hd__bufinv_16 in cell user_project_wrapper
Note:  Implicit pin X in instance clkload166 of sky130_fd_sc_hd__clkbuf_8 in cell user_project_wrapper
Note:  Implicit pin Y in instance clkload167 of sky130_fd_sc_hd__bufinv_16 in cell user_project_wrapper
Note:  Implicit pin X in instance clkload168 of sky130_fd_sc_hd__clkbuf_4 in cell user_project_wrapper
Note:  Implicit pin Y in instance clkload169 of sky130_fd_sc_hd__clkinv_2 in cell user_project_wrapper
Note:  Implicit pin Y in instance clkload170 of sky130_fd_sc_hd__clkinv_4 in cell user_project_wrapper
Note:  Implicit pin Y in instance clkload171 of sky130_fd_sc_hd__clkinv_4 in cell user_project_wrapper
Note:  Implicit pin X in instance clkload172 of sky130_fd_sc_hd__clkbuf_8 in cell user_project_wrapper
Note:  Implicit pin Y in instance clkload173 of sky130_fd_sc_hd__clkinvlp_4 in cell user_project_wrapper
Note:  Implicit pin X in instance clkload174 of sky130_fd_sc_hd__clkbuf_8 in cell user_project_wrapper
Note:  Implicit pin Y in instance clkload175 of sky130_fd_sc_hd__bufinv_16 in cell user_project_wrapper
Note:  Implicit pin X in instance clkload176 of sky130_fd_sc_hd__clkbuf_8 in cell user_project_wrapper
Note:  Implicit pin Y in instance clkload177 of sky130_fd_sc_hd__clkinv_2 in cell user_project_wrapper
Note:  Implicit pin X in instance clkload178 of sky130_fd_sc_hd__clkbuf_8 in cell user_project_wrapper
Note:  Implicit pin Y in instance clkload179 of sky130_fd_sc_hd__clkinv_2 in cell user_project_wrapper
Note:  Implicit pin X in instance clkload180 of sky130_fd_sc_hd__clkbuf_8 in cell user_project_wrapper
Note:  Implicit pin X in instance clkload181 of sky130_fd_sc_hd__clkbuf_4 in cell user_project_wrapper
Note:  Implicit pin Y in instance clkload182 of sky130_fd_sc_hd__bufinv_16 in cell user_project_wrapper
Note:  Implicit pin X in instance clkload183 of sky130_fd_sc_hd__clkbuf_4 in cell user_project_wrapper
Note:  Implicit pin Y in instance clkload184 of sky130_fd_sc_hd__clkinv_4 in cell user_project_wrapper
Note:  Implicit pin X in instance clkload185 of sky130_fd_sc_hd__clkbuf_8 in cell user_project_wrapper
Note:  Implicit pin Y in instance clkload186 of sky130_fd_sc_hd__inv_8 in cell user_project_wrapper
Note:  Implicit pin Y in instance clkload187 of sky130_fd_sc_hd__inv_4 in cell user_project_wrapper
Note:  Implicit pin Y in instance clkload188 of sky130_fd_sc_hd__inv_8 in cell user_project_wrapper
Note:  Implicit pin Y in instance clkload189 of sky130_fd_sc_hd__clkinv_4 in cell user_project_wrapper
Note:  Implicit pin Y in instance clkload190 of sky130_fd_sc_hd__inv_4 in cell user_project_wrapper
Note:  Implicit pin Y in instance clkload191 of sky130_fd_sc_hd__inv_6 in cell user_project_wrapper
Note:  Implicit pin Y in instance clkload192 of sky130_fd_sc_hd__clkinvlp_4 in cell user_project_wrapper
Note:  Implicit pin Y in instance clkload193 of sky130_fd_sc_hd__bufinv_16 in cell user_project_wrapper
Note:  Implicit pin Y in instance clkload194 of sky130_fd_sc_hd__clkinvlp_4 in cell user_project_wrapper
Note:  Implicit pin Y in instance clkload195 of sky130_fd_sc_hd__clkinv_4 in cell user_project_wrapper
Note:  Implicit pin Y in instance clkload196 of sky130_fd_sc_hd__clkinv_2 in cell user_project_wrapper
Note:  Implicit pin Y in instance clkload197 of sky130_fd_sc_hd__clkinv_2 in cell user_project_wrapper
Note:  Implicit pin Y in instance clkload198 of sky130_fd_sc_hd__clkinvlp_4 in cell user_project_wrapper
Note:  Implicit pin Y in instance clkload199 of sky130_fd_sc_hd__inv_6 in cell user_project_wrapper
Note:  Implicit pin Y in instance clkload200 of sky130_fd_sc_hd__clkinv_4 in cell user_project_wrapper
Note:  Implicit pin Y in instance clkload201 of sky130_fd_sc_hd__inv_6 in cell user_project_wrapper
Note:  Implicit pin Y in instance clkload202 of sky130_fd_sc_hd__inv_6 in cell user_project_wrapper
Note:  Implicit pin Y in instance clkload203 of sky130_fd_sc_hd__clkinv_4 in cell user_project_wrapper
Note:  Implicit pin Y in instance clkload204 of sky130_fd_sc_hd__clkinv_4 in cell user_project_wrapper
Note:  Implicit pin Y in instance clkload205 of sky130_fd_sc_hd__clkinvlp_4 in cell user_project_wrapper
Note:  Implicit pin X in instance clkload206 of sky130_fd_sc_hd__clkbuf_8 in cell user_project_wrapper
Note:  Implicit pin Y in instance clkload207 of sky130_fd_sc_hd__clkinvlp_4 in cell user_project_wrapper
Note:  Implicit pin Y in instance clkload208 of sky130_fd_sc_hd__bufinv_16 in cell user_project_wrapper
Note:  Implicit pin X in instance clkload209 of sky130_fd_sc_hd__clkbuf_8 in cell user_project_wrapper
Note:  Implicit pin Y in instance clkload210 of sky130_fd_sc_hd__clkinv_2 in cell user_project_wrapper
Note:  Implicit pin Y in instance clkload211 of sky130_fd_sc_hd__clkinvlp_4 in cell user_project_wrapper
Note:  Implicit pin X in instance clkload212 of sky130_fd_sc_hd__clkbuf_8 in cell user_project_wrapper
Note:  Implicit pin X in instance clkload213 of sky130_fd_sc_hd__clkbuf_8 in cell user_project_wrapper
Note:  Implicit pin Y in instance clkload214 of sky130_fd_sc_hd__clkinvlp_4 in cell user_project_wrapper
Note:  Implicit pin Y in instance clkload215 of sky130_fd_sc_hd__inv_6 in cell user_project_wrapper
Note:  Implicit pin Y in instance clkload216 of sky130_fd_sc_hd__inv_6 in cell user_project_wrapper
Note:  Implicit pin X in instance clkload217 of sky130_fd_sc_hd__clkbuf_4 in cell user_project_wrapper
Note:  Implicit pin Y in instance clkload218 of sky130_fd_sc_hd__clkinvlp_4 in cell user_project_wrapper
Note:  Implicit pin Y in instance clkload219 of sky130_fd_sc_hd__clkinv_2 in cell user_project_wrapper
Note:  Implicit pin Y in instance clkload220 of sky130_fd_sc_hd__bufinv_16 in cell user_project_wrapper
Note:  Implicit pin Y in instance clkload221 of sky130_fd_sc_hd__clkinv_4 in cell user_project_wrapper
Note:  Implicit pin Y in instance clkload222 of sky130_fd_sc_hd__bufinv_16 in cell user_project_wrapper
Note:  Implicit pin Y in instance clkload223 of sky130_fd_sc_hd__bufinv_16 in cell user_project_wrapper
Note:  Implicit pin Y in instance clkload224 of sky130_fd_sc_hd__inv_6 in cell user_project_wrapper
Note:  Implicit pin Y in instance clkload225 of sky130_fd_sc_hd__clkinv_4 in cell user_project_wrapper
Note:  Implicit pin X in instance clkload226 of sky130_fd_sc_hd__clkbuf_8 in cell user_project_wrapper
Note:  Implicit pin Y in instance clkload227 of sky130_fd_sc_hd__clkinv_4 in cell user_project_wrapper
Note:  Implicit pin X in instance clkload228 of sky130_fd_sc_hd__clkbuf_8 in cell user_project_wrapper
Note:  Implicit pin Y in instance clkload229 of sky130_fd_sc_hd__clkinv_4 in cell user_project_wrapper
Note:  Implicit pin X in instance clkload230 of sky130_fd_sc_hd__clkbuf_8 in cell user_project_wrapper
Note:  Implicit pin X in instance clkload231 of sky130_fd_sc_hd__clkbuf_4 in cell user_project_wrapper
Note:  Implicit pin X in instance clkload232 of sky130_fd_sc_hd__clkbuf_4 in cell user_project_wrapper
Note:  Implicit pin Y in instance clkload233 of sky130_fd_sc_hd__bufinv_16 in cell user_project_wrapper
Note:  Implicit pin Y in instance clkload234 of sky130_fd_sc_hd__clkinv_2 in cell user_project_wrapper
Note:  Implicit pin Y in instance clkload235 of sky130_fd_sc_hd__clkinvlp_4 in cell user_project_wrapper
Note:  Implicit pin X in instance clkload236 of sky130_fd_sc_hd__clkbuf_8 in cell user_project_wrapper
Note:  Implicit pin Y in instance clkload237 of sky130_fd_sc_hd__clkinv_2 in cell user_project_wrapper
Note:  Implicit pin X in instance clkload238 of sky130_fd_sc_hd__clkbuf_4 in cell user_project_wrapper
Note:  Implicit pin Y in instance clkload239 of sky130_fd_sc_hd__clkinvlp_4 in cell user_project_wrapper
Note:  Implicit pin X in instance clkload240 of sky130_fd_sc_hd__clkbuf_8 in cell user_project_wrapper
Note:  Implicit pin Y in instance clkload241 of sky130_fd_sc_hd__clkinv_4 in cell user_project_wrapper
Note:  Implicit pin X in instance clkload242 of sky130_fd_sc_hd__clkbuf_4 in cell user_project_wrapper
Note:  Implicit pin Y in instance clkload243 of sky130_fd_sc_hd__clkinvlp_4 in cell user_project_wrapper
Note:  Implicit pin Y in instance clkload244 of sky130_fd_sc_hd__bufinv_16 in cell user_project_wrapper
Note:  Implicit pin X in instance clkload245 of sky130_fd_sc_hd__clkbuf_8 in cell user_project_wrapper
Note:  Implicit pin X in instance clkload246 of sky130_fd_sc_hd__clkbuf_4 in cell user_project_wrapper
Note:  Implicit pin X in instance clkload247 of sky130_fd_sc_hd__clkbuf_8 in cell user_project_wrapper
Note:  Implicit pin Y in instance clkload248 of sky130_fd_sc_hd__clkinvlp_4 in cell user_project_wrapper
Note:  Implicit pin Y in instance clkload249 of sky130_fd_sc_hd__clkinv_2 in cell user_project_wrapper
Note:  Implicit pin Y in instance clkload250 of sky130_fd_sc_hd__clkinv_2 in cell user_project_wrapper
Note:  Implicit pin Y in instance clkload251 of sky130_fd_sc_hd__clkinvlp_4 in cell user_project_wrapper
Note:  Implicit pin Y in instance clkload252 of sky130_fd_sc_hd__clkinvlp_4 in cell user_project_wrapper
Note:  Implicit pin Y in instance clkload253 of sky130_fd_sc_hd__inv_6 in cell user_project_wrapper
Note:  Implicit pin Y in instance clkload254 of sky130_fd_sc_hd__clkinv_2 in cell user_project_wrapper
Note:  Implicit pin X in instance clkload255 of sky130_fd_sc_hd__clkbuf_4 in cell user_project_wrapper
Note:  Implicit pin Y in instance clkload256 of sky130_fd_sc_hd__bufinv_16 in cell user_project_wrapper
Note:  Implicit pin Y in instance clkload257 of sky130_fd_sc_hd__clkinv_4 in cell user_project_wrapper
Note:  Implicit pin Y in instance clkload258 of sky130_fd_sc_hd__clkinv_4 in cell user_project_wrapper
Note:  Implicit pin Y in instance clkload259 of sky130_fd_sc_hd__clkinv_2 in cell user_project_wrapper
Note:  Implicit pin Y in instance clkload260 of sky130_fd_sc_hd__inv_6 in cell user_project_wrapper
Note:  Implicit pin Y in instance clkload261 of sky130_fd_sc_hd__inv_8 in cell user_project_wrapper
Note:  Implicit pin Y in instance clkload262 of sky130_fd_sc_hd__inv_4 in cell user_project_wrapper
Note:  Implicit pin Y in instance clkload263 of sky130_fd_sc_hd__bufinv_16 in cell user_project_wrapper
Note:  Implicit pin X in instance clkload264 of sky130_fd_sc_hd__clkbuf_4 in cell user_project_wrapper
Note:  Implicit pin Y in instance clkload265 of sky130_fd_sc_hd__clkinv_2 in cell user_project_wrapper
Note:  Implicit pin Y in instance clkload266 of sky130_fd_sc_hd__clkinv_2 in cell user_project_wrapper
Note:  Implicit pin Y in instance clkload267 of sky130_fd_sc_hd__clkinvlp_4 in cell user_project_wrapper
Note:  Implicit pin Y in instance clkload268 of sky130_fd_sc_hd__inv_6 in cell user_project_wrapper
Note:  Implicit pin Y in instance clkload269 of sky130_fd_sc_hd__bufinv_16 in cell user_project_wrapper
Note:  Implicit pin Y in instance clkload270 of sky130_fd_sc_hd__inv_4 in cell user_project_wrapper
Note:  Implicit pin Y in instance clkload271 of sky130_fd_sc_hd__clkinv_2 in cell user_project_wrapper
Note:  Implicit pin Y in instance clkload272 of sky130_fd_sc_hd__bufinv_16 in cell user_project_wrapper
Note:  Implicit pin Y in instance clkload273 of sky130_fd_sc_hd__inv_4 in cell user_project_wrapper
Note:  Implicit pin Y in instance clkload274 of sky130_fd_sc_hd__bufinv_16 in cell user_project_wrapper
Note:  Implicit pin X in instance clkload275 of sky130_fd_sc_hd__clkbuf_4 in cell user_project_wrapper
Note:  Implicit pin Y in instance clkload276 of sky130_fd_sc_hd__inv_6 in cell user_project_wrapper
Note:  Implicit pin X in instance clkload277 of sky130_fd_sc_hd__clkbuf_4 in cell user_project_wrapper
Note:  Implicit pin Y in instance clkload278 of sky130_fd_sc_hd__clkinv_2 in cell user_project_wrapper
Note:  Implicit pin Y in instance clkload279 of sky130_fd_sc_hd__clkinv_2 in cell user_project_wrapper
Note:  Implicit pin Y in instance clkload280 of sky130_fd_sc_hd__clkinv_2 in cell user_project_wrapper
Note:  Implicit pin Y in instance clkload281 of sky130_fd_sc_hd__clkinv_2 in cell user_project_wrapper
Note:  Implicit pin X in instance clkload282 of sky130_fd_sc_hd__clkbuf_8 in cell user_project_wrapper
Note:  Implicit pin Y in instance clkload283 of sky130_fd_sc_hd__clkinv_4 in cell user_project_wrapper
Note:  Implicit pin X in instance clkload284 of sky130_fd_sc_hd__clkbuf_4 in cell user_project_wrapper
Note:  Implicit pin X in instance clkload285 of sky130_fd_sc_hd__clkbuf_8 in cell user_project_wrapper
Note:  Implicit pin Y in instance clkload286 of sky130_fd_sc_hd__clkinv_2 in cell user_project_wrapper
Note:  Implicit pin Y in instance clkload287 of sky130_fd_sc_hd__clkinv_2 in cell user_project_wrapper
Note:  Implicit pin Y in instance clkload288 of sky130_fd_sc_hd__bufinv_16 in cell user_project_wrapper
Note:  Implicit pin Y in instance clkload289 of sky130_fd_sc_hd__clkinv_2 in cell user_project_wrapper
Note:  Implicit pin X in instance clkload290 of sky130_fd_sc_hd__clkbuf_8 in cell user_project_wrapper
Note:  Implicit pin Y in instance clkload291 of sky130_fd_sc_hd__clkinv_8 in cell user_project_wrapper
Note:  Implicit pin Y in instance clkload292 of sky130_fd_sc_hd__clkinv_8 in cell user_project_wrapper
Note:  Implicit pin Y in instance clkload293 of sky130_fd_sc_hd__inv_4 in cell user_project_wrapper
Note:  Implicit pin Y in instance clkload294 of sky130_fd_sc_hd__clkinv_8 in cell user_project_wrapper
Note:  Implicit pin Y in instance clkload295 of sky130_fd_sc_hd__inv_6 in cell user_project_wrapper
Note:  Implicit pin Y in instance clkload296 of sky130_fd_sc_hd__inv_8 in cell user_project_wrapper
Note:  Implicit pin Y in instance clkload297 of sky130_fd_sc_hd__inv_6 in cell user_project_wrapper
Note:  Implicit pin Y in instance clkload298 of sky130_fd_sc_hd__inv_6 in cell user_project_wrapper
Note:  Implicit pin Y in instance clkload299 of sky130_fd_sc_hd__clkinv_8 in cell user_project_wrapper
Note:  Implicit pin Y in instance clkload300 of sky130_fd_sc_hd__inv_6 in cell user_project_wrapper
Note:  Implicit pin Y in instance clkload301 of sky130_fd_sc_hd__inv_8 in cell user_project_wrapper
Note:  Implicit pin Y in instance clkload302 of sky130_fd_sc_hd__inv_6 in cell user_project_wrapper
Note:  Implicit pin Y in instance clkload303 of sky130_fd_sc_hd__inv_8 in cell user_project_wrapper
Note:  Implicit pin Y in instance clkload304 of sky130_fd_sc_hd__inv_6 in cell user_project_wrapper
Note:  Implicit pin Y in instance clkload305 of sky130_fd_sc_hd__clkinv_4 in cell user_project_wrapper
Note:  Implicit pin Y in instance clkload306 of sky130_fd_sc_hd__inv_6 in cell user_project_wrapper
Note:  Implicit pin Y in instance clkload307 of sky130_fd_sc_hd__inv_6 in cell user_project_wrapper
Note:  Implicit pin Y in instance clkload308 of sky130_fd_sc_hd__clkinvlp_4 in cell user_project_wrapper
Note:  Implicit pin Y in instance clkload309 of sky130_fd_sc_hd__bufinv_16 in cell user_project_wrapper
Note:  Implicit pin Y in instance clkload310 of sky130_fd_sc_hd__inv_6 in cell user_project_wrapper
Note:  Implicit pin Y in instance clkload311 of sky130_fd_sc_hd__inv_6 in cell user_project_wrapper
Note:  Implicit pin Y in instance clkload312 of sky130_fd_sc_hd__inv_8 in cell user_project_wrapper
Note:  Implicit pin Y in instance clkload313 of sky130_fd_sc_hd__clkinv_4 in cell user_project_wrapper
Note:  Implicit pin Y in instance clkload314 of sky130_fd_sc_hd__clkinvlp_4 in cell user_project_wrapper
Note:  Implicit pin Y in instance clkload315 of sky130_fd_sc_hd__clkinvlp_4 in cell user_project_wrapper
Note:  Implicit pin Y in instance clkload316 of sky130_fd_sc_hd__bufinv_16 in cell user_project_wrapper
Note:  Implicit pin X in instance clkload317 of sky130_fd_sc_hd__clkbuf_4 in cell user_project_wrapper
Note:  Implicit pin Y in instance clkload318 of sky130_fd_sc_hd__inv_6 in cell user_project_wrapper
Note:  Implicit pin Y in instance clkload319 of sky130_fd_sc_hd__inv_8 in cell user_project_wrapper
Note:  Implicit pin X in instance clkload320 of sky130_fd_sc_hd__clkbuf_4 in cell user_project_wrapper
Note:  Implicit pin Y in instance clkload321 of sky130_fd_sc_hd__clkinvlp_4 in cell user_project_wrapper
Note:  Implicit pin Y in instance clkload322 of sky130_fd_sc_hd__bufinv_16 in cell user_project_wrapper
Note:  Implicit pin Y in instance clkload323 of sky130_fd_sc_hd__clkinv_4 in cell user_project_wrapper
Note:  Implicit pin Y in instance clkload324 of sky130_fd_sc_hd__inv_8 in cell user_project_wrapper
Note:  Implicit pin Y in instance clkload325 of sky130_fd_sc_hd__clkinv_4 in cell user_project_wrapper
Note:  Implicit pin Y in instance clkload326 of sky130_fd_sc_hd__clkinv_4 in cell user_project_wrapper
Note:  Implicit pin Y in instance clkload327 of sky130_fd_sc_hd__inv_6 in cell user_project_wrapper
Note:  Implicit pin Y in instance clkload328 of sky130_fd_sc_hd__inv_6 in cell user_project_wrapper
Note:  Implicit pin Y in instance clkload329 of sky130_fd_sc_hd__bufinv_16 in cell user_project_wrapper
Note:  Implicit pin Y in instance clkload330 of sky130_fd_sc_hd__inv_6 in cell user_project_wrapper
Note:  Implicit pin Y in instance clkload331 of sky130_fd_sc_hd__inv_6 in cell user_project_wrapper
Note:  Implicit pin X in instance clkload332 of sky130_fd_sc_hd__clkbuf_8 in cell user_project_wrapper
Note:  Implicit pin Y in instance clkload333 of sky130_fd_sc_hd__inv_8 in cell user_project_wrapper
Note:  Implicit pin Y in instance clkload334 of sky130_fd_sc_hd__clkinv_8 in cell user_project_wrapper
Note:  Implicit pin Y in instance clkload335 of sky130_fd_sc_hd__clkinvlp_4 in cell user_project_wrapper
Note:  Implicit pin X in instance clkload336 of sky130_fd_sc_hd__clkbuf_8 in cell user_project_wrapper
Note:  Implicit pin Y in instance clkload337 of sky130_fd_sc_hd__clkinv_2 in cell user_project_wrapper
Note:  Implicit pin Y in instance clkload338 of sky130_fd_sc_hd__inv_4 in cell user_project_wrapper
Note:  Implicit pin Y in instance clkload339 of sky130_fd_sc_hd__bufinv_16 in cell user_project_wrapper
Note:  Implicit pin Y in instance clkload340 of sky130_fd_sc_hd__inv_8 in cell user_project_wrapper
Note:  Implicit pin Y in instance clkload341 of sky130_fd_sc_hd__inv_4 in cell user_project_wrapper
Note:  Implicit pin Y in instance clkload342 of sky130_fd_sc_hd__clkinv_4 in cell user_project_wrapper
Note:  Implicit pin Y in instance clkload343 of sky130_fd_sc_hd__clkinv_2 in cell user_project_wrapper
Note:  Implicit pin Y in instance clkload344 of sky130_fd_sc_hd__clkinv_1 in cell user_project_wrapper
Note:  Implicit pin Y in instance clkload345 of sky130_fd_sc_hd__clkinv_4 in cell user_project_wrapper
Note:  Implicit pin Y in instance clkload346 of sky130_fd_sc_hd__bufinv_16 in cell user_project_wrapper
Note:  Implicit pin Y in instance clkload347 of sky130_fd_sc_hd__clkinv_1 in cell user_project_wrapper
Note:  Implicit pin Y in instance clkload348 of sky130_fd_sc_hd__bufinv_16 in cell user_project_wrapper
Note:  Implicit pin Y in instance clkload349 of sky130_fd_sc_hd__clkinv_2 in cell user_project_wrapper
Note:  Implicit pin Y in instance clkload350 of sky130_fd_sc_hd__inv_6 in cell user_project_wrapper
Note:  Implicit pin Y in instance clkload351 of sky130_fd_sc_hd__inv_6 in cell user_project_wrapper
Note:  Implicit pin Y in instance clkload352 of sky130_fd_sc_hd__clkinv_4 in cell user_project_wrapper
Note:  Implicit pin Y in instance clkload353 of sky130_fd_sc_hd__inv_4 in cell user_project_wrapper
Note:  Implicit pin Y in instance clkload354 of sky130_fd_sc_hd__clkinvlp_4 in cell user_project_wrapper
Note:  Implicit pin Y in instance clkload355 of sky130_fd_sc_hd__inv_6 in cell user_project_wrapper
Note:  Implicit pin Y in instance clkload356 of sky130_fd_sc_hd__clkinv_4 in cell user_project_wrapper
Note:  Implicit pin Y in instance clkload357 of sky130_fd_sc_hd__bufinv_16 in cell user_project_wrapper
Note:  Implicit pin Y in instance clkload358 of sky130_fd_sc_hd__bufinv_16 in cell user_project_wrapper
Note:  Implicit pin Y in instance clkload359 of sky130_fd_sc_hd__clkinv_4 in cell user_project_wrapper
Note:  Implicit pin Y in instance clkload360 of sky130_fd_sc_hd__clkinv_4 in cell user_project_wrapper
Note:  Implicit pin Y in instance clkload361 of sky130_fd_sc_hd__inv_6 in cell user_project_wrapper
Note:  Implicit pin Y in instance clkload362 of sky130_fd_sc_hd__inv_6 in cell user_project_wrapper
Note:  Implicit pin Y in instance clkload363 of sky130_fd_sc_hd__clkinv_2 in cell user_project_wrapper
Note:  Implicit pin Y in instance clkload364 of sky130_fd_sc_hd__clkinv_2 in cell user_project_wrapper
Note:  Implicit pin Y in instance clkload365 of sky130_fd_sc_hd__inv_6 in cell user_project_wrapper
Note:  Implicit pin Y in instance clkload366 of sky130_fd_sc_hd__clkinv_4 in cell user_project_wrapper
Note:  Implicit pin Y in instance clkload367 of sky130_fd_sc_hd__clkinv_4 in cell user_project_wrapper
Note:  Implicit pin Y in instance clkload368 of sky130_fd_sc_hd__inv_6 in cell user_project_wrapper
Note:  Implicit pin Y in instance clkload369 of sky130_fd_sc_hd__clkinvlp_4 in cell user_project_wrapper
Note:  Implicit pin Y in instance clkload370 of sky130_fd_sc_hd__clkinvlp_4 in cell user_project_wrapper
Note:  Implicit pin Y in instance clkload371 of sky130_fd_sc_hd__inv_6 in cell user_project_wrapper
Note:  Implicit pin Y in instance clkload372 of sky130_fd_sc_hd__clkinv_4 in cell user_project_wrapper
Note:  Implicit pin Y in instance clkload373 of sky130_fd_sc_hd__bufinv_16 in cell user_project_wrapper
Note:  Implicit pin Y in instance clkload374 of sky130_fd_sc_hd__inv_6 in cell user_project_wrapper
Note:  Implicit pin Y in instance clkload375 of sky130_fd_sc_hd__clkinv_2 in cell user_project_wrapper
Note:  Implicit pin Y in instance clkload376 of sky130_fd_sc_hd__inv_6 in cell user_project_wrapper
Note:  Implicit pin Y in instance clkload377 of sky130_fd_sc_hd__clkinv_4 in cell user_project_wrapper
Note:  Implicit pin Y in instance clkload378 of sky130_fd_sc_hd__bufinv_16 in cell user_project_wrapper
Note:  Implicit pin Y in instance clkload379 of sky130_fd_sc_hd__clkinv_4 in cell user_project_wrapper
Note:  Implicit pin Y in instance clkload380 of sky130_fd_sc_hd__inv_6 in cell user_project_wrapper
Note:  Implicit pin Y in instance clkload381 of sky130_fd_sc_hd__inv_6 in cell user_project_wrapper
Note:  Implicit pin Y in instance clkload382 of sky130_fd_sc_hd__clkinv_2 in cell user_project_wrapper
Note:  Implicit pin Y in instance clkload383 of sky130_fd_sc_hd__bufinv_16 in cell user_project_wrapper
Note:  Implicit pin Y in instance clkload384 of sky130_fd_sc_hd__inv_4 in cell user_project_wrapper
Note:  Implicit pin Y in instance clkload385 of sky130_fd_sc_hd__clkinv_4 in cell user_project_wrapper
Note:  Implicit pin X in instance clkload386 of sky130_fd_sc_hd__clkbuf_8 in cell user_project_wrapper
Note:  Implicit pin Y in instance clkload387 of sky130_fd_sc_hd__clkinv_4 in cell user_project_wrapper
Note:  Implicit pin Y in instance clkload388 of sky130_fd_sc_hd__clkinv_4 in cell user_project_wrapper
Note:  Implicit pin Y in instance clkload389 of sky130_fd_sc_hd__clkinv_2 in cell user_project_wrapper
Note:  Implicit pin X in instance clkload390 of sky130_fd_sc_hd__clkbuf_4 in cell user_project_wrapper
Note:  Implicit pin X in instance clkload391 of sky130_fd_sc_hd__clkbuf_4 in cell user_project_wrapper
Note:  Implicit pin X in instance clkload392 of sky130_fd_sc_hd__clkbuf_8 in cell user_project_wrapper
Note:  Implicit pin Y in instance clkload393 of sky130_fd_sc_hd__clkinvlp_4 in cell user_project_wrapper
Note:  Implicit pin Y in instance clkload394 of sky130_fd_sc_hd__clkinvlp_4 in cell user_project_wrapper
Note:  Implicit pin Y in instance clkload395 of sky130_fd_sc_hd__bufinv_16 in cell user_project_wrapper
Note:  Implicit pin Y in instance clkload396 of sky130_fd_sc_hd__clkinvlp_4 in cell user_project_wrapper
Note:  Implicit pin Y in instance clkload397 of sky130_fd_sc_hd__clkinv_2 in cell user_project_wrapper
Note:  Implicit pin Y in instance clkload398 of sky130_fd_sc_hd__clkinvlp_4 in cell user_project_wrapper
Note:  Implicit pin Y in instance clkload399 of sky130_fd_sc_hd__clkinvlp_4 in cell user_project_wrapper
Note:  Implicit pin X in instance clkload400 of sky130_fd_sc_hd__clkbuf_4 in cell user_project_wrapper
Note:  Implicit pin Y in instance clkload401 of sky130_fd_sc_hd__bufinv_16 in cell user_project_wrapper
Note:  Implicit pin Y in instance clkload402 of sky130_fd_sc_hd__clkinv_2 in cell user_project_wrapper
Note:  Implicit pin Y in instance clkload403 of sky130_fd_sc_hd__clkinvlp_4 in cell user_project_wrapper
Note:  Implicit pin Y in instance clkload404 of sky130_fd_sc_hd__bufinv_16 in cell user_project_wrapper
Note:  Implicit pin Y in instance clkload405 of sky130_fd_sc_hd__clkinv_1 in cell user_project_wrapper
Note:  Implicit pin Y in instance clkload406 of sky130_fd_sc_hd__clkinv_2 in cell user_project_wrapper
Note:  Implicit pin Y in instance clkload407 of sky130_fd_sc_hd__inv_4 in cell user_project_wrapper
Note:  Implicit pin Y in instance clkload408 of sky130_fd_sc_hd__inv_6 in cell user_project_wrapper
Note:  Implicit pin Y in instance clkload409 of sky130_fd_sc_hd__clkinv_4 in cell user_project_wrapper
Note:  Implicit pin Y in instance clkload410 of sky130_fd_sc_hd__inv_4 in cell user_project_wrapper
Note:  Implicit pin Y in instance clkload411 of sky130_fd_sc_hd__clkinvlp_4 in cell user_project_wrapper
Note:  Implicit pin Y in instance clkload412 of sky130_fd_sc_hd__bufinv_16 in cell user_project_wrapper
Note:  Implicit pin Y in instance clkload413 of sky130_fd_sc_hd__inv_8 in cell user_project_wrapper
Note:  Implicit pin Y in instance clkload414 of sky130_fd_sc_hd__clkinv_4 in cell user_project_wrapper
Note:  Implicit pin Y in instance clkload415 of sky130_fd_sc_hd__clkinvlp_4 in cell user_project_wrapper
Note:  Implicit pin Y in instance clkload416 of sky130_fd_sc_hd__bufinv_16 in cell user_project_wrapper
Note:  Implicit pin Y in instance clkload417 of sky130_fd_sc_hd__bufinv_16 in cell user_project_wrapper
Note:  Implicit pin Y in instance clkload418 of sky130_fd_sc_hd__clkinv_2 in cell user_project_wrapper
Note:  Implicit pin Y in instance clkload419 of sky130_fd_sc_hd__clkinv_4 in cell user_project_wrapper
Note:  Implicit pin X in instance clkload420 of sky130_fd_sc_hd__clkbuf_8 in cell user_project_wrapper
Note:  Implicit pin Y in instance clkload421 of sky130_fd_sc_hd__bufinv_16 in cell user_project_wrapper
Note:  Implicit pin Y in instance clkload422 of sky130_fd_sc_hd__clkinv_4 in cell user_project_wrapper
Note:  Implicit pin Y in instance clkload423 of sky130_fd_sc_hd__inv_6 in cell user_project_wrapper
Note:  Implicit pin Y in instance clkload424 of sky130_fd_sc_hd__bufinv_16 in cell user_project_wrapper
Note:  Implicit pin Y in instance clkload425 of sky130_fd_sc_hd__clkinvlp_4 in cell user_project_wrapper
Note:  Implicit pin Y in instance clkload426 of sky130_fd_sc_hd__clkinv_4 in cell user_project_wrapper
Note:  Implicit pin Y in instance clkload427 of sky130_fd_sc_hd__clkinv_2 in cell user_project_wrapper
Note:  Implicit pin Y in instance clkload428 of sky130_fd_sc_hd__bufinv_16 in cell user_project_wrapper
Note:  Implicit pin Y in instance clkload429 of sky130_fd_sc_hd__clkinv_2 in cell user_project_wrapper
Note:  Implicit pin Y in instance clkload430 of sky130_fd_sc_hd__bufinv_16 in cell user_project_wrapper
Note:  Implicit pin Y in instance clkload431 of sky130_fd_sc_hd__clkinv_4 in cell user_project_wrapper
Note:  Implicit pin X in instance clkload432 of sky130_fd_sc_hd__clkbuf_4 in cell user_project_wrapper
Note:  Implicit pin Y in instance clkload433 of sky130_fd_sc_hd__bufinv_16 in cell user_project_wrapper
Note:  Implicit pin Y in instance clkload434 of sky130_fd_sc_hd__clkinv_2 in cell user_project_wrapper
Note:  Implicit pin Y in instance clkload435 of sky130_fd_sc_hd__clkinvlp_4 in cell user_project_wrapper
Note:  Implicit pin X in instance clkload436 of sky130_fd_sc_hd__clkbuf_8 in cell user_project_wrapper
Note:  Implicit pin Y in instance clkload437 of sky130_fd_sc_hd__bufinv_16 in cell user_project_wrapper
Note:  Implicit pin Y in instance clkload438 of sky130_fd_sc_hd__clkinv_2 in cell user_project_wrapper
Note:  Implicit pin X in instance clkload439 of sky130_fd_sc_hd__clkbuf_4 in cell user_project_wrapper
Note:  Implicit pin X in instance clkload440 of sky130_fd_sc_hd__clkbuf_4 in cell user_project_wrapper
Note:  Implicit pin Y in instance clkload441 of sky130_fd_sc_hd__clkinv_2 in cell user_project_wrapper
Note:  Implicit pin X in instance clkload442 of sky130_fd_sc_hd__clkbuf_8 in cell user_project_wrapper
Note:  Implicit pin X in instance clkload443 of sky130_fd_sc_hd__clkbuf_4 in cell user_project_wrapper
Note:  Implicit pin X in instance clkload444 of sky130_fd_sc_hd__clkbuf_8 in cell user_project_wrapper
Note:  Implicit pin Y in instance clkload445 of sky130_fd_sc_hd__bufinv_16 in cell user_project_wrapper
Note:  Implicit pin Y in instance clkload446 of sky130_fd_sc_hd__clkinvlp_4 in cell user_project_wrapper
Note:  Implicit pin Y in instance clkload447 of sky130_fd_sc_hd__bufinv_16 in cell user_project_wrapper
Note:  Implicit pin Y in instance clkload448 of sky130_fd_sc_hd__bufinv_16 in cell user_project_wrapper
Note:  Implicit pin Y in instance clkload449 of sky130_fd_sc_hd__clkinv_2 in cell user_project_wrapper
Note:  Implicit pin Y in instance clkload450 of sky130_fd_sc_hd__clkinv_2 in cell user_project_wrapper
Note:  Implicit pin Y in instance clkload451 of sky130_fd_sc_hd__inv_6 in cell user_project_wrapper
Note:  Implicit pin Y in instance clkload452 of sky130_fd_sc_hd__clkinv_2 in cell user_project_wrapper
Note:  Implicit pin Y in instance clkload453 of sky130_fd_sc_hd__inv_4 in cell user_project_wrapper
Note:  Implicit pin Y in instance clkload454 of sky130_fd_sc_hd__inv_6 in cell user_project_wrapper
Note:  Implicit pin Y in instance clkload455 of sky130_fd_sc_hd__inv_4 in cell user_project_wrapper
Note:  Implicit pin Y in instance clkload456 of sky130_fd_sc_hd__clkinv_2 in cell user_project_wrapper
Note:  Implicit pin X in instance clkload457 of sky130_fd_sc_hd__clkbuf_8 in cell user_project_wrapper
Note:  Implicit pin Y in instance clkload458 of sky130_fd_sc_hd__inv_4 in cell user_project_wrapper
Note:  Implicit pin Y in instance clkload459 of sky130_fd_sc_hd__inv_6 in cell user_project_wrapper
Note:  Implicit pin Y in instance clkload460 of sky130_fd_sc_hd__bufinv_16 in cell user_project_wrapper
Note:  Implicit pin Y in instance clkload461 of sky130_fd_sc_hd__inv_4 in cell user_project_wrapper
Note:  Implicit pin Y in instance clkload462 of sky130_fd_sc_hd__inv_4 in cell user_project_wrapper
Note:  Implicit pin X in instance clkload463 of sky130_fd_sc_hd__clkbuf_8 in cell user_project_wrapper
Note:  Implicit pin X in instance clkload464 of sky130_fd_sc_hd__clkbuf_4 in cell user_project_wrapper
Note:  Implicit pin Y in instance clkload465 of sky130_fd_sc_hd__clkinv_2 in cell user_project_wrapper
Note:  Implicit pin X in instance clkload466 of sky130_fd_sc_hd__clkbuf_4 in cell user_project_wrapper
Note:  Implicit pin Y in instance clkload467 of sky130_fd_sc_hd__clkinv_2 in cell user_project_wrapper
Note:  Implicit pin X in instance clkload468 of sky130_fd_sc_hd__clkbuf_4 in cell user_project_wrapper
Note:  Implicit pin Y in instance clkload469 of sky130_fd_sc_hd__inv_4 in cell user_project_wrapper
Note:  Implicit pin Y in instance clkload470 of sky130_fd_sc_hd__bufinv_16 in cell user_project_wrapper
Note:  Implicit pin Y in instance clkload471 of sky130_fd_sc_hd__clkinvlp_4 in cell user_project_wrapper
Note:  Implicit pin Y in instance clkload472 of sky130_fd_sc_hd__clkinvlp_4 in cell user_project_wrapper
Note:  Implicit pin X in instance clkload473 of sky130_fd_sc_hd__clkbuf_4 in cell user_project_wrapper
Note:  Implicit pin X in instance clkload474 of sky130_fd_sc_hd__clkbuf_4 in cell user_project_wrapper
Note:  Implicit pin X in instance clkload475 of sky130_fd_sc_hd__clkbuf_4 in cell user_project_wrapper
Note:  Implicit pin Y in instance clkload476 of sky130_fd_sc_hd__bufinv_16 in cell user_project_wrapper
Note:  Implicit pin Y in instance clkload477 of sky130_fd_sc_hd__clkinv_4 in cell user_project_wrapper
Note:  Implicit pin Y in instance clkload478 of sky130_fd_sc_hd__bufinv_16 in cell user_project_wrapper
Note:  Implicit pin Y in instance clkload479 of sky130_fd_sc_hd__clkinv_2 in cell user_project_wrapper
Note:  Implicit pin Y in instance clkload480 of sky130_fd_sc_hd__inv_4 in cell user_project_wrapper
Note:  Implicit pin Y in instance clkload481 of sky130_fd_sc_hd__bufinv_16 in cell user_project_wrapper
Note:  Implicit pin Y in instance clkload482 of sky130_fd_sc_hd__bufinv_16 in cell user_project_wrapper
Note:  Implicit pin Y in instance clkload483 of sky130_fd_sc_hd__bufinv_16 in cell user_project_wrapper
Note:  Implicit pin Y in instance clkload484 of sky130_fd_sc_hd__inv_4 in cell user_project_wrapper
Note:  Implicit pin Y in instance clkload485 of sky130_fd_sc_hd__clkinv_4 in cell user_project_wrapper
Note:  Implicit pin Y in instance clkload486 of sky130_fd_sc_hd__bufinv_16 in cell user_project_wrapper
Note:  Implicit pin Y in instance clkload487 of sky130_fd_sc_hd__clkinv_4 in cell user_project_wrapper
Note:  Implicit pin Y in instance clkload488 of sky130_fd_sc_hd__inv_4 in cell user_project_wrapper
Note:  Implicit pin Y in instance clkload489 of sky130_fd_sc_hd__bufinv_16 in cell user_project_wrapper
Note:  Implicit pin Y in instance clkload490 of sky130_fd_sc_hd__clkinv_2 in cell user_project_wrapper
Note:  Implicit pin Y in instance clkload491 of sky130_fd_sc_hd__inv_4 in cell user_project_wrapper
Note:  Implicit pin Y in instance clkload492 of sky130_fd_sc_hd__bufinv_16 in cell user_project_wrapper
Note:  Implicit pin Y in instance clkload493 of sky130_fd_sc_hd__bufinv_16 in cell user_project_wrapper
Note:  Implicit pin Y in instance clkload494 of sky130_fd_sc_hd__inv_4 in cell user_project_wrapper
Note:  Implicit pin Y in instance clkload495 of sky130_fd_sc_hd__clkinv_2 in cell user_project_wrapper
Note:  Implicit pin Y in instance clkload496 of sky130_fd_sc_hd__clkinv_4 in cell user_project_wrapper
Note:  Implicit pin Y in instance clkload497 of sky130_fd_sc_hd__clkinv_4 in cell user_project_wrapper
Note:  Implicit pin Y in instance clkload498 of sky130_fd_sc_hd__clkinv_4 in cell user_project_wrapper
Note:  Implicit pin Y in instance clkload499 of sky130_fd_sc_hd__clkinv_4 in cell user_project_wrapper
Note:  Implicit pin Y in instance clkload500 of sky130_fd_sc_hd__clkinv_4 in cell user_project_wrapper
Note:  Implicit pin Y in instance clkload501 of sky130_fd_sc_hd__inv_4 in cell user_project_wrapper
Note:  Implicit pin Y in instance clkload502 of sky130_fd_sc_hd__inv_4 in cell user_project_wrapper
Note:  Implicit pin Y in instance clkload503 of sky130_fd_sc_hd__clkinv_4 in cell user_project_wrapper
Note:  Implicit pin Y in instance clkload504 of sky130_fd_sc_hd__clkinvlp_4 in cell user_project_wrapper
Note:  Implicit pin Y in instance clkload505 of sky130_fd_sc_hd__clkinv_2 in cell user_project_wrapper
Note:  Implicit pin X in instance clkload506 of sky130_fd_sc_hd__clkbuf_4 in cell user_project_wrapper
Note:  Implicit pin Y in instance clkload507 of sky130_fd_sc_hd__clkinv_2 in cell user_project_wrapper
Note:  Implicit pin Y in instance clkload508 of sky130_fd_sc_hd__clkinvlp_4 in cell user_project_wrapper
Note:  Implicit pin Y in instance clkload509 of sky130_fd_sc_hd__clkinv_2 in cell user_project_wrapper
Note:  Implicit pin X in instance clkload510 of sky130_fd_sc_hd__clkbuf_4 in cell user_project_wrapper
Note:  Implicit pin X in instance clkload511 of sky130_fd_sc_hd__clkbuf_8 in cell user_project_wrapper
Note:  Implicit pin X in instance clkload512 of sky130_fd_sc_hd__clkbuf_8 in cell user_project_wrapper
Note:  Implicit pin Y in instance clkload513 of sky130_fd_sc_hd__clkinv_2 in cell user_project_wrapper
Note:  Implicit pin Y in instance clkload514 of sky130_fd_sc_hd__clkinv_2 in cell user_project_wrapper
Note:  Implicit pin X in instance clkload515 of sky130_fd_sc_hd__clkbuf_4 in cell user_project_wrapper
Note:  Implicit pin Y in instance clkload516 of sky130_fd_sc_hd__inv_4 in cell user_project_wrapper
Note:  Implicit pin Y in instance clkload517 of sky130_fd_sc_hd__bufinv_16 in cell user_project_wrapper
Note:  Implicit pin Y in instance clkload518 of sky130_fd_sc_hd__bufinv_16 in cell user_project_wrapper
Note:  Implicit pin Y in instance clkload519 of sky130_fd_sc_hd__bufinv_16 in cell user_project_wrapper
Note:  Implicit pin X in instance clkload520 of sky130_fd_sc_hd__clkbuf_4 in cell user_project_wrapper
Note:  Implicit pin X in instance clkload521 of sky130_fd_sc_hd__clkbuf_4 in cell user_project_wrapper
Note:  Implicit pin Y in instance clkload522 of sky130_fd_sc_hd__clkinv_2 in cell user_project_wrapper
Note:  Implicit pin X in instance clkload523 of sky130_fd_sc_hd__clkbuf_4 in cell user_project_wrapper
Note:  Implicit pin X in instance clkload524 of sky130_fd_sc_hd__clkbuf_4 in cell user_project_wrapper
Note:  Implicit pin X in instance clkload525 of sky130_fd_sc_hd__clkbuf_4 in cell user_project_wrapper
Note:  Implicit pin Y in instance clkload526 of sky130_fd_sc_hd__bufinv_16 in cell user_project_wrapper
Note:  Implicit pin X in instance clkload527 of sky130_fd_sc_hd__clkbuf_4 in cell user_project_wrapper
Note:  Implicit pin Y in instance clkload528 of sky130_fd_sc_hd__clkinv_2 in cell user_project_wrapper
Note:  Implicit pin X in instance clkload529 of sky130_fd_sc_hd__clkbuf_4 in cell user_project_wrapper
Note:  Implicit pin Y in instance clkload530 of sky130_fd_sc_hd__clkinv_2 in cell user_project_wrapper
Note:  Implicit pin Y in instance clkload531 of sky130_fd_sc_hd__bufinv_16 in cell user_project_wrapper
Note:  Implicit pin Y in instance clkload532 of sky130_fd_sc_hd__bufinv_16 in cell user_project_wrapper
Note:  Implicit pin Y in instance clkload533 of sky130_fd_sc_hd__bufinv_16 in cell user_project_wrapper
Note:  Implicit pin X in instance clkload534 of sky130_fd_sc_hd__clkbuf_4 in cell user_project_wrapper
Note:  Implicit pin X in instance clkload535 of sky130_fd_sc_hd__clkbuf_8 in cell user_project_wrapper
Note:  Implicit pin Y in instance clkload536 of sky130_fd_sc_hd__clkinv_2 in cell user_project_wrapper
Note:  Implicit pin Y in instance clkload537 of sky130_fd_sc_hd__clkinv_2 in cell user_project_wrapper
Note:  Implicit pin Y in instance clkload538 of sky130_fd_sc_hd__clkinv_2 in cell user_project_wrapper
Note:  Implicit pin X in instance clkload539 of sky130_fd_sc_hd__clkbuf_4 in cell user_project_wrapper
Note:  Implicit pin Y in instance clkload540 of sky130_fd_sc_hd__inv_6 in cell user_project_wrapper
Note:  Implicit pin Y in instance clkload541 of sky130_fd_sc_hd__clkinv_2 in cell user_project_wrapper
Note:  Implicit pin Y in instance clkload542 of sky130_fd_sc_hd__inv_8 in cell user_project_wrapper
Note:  Implicit pin Y in instance clkload543 of sky130_fd_sc_hd__clkinv_4 in cell user_project_wrapper
Note:  Implicit pin Y in instance clkload544 of sky130_fd_sc_hd__bufinv_16 in cell user_project_wrapper
Note:  Implicit pin Y in instance clkload545 of sky130_fd_sc_hd__inv_6 in cell user_project_wrapper
Note:  Implicit pin Y in instance clkload546 of sky130_fd_sc_hd__inv_8 in cell user_project_wrapper
Note:  Implicit pin Y in instance clkload547 of sky130_fd_sc_hd__inv_8 in cell user_project_wrapper
Note:  Implicit pin Y in instance clkload548 of sky130_fd_sc_hd__inv_6 in cell user_project_wrapper
Note:  Implicit pin X in instance clkload549 of sky130_fd_sc_hd__clkbuf_4 in cell user_project_wrapper
Note:  Implicit pin X in instance clkload550 of sky130_fd_sc_hd__clkbuf_8 in cell user_project_wrapper
Note:  Implicit pin Y in instance clkload551 of sky130_fd_sc_hd__inv_4 in cell user_project_wrapper
Note:  Implicit pin Y in instance clkload552 of sky130_fd_sc_hd__inv_4 in cell user_project_wrapper
Note:  Implicit pin Y in instance clkload553 of sky130_fd_sc_hd__bufinv_16 in cell user_project_wrapper
Note:  Implicit pin X in instance clkload554 of sky130_fd_sc_hd__clkbuf_8 in cell user_project_wrapper
Note:  Implicit pin Y in instance clkload555 of sky130_fd_sc_hd__clkinv_4 in cell user_project_wrapper
Note:  Implicit pin Y in instance clkload556 of sky130_fd_sc_hd__inv_4 in cell user_project_wrapper
Note:  Implicit pin Y in instance clkload557 of sky130_fd_sc_hd__bufinv_16 in cell user_project_wrapper
Note:  Implicit pin Y in instance clkload558 of sky130_fd_sc_hd__bufinv_16 in cell user_project_wrapper
Note:  Implicit pin Y in instance clkload559 of sky130_fd_sc_hd__inv_6 in cell user_project_wrapper
Note:  Implicit pin Y in instance clkload560 of sky130_fd_sc_hd__bufinv_16 in cell user_project_wrapper
Note:  Implicit pin Y in instance clkload561 of sky130_fd_sc_hd__inv_4 in cell user_project_wrapper
Note:  Implicit pin X in instance clkload562 of sky130_fd_sc_hd__clkbuf_8 in cell user_project_wrapper
Note:  Implicit pin X in instance clkload563 of sky130_fd_sc_hd__clkbuf_4 in cell user_project_wrapper
Note:  Implicit pin Y in instance clkload564 of sky130_fd_sc_hd__bufinv_16 in cell user_project_wrapper
Note:  Implicit pin Y in instance clkload565 of sky130_fd_sc_hd__clkinv_2 in cell user_project_wrapper
Note:  Implicit pin X in instance clkload566 of sky130_fd_sc_hd__clkbuf_4 in cell user_project_wrapper
Note:  Implicit pin X in instance clkload567 of sky130_fd_sc_hd__clkbuf_8 in cell user_project_wrapper
Note:  Implicit pin Y in instance clkload568 of sky130_fd_sc_hd__clkinv_2 in cell user_project_wrapper
Note:  Implicit pin X in instance clkload569 of sky130_fd_sc_hd__clkbuf_4 in cell user_project_wrapper
Note:  Implicit pin X in instance clkload570 of sky130_fd_sc_hd__clkbuf_4 in cell user_project_wrapper
Note:  Implicit pin Y in instance clkload571 of sky130_fd_sc_hd__inv_4 in cell user_project_wrapper
Note:  Implicit pin Y in instance clkload572 of sky130_fd_sc_hd__clkinv_4 in cell user_project_wrapper
Note:  Implicit pin X in instance clkload573 of sky130_fd_sc_hd__clkbuf_8 in cell user_project_wrapper
Note:  Implicit pin Y in instance clkload574 of sky130_fd_sc_hd__inv_6 in cell user_project_wrapper
Note:  Implicit pin Y in instance clkload575 of sky130_fd_sc_hd__inv_6 in cell user_project_wrapper
Note:  Implicit pin Y in instance clkload576 of sky130_fd_sc_hd__inv_8 in cell user_project_wrapper
Note:  Implicit pin Y in instance clkload577 of sky130_fd_sc_hd__clkinv_4 in cell user_project_wrapper
Note:  Implicit pin Y in instance clkload578 of sky130_fd_sc_hd__inv_6 in cell user_project_wrapper
Note:  Implicit pin Y in instance clkload579 of sky130_fd_sc_hd__inv_6 in cell user_project_wrapper
Note:  Implicit pin Y in instance clkload580 of sky130_fd_sc_hd__bufinv_16 in cell user_project_wrapper
Note:  Implicit pin Y in instance clkload581 of sky130_fd_sc_hd__clkinv_2 in cell user_project_wrapper
Note:  Implicit pin Y in instance clkload582 of sky130_fd_sc_hd__clkinv_4 in cell user_project_wrapper
Note:  Implicit pin X in instance clkload583 of sky130_fd_sc_hd__clkbuf_8 in cell user_project_wrapper
Note:  Implicit pin Y in instance clkload584 of sky130_fd_sc_hd__bufinv_16 in cell user_project_wrapper
Note:  Implicit pin Y in instance clkload585 of sky130_fd_sc_hd__clkinv_2 in cell user_project_wrapper
Note:  Implicit pin X in instance clkload586 of sky130_fd_sc_hd__clkbuf_4 in cell user_project_wrapper
Note:  Implicit pin Y in instance clkload587 of sky130_fd_sc_hd__clkinvlp_4 in cell user_project_wrapper
Note:  Implicit pin X in instance clkload588 of sky130_fd_sc_hd__clkbuf_8 in cell user_project_wrapper
Note:  Implicit pin Y in instance clkload589 of sky130_fd_sc_hd__clkinv_2 in cell user_project_wrapper
Note:  Implicit pin X in instance clkload590 of sky130_fd_sc_hd__clkbuf_8 in cell user_project_wrapper
Note:  Implicit pin Y in instance clkload591 of sky130_fd_sc_hd__inv_6 in cell user_project_wrapper
Note:  Implicit pin Y in instance clkload592 of sky130_fd_sc_hd__bufinv_16 in cell user_project_wrapper
Note:  Implicit pin Y in instance clkload593 of sky130_fd_sc_hd__clkinv_2 in cell user_project_wrapper
Note:  Implicit pin Y in instance clkload594 of sky130_fd_sc_hd__clkinv_4 in cell user_project_wrapper
Note:  Implicit pin Y in instance clkload595 of sky130_fd_sc_hd__clkinv_2 in cell user_project_wrapper
Note:  Implicit pin Y in instance clkload596 of sky130_fd_sc_hd__clkinv_2 in cell user_project_wrapper
Note:  Implicit pin Y in instance clkload597 of sky130_fd_sc_hd__clkinv_2 in cell user_project_wrapper
Note:  Implicit pin X in instance clkload598 of sky130_fd_sc_hd__clkbuf_4 in cell user_project_wrapper
Note:  Implicit pin Y in instance clkload599 of sky130_fd_sc_hd__clkinvlp_4 in cell user_project_wrapper
Note:  Implicit pin X in instance clkload600 of sky130_fd_sc_hd__clkbuf_8 in cell user_project_wrapper
Note:  Implicit pin Y in instance clkload601 of sky130_fd_sc_hd__clkinv_4 in cell user_project_wrapper
Note:  Implicit pin Y in instance clkload602 of sky130_fd_sc_hd__inv_8 in cell user_project_wrapper
Note:  Implicit pin Y in instance clkload603 of sky130_fd_sc_hd__clkinv_2 in cell user_project_wrapper
Note:  Implicit pin Y in instance clkload604 of sky130_fd_sc_hd__bufinv_16 in cell user_project_wrapper
Note:  Implicit pin Y in instance clkload605 of sky130_fd_sc_hd__clkinvlp_4 in cell user_project_wrapper
Note:  Implicit pin Y in instance clkload606 of sky130_fd_sc_hd__inv_6 in cell user_project_wrapper
Note:  Implicit pin Y in instance clkload607 of sky130_fd_sc_hd__inv_6 in cell user_project_wrapper
Note:  Implicit pin Y in instance clkload608 of sky130_fd_sc_hd__clkinv_2 in cell user_project_wrapper
Note:  Implicit pin Y in instance clkload609 of sky130_fd_sc_hd__clkinv_2 in cell user_project_wrapper
Note:  Implicit pin Y in instance clkload610 of sky130_fd_sc_hd__clkinvlp_4 in cell user_project_wrapper
Note:  Implicit pin Y in instance clkload611 of sky130_fd_sc_hd__bufinv_16 in cell user_project_wrapper
Note:  Implicit pin Y in instance clkload612 of sky130_fd_sc_hd__clkinv_2 in cell user_project_wrapper
Note:  Implicit pin Y in instance clkload613 of sky130_fd_sc_hd__inv_8 in cell user_project_wrapper
Note:  Implicit pin Y in instance clkload614 of sky130_fd_sc_hd__inv_6 in cell user_project_wrapper
Note:  Implicit pin Y in instance clkload615 of sky130_fd_sc_hd__clkinv_4 in cell user_project_wrapper
Note:  Implicit pin Y in instance clkload616 of sky130_fd_sc_hd__bufinv_16 in cell user_project_wrapper
Note:  Implicit pin Y in instance clkload617 of sky130_fd_sc_hd__bufinv_16 in cell user_project_wrapper
Note:  Implicit pin Y in instance clkload618 of sky130_fd_sc_hd__bufinv_16 in cell user_project_wrapper
Note:  Implicit pin X in instance clkload619 of sky130_fd_sc_hd__clkbuf_4 in cell user_project_wrapper
Note:  Implicit pin Y in instance clkload620 of sky130_fd_sc_hd__clkinv_2 in cell user_project_wrapper
Note:  Implicit pin X in instance clkload621 of sky130_fd_sc_hd__clkbuf_4 in cell user_project_wrapper
Note:  Implicit pin Y in instance clkload622 of sky130_fd_sc_hd__clkinvlp_4 in cell user_project_wrapper
Note:  Implicit pin X in instance clkload623 of sky130_fd_sc_hd__clkbuf_8 in cell user_project_wrapper
Note:  Implicit pin X in instance clkload624 of sky130_fd_sc_hd__clkbuf_8 in cell user_project_wrapper
Note:  Implicit pin Y in instance clkload625 of sky130_fd_sc_hd__inv_6 in cell user_project_wrapper
Note:  Implicit pin X in instance clkload626 of sky130_fd_sc_hd__clkbuf_4 in cell user_project_wrapper
Note:  Implicit pin Y in instance clkload627 of sky130_fd_sc_hd__bufinv_16 in cell user_project_wrapper
Note:  Implicit pin Y in instance clkload628 of sky130_fd_sc_hd__clkinvlp_4 in cell user_project_wrapper
Note:  Implicit pin Y in instance clkload629 of sky130_fd_sc_hd__clkinvlp_4 in cell user_project_wrapper
Note:  Implicit pin Y in instance clkload630 of sky130_fd_sc_hd__clkinvlp_4 in cell user_project_wrapper
Note:  Implicit pin Y in instance clkload631 of sky130_fd_sc_hd__clkinvlp_4 in cell user_project_wrapper
Note:  Implicit pin Y in instance clkload632 of sky130_fd_sc_hd__bufinv_16 in cell user_project_wrapper
Note:  Implicit pin Y in instance clkload633 of sky130_fd_sc_hd__clkinvlp_4 in cell user_project_wrapper
Note:  Implicit pin X in instance clkload634 of sky130_fd_sc_hd__clkbuf_4 in cell user_project_wrapper
Note:  Implicit pin Y in instance clkload635 of sky130_fd_sc_hd__clkinv_2 in cell user_project_wrapper
Note:  Implicit pin X in instance clkload636 of sky130_fd_sc_hd__clkbuf_8 in cell user_project_wrapper
Note:  Implicit pin Y in instance clkload637 of sky130_fd_sc_hd__clkinvlp_4 in cell user_project_wrapper
Note:  Implicit pin X in instance clkload638 of sky130_fd_sc_hd__clkbuf_8 in cell user_project_wrapper
Note:  Implicit pin X in instance clkload639 of sky130_fd_sc_hd__clkbuf_4 in cell user_project_wrapper
Note:  Implicit pin Y in instance clkload640 of sky130_fd_sc_hd__clkinv_4 in cell user_project_wrapper
Note:  Implicit pin Y in instance clkload641 of sky130_fd_sc_hd__bufinv_16 in cell user_project_wrapper
Note:  Implicit pin Y in instance clkload642 of sky130_fd_sc_hd__clkinv_2 in cell user_project_wrapper
Note:  Implicit pin Y in instance clkload643 of sky130_fd_sc_hd__clkinv_2 in cell user_project_wrapper
Note:  Implicit pin X in instance clkload644 of sky130_fd_sc_hd__clkbuf_8 in cell user_project_wrapper
Note:  Implicit pin Y in instance clkload645 of sky130_fd_sc_hd__inv_6 in cell user_project_wrapper
Note:  Implicit pin Y in instance clkload646 of sky130_fd_sc_hd__bufinv_16 in cell user_project_wrapper
Note:  Implicit pin Y in instance clkload647 of sky130_fd_sc_hd__bufinv_16 in cell user_project_wrapper
Note:  Implicit pin X in instance clkload648 of sky130_fd_sc_hd__clkbuf_8 in cell user_project_wrapper
Note:  Implicit pin Y in instance clkload649 of sky130_fd_sc_hd__clkinv_4 in cell user_project_wrapper
Note:  Implicit pin X in instance clkload650 of sky130_fd_sc_hd__clkbuf_4 in cell user_project_wrapper
Note:  Implicit pin Y in instance clkload651 of sky130_fd_sc_hd__clkinvlp_4 in cell user_project_wrapper
Note:  Implicit pin Y in instance clkload652 of sky130_fd_sc_hd__clkinv_2 in cell user_project_wrapper
Note:  Implicit pin Y in instance clkload653 of sky130_fd_sc_hd__clkinvlp_4 in cell user_project_wrapper
Note:  Implicit pin Y in instance clkload654 of sky130_fd_sc_hd__clkinv_2 in cell user_project_wrapper
Note:  Implicit pin Y in instance clkload655 of sky130_fd_sc_hd__inv_6 in cell user_project_wrapper
Note:  Implicit pin Y in instance clkload656 of sky130_fd_sc_hd__inv_8 in cell user_project_wrapper
Note:  Implicit pin Y in instance clkload657 of sky130_fd_sc_hd__inv_8 in cell user_project_wrapper
Note:  Implicit pin Y in instance clkload658 of sky130_fd_sc_hd__clkinvlp_4 in cell user_project_wrapper
Note:  Implicit pin Y in instance clkload659 of sky130_fd_sc_hd__inv_6 in cell user_project_wrapper
Note:  Implicit pin Y in instance clkload660 of sky130_fd_sc_hd__inv_6 in cell user_project_wrapper
Note:  Implicit pin Y in instance clkload661 of sky130_fd_sc_hd__clkinv_2 in cell user_project_wrapper
Note:  Implicit pin Y in instance clkload662 of sky130_fd_sc_hd__clkinvlp_4 in cell user_project_wrapper
Note:  Implicit pin Y in instance clkload663 of sky130_fd_sc_hd__inv_6 in cell user_project_wrapper
Note:  Implicit pin Y in instance clkload664 of sky130_fd_sc_hd__bufinv_16 in cell user_project_wrapper
Note:  Implicit pin Y in instance clkload665 of sky130_fd_sc_hd__inv_8 in cell user_project_wrapper
Note:  Implicit pin Y in instance clkload666 of sky130_fd_sc_hd__bufinv_16 in cell user_project_wrapper
Note:  Implicit pin Y in instance clkload667 of sky130_fd_sc_hd__inv_6 in cell user_project_wrapper
Note:  Implicit pin X in instance clkload668 of sky130_fd_sc_hd__clkbuf_8 in cell user_project_wrapper
Note:  Implicit pin Y in instance clkload669 of sky130_fd_sc_hd__inv_6 in cell user_project_wrapper
Note:  Implicit pin Y in instance clkload670 of sky130_fd_sc_hd__clkinvlp_4 in cell user_project_wrapper
Note:  Implicit pin Y in instance clkload671 of sky130_fd_sc_hd__inv_6 in cell user_project_wrapper
Note:  Implicit pin Y in instance clkload672 of sky130_fd_sc_hd__clkinv_8 in cell user_project_wrapper
Note:  Implicit pin Y in instance clkload673 of sky130_fd_sc_hd__inv_8 in cell user_project_wrapper
Note:  Implicit pin Y in instance clkload674 of sky130_fd_sc_hd__clkinv_8 in cell user_project_wrapper
Note:  Implicit pin Y in instance clkload675 of sky130_fd_sc_hd__inv_8 in cell user_project_wrapper
Note:  Implicit pin Y in instance clkload676 of sky130_fd_sc_hd__inv_6 in cell user_project_wrapper
Note:  Implicit pin Y in instance clkload677 of sky130_fd_sc_hd__inv_6 in cell user_project_wrapper
Note:  Implicit pin Y in instance clkload678 of sky130_fd_sc_hd__inv_6 in cell user_project_wrapper
Note:  Implicit pin Y in instance clkload679 of sky130_fd_sc_hd__inv_8 in cell user_project_wrapper
Note:  Implicit pin Y in instance clkload680 of sky130_fd_sc_hd__inv_6 in cell user_project_wrapper
Note:  Implicit pin Y in instance clkload681 of sky130_fd_sc_hd__clkinv_4 in cell user_project_wrapper
Note:  Implicit pin Y in instance clkload682 of sky130_fd_sc_hd__inv_6 in cell user_project_wrapper
Note:  Implicit pin Y in instance clkload683 of sky130_fd_sc_hd__clkinvlp_4 in cell user_project_wrapper
Note:  Implicit pin Y in instance clkload684 of sky130_fd_sc_hd__clkinv_4 in cell user_project_wrapper
Note:  Implicit pin Y in instance clkload685 of sky130_fd_sc_hd__inv_6 in cell user_project_wrapper
Note:  Implicit pin X in instance clkload686 of sky130_fd_sc_hd__clkbuf_8 in cell user_project_wrapper
Note:  Implicit pin X in instance clkload687 of sky130_fd_sc_hd__clkbuf_4 in cell user_project_wrapper
Note:  Implicit pin Y in instance clkload688 of sky130_fd_sc_hd__clkinv_4 in cell user_project_wrapper
Note:  Implicit pin X in instance clkload689 of sky130_fd_sc_hd__clkbuf_8 in cell user_project_wrapper
Note:  Implicit pin X in instance clkload690 of sky130_fd_sc_hd__clkbuf_8 in cell user_project_wrapper
Note:  Implicit pin Y in instance clkload691 of sky130_fd_sc_hd__inv_6 in cell user_project_wrapper
Note:  Implicit pin Y in instance clkload692 of sky130_fd_sc_hd__clkinv_2 in cell user_project_wrapper
Note:  Implicit pin Y in instance clkload693 of sky130_fd_sc_hd__clkinv_2 in cell user_project_wrapper
Note:  Implicit pin X in instance clkload694 of sky130_fd_sc_hd__clkbuf_8 in cell user_project_wrapper
Note:  Implicit pin Y in instance clkload695 of sky130_fd_sc_hd__inv_6 in cell user_project_wrapper
Note:  Implicit pin Y in instance clkload696 of sky130_fd_sc_hd__clkinv_4 in cell user_project_wrapper
Note:  Implicit pin Y in instance clkload697 of sky130_fd_sc_hd__inv_6 in cell user_project_wrapper
Note:  Implicit pin Y in instance clkload698 of sky130_fd_sc_hd__clkinvlp_4 in cell user_project_wrapper
Note:  Implicit pin Y in instance clkload699 of sky130_fd_sc_hd__clkinvlp_4 in cell user_project_wrapper
Note:  Implicit pin Y in instance clkload700 of sky130_fd_sc_hd__clkinv_4 in cell user_project_wrapper
Note:  Implicit pin Y in instance clkload701 of sky130_fd_sc_hd__inv_6 in cell user_project_wrapper
Note:  Implicit pin Y in instance clkload702 of sky130_fd_sc_hd__inv_6 in cell user_project_wrapper
Note:  Implicit pin Y in instance clkload703 of sky130_fd_sc_hd__clkinv_4 in cell user_project_wrapper
Note:  Implicit pin Y in instance clkload704 of sky130_fd_sc_hd__clkinv_4 in cell user_project_wrapper
Note:  Implicit pin Y in instance clkload705 of sky130_fd_sc_hd__bufinv_16 in cell user_project_wrapper
Note:  Implicit pin X in instance clkload706 of sky130_fd_sc_hd__clkbuf_8 in cell user_project_wrapper
Note:  Implicit pin Y in instance clkload707 of sky130_fd_sc_hd__inv_6 in cell user_project_wrapper
Note:  Implicit pin Y in instance clkload708 of sky130_fd_sc_hd__inv_8 in cell user_project_wrapper
Note:  Implicit pin Y in instance clkload709 of sky130_fd_sc_hd__inv_6 in cell user_project_wrapper
Note:  Implicit pin Y in instance clkload710 of sky130_fd_sc_hd__clkinvlp_4 in cell user_project_wrapper
Note:  Implicit pin X in instance clkload711 of sky130_fd_sc_hd__clkbuf_8 in cell user_project_wrapper
Note:  Implicit pin Y in instance clkload712 of sky130_fd_sc_hd__clkinvlp_4 in cell user_project_wrapper
Note:  Implicit pin Y in instance clkload713 of sky130_fd_sc_hd__bufinv_16 in cell user_project_wrapper
Note:  Implicit pin X in instance clkload714 of sky130_fd_sc_hd__clkbuf_8 in cell user_project_wrapper
Note:  Implicit pin Y in instance clkload715 of sky130_fd_sc_hd__clkinvlp_4 in cell user_project_wrapper
Note:  Implicit pin Y in instance clkload716 of sky130_fd_sc_hd__bufinv_16 in cell user_project_wrapper
Note:  Implicit pin X in instance clkload717 of sky130_fd_sc_hd__clkbuf_8 in cell user_project_wrapper
Note:  Implicit pin X in instance clkload718 of sky130_fd_sc_hd__clkbuf_4 in cell user_project_wrapper
Note:  Implicit pin X in instance clkload719 of sky130_fd_sc_hd__clkbuf_4 in cell user_project_wrapper
Note:  Implicit pin Y in instance clkload720 of sky130_fd_sc_hd__clkinv_2 in cell user_project_wrapper
Note:  Implicit pin Y in instance clkload721 of sky130_fd_sc_hd__clkinv_2 in cell user_project_wrapper
Note:  Implicit pin Y in instance clkload722 of sky130_fd_sc_hd__clkinv_2 in cell user_project_wrapper
Note:  Implicit pin Y in instance clkload723 of sky130_fd_sc_hd__clkinv_4 in cell user_project_wrapper
Note:  Implicit pin Y in instance clkload724 of sky130_fd_sc_hd__inv_4 in cell user_project_wrapper
Note:  Implicit pin Y in instance clkload725 of sky130_fd_sc_hd__bufinv_16 in cell user_project_wrapper
Note:  Implicit pin Y in instance clkload726 of sky130_fd_sc_hd__inv_4 in cell user_project_wrapper
Note:  Implicit pin Y in instance clkload727 of sky130_fd_sc_hd__bufinv_16 in cell user_project_wrapper
Note:  Implicit pin X in instance clkload728 of sky130_fd_sc_hd__clkbuf_4 in cell user_project_wrapper
Note:  Implicit pin Y in instance clkload729 of sky130_fd_sc_hd__inv_4 in cell user_project_wrapper
Note:  Implicit pin X in instance clkload730 of sky130_fd_sc_hd__clkbuf_4 in cell user_project_wrapper
Note:  Implicit pin Y in instance clkload731 of sky130_fd_sc_hd__bufinv_16 in cell user_project_wrapper
Note:  Implicit pin X in instance clkload732 of sky130_fd_sc_hd__clkbuf_8 in cell user_project_wrapper
Note:  Implicit pin Y in instance clkload733 of sky130_fd_sc_hd__clkinv_2 in cell user_project_wrapper
Note:  Implicit pin Y in instance clkload734 of sky130_fd_sc_hd__bufinv_16 in cell user_project_wrapper
Note:  Implicit pin Y in instance clkload735 of sky130_fd_sc_hd__clkinv_2 in cell user_project_wrapper
Note:  Implicit pin Y in instance clkload736 of sky130_fd_sc_hd__bufinv_16 in cell user_project_wrapper
Note:  Implicit pin Y in instance clkload737 of sky130_fd_sc_hd__bufinv_16 in cell user_project_wrapper
Note:  Implicit pin Y in instance clkload738 of sky130_fd_sc_hd__bufinv_16 in cell user_project_wrapper
Note:  Implicit pin X in instance clkload739 of sky130_fd_sc_hd__clkbuf_4 in cell user_project_wrapper
Note:  Implicit pin Y in instance clkload740 of sky130_fd_sc_hd__bufinv_16 in cell user_project_wrapper
Note:  Implicit pin Y in instance clkload741 of sky130_fd_sc_hd__clkinvlp_4 in cell user_project_wrapper
Note:  Implicit pin Y in instance clkload742 of sky130_fd_sc_hd__clkinvlp_4 in cell user_project_wrapper
Note:  Implicit pin Y in instance clkload743 of sky130_fd_sc_hd__clkinv_4 in cell user_project_wrapper
Note:  Implicit pin Y in instance clkload744 of sky130_fd_sc_hd__clkinv_2 in cell user_project_wrapper
Note:  Implicit pin X in instance clkload745 of sky130_fd_sc_hd__clkbuf_8 in cell user_project_wrapper
Note:  Implicit pin Y in instance clkload746 of sky130_fd_sc_hd__inv_6 in cell user_project_wrapper
Note:  Implicit pin Y in instance clkload747 of sky130_fd_sc_hd__inv_6 in cell user_project_wrapper
Note:  Implicit pin Y in instance clkload748 of sky130_fd_sc_hd__clkinvlp_4 in cell user_project_wrapper
Note:  Implicit pin X in instance clkload749 of sky130_fd_sc_hd__clkbuf_4 in cell user_project_wrapper
Note:  Implicit pin X in instance clkload750 of sky130_fd_sc_hd__clkbuf_4 in cell user_project_wrapper
Note:  Implicit pin X in instance clkload751 of sky130_fd_sc_hd__clkbuf_8 in cell user_project_wrapper
Note:  Implicit pin Y in instance clkload752 of sky130_fd_sc_hd__clkinvlp_4 in cell user_project_wrapper
Note:  Implicit pin X in instance clkload753 of sky130_fd_sc_hd__clkbuf_4 in cell user_project_wrapper
Note:  Implicit pin Y in instance clkload754 of sky130_fd_sc_hd__bufinv_16 in cell user_project_wrapper
Note:  Implicit pin X in instance clkload755 of sky130_fd_sc_hd__clkbuf_4 in cell user_project_wrapper
Note:  Implicit pin Y in instance clkload756 of sky130_fd_sc_hd__bufinv_16 in cell user_project_wrapper
Note:  Implicit pin Y in instance clkload757 of sky130_fd_sc_hd__inv_4 in cell user_project_wrapper
Note:  Implicit pin Y in instance clkload758 of sky130_fd_sc_hd__clkinv_2 in cell user_project_wrapper
Note:  Implicit pin Y in instance clkload759 of sky130_fd_sc_hd__clkinv_2 in cell user_project_wrapper
Note:  Implicit pin Y in instance clkload760 of sky130_fd_sc_hd__clkinv_1 in cell user_project_wrapper
Note:  Implicit pin Y in instance clkload761 of sky130_fd_sc_hd__clkinv_4 in cell user_project_wrapper
Note:  Implicit pin Y in instance clkload762 of sky130_fd_sc_hd__clkinv_2 in cell user_project_wrapper
Note:  Implicit pin Y in instance clkload763 of sky130_fd_sc_hd__clkinv_1 in cell user_project_wrapper
Note:  Implicit pin Y in instance clkload764 of sky130_fd_sc_hd__clkinv_1 in cell user_project_wrapper
Note:  Implicit pin Y in instance clkload765 of sky130_fd_sc_hd__clkinv_4 in cell user_project_wrapper
Note:  Implicit pin Y in instance clkload766 of sky130_fd_sc_hd__clkinvlp_4 in cell user_project_wrapper
Note:  Implicit pin Y in instance clkload767 of sky130_fd_sc_hd__inv_6 in cell user_project_wrapper
Note:  Implicit pin Y in instance clkload768 of sky130_fd_sc_hd__inv_6 in cell user_project_wrapper
Note:  Implicit pin Y in instance clkload769 of sky130_fd_sc_hd__clkinv_4 in cell user_project_wrapper
Note:  Implicit pin Y in instance clkload770 of sky130_fd_sc_hd__clkinv_4 in cell user_project_wrapper
Note:  Implicit pin X in instance clkload771 of sky130_fd_sc_hd__clkbuf_8 in cell user_project_wrapper
Note:  Implicit pin Y in instance clkload772 of sky130_fd_sc_hd__bufinv_16 in cell user_project_wrapper
Note:  Implicit pin Y in instance clkload773 of sky130_fd_sc_hd__inv_6 in cell user_project_wrapper
Note:  Implicit pin Y in instance clkload774 of sky130_fd_sc_hd__clkinvlp_4 in cell user_project_wrapper
Note:  Implicit pin X in instance clkload775 of sky130_fd_sc_hd__clkbuf_4 in cell user_project_wrapper
Note:  Implicit pin X in instance clkload776 of sky130_fd_sc_hd__clkbuf_8 in cell user_project_wrapper
Note:  Implicit pin Y in instance clkload777 of sky130_fd_sc_hd__inv_6 in cell user_project_wrapper
Note:  Implicit pin Y in instance clkload778 of sky130_fd_sc_hd__clkinv_2 in cell user_project_wrapper
Note:  Implicit pin Y in instance clkload779 of sky130_fd_sc_hd__clkinv_2 in cell user_project_wrapper
Note:  Implicit pin Y in instance clkload780 of sky130_fd_sc_hd__clkinvlp_4 in cell user_project_wrapper
Note:  Implicit pin Y in instance clkload781 of sky130_fd_sc_hd__clkinv_2 in cell user_project_wrapper
Note:  Implicit pin Y in instance clkload782 of sky130_fd_sc_hd__inv_6 in cell user_project_wrapper
Note:  Implicit pin Y in instance clkload783 of sky130_fd_sc_hd__bufinv_16 in cell user_project_wrapper
Note:  Implicit pin Y in instance clkload784 of sky130_fd_sc_hd__clkinvlp_4 in cell user_project_wrapper
Note:  Implicit pin X in instance clkload785 of sky130_fd_sc_hd__clkbuf_8 in cell user_project_wrapper
Note:  Implicit pin X in instance clkload786 of sky130_fd_sc_hd__clkbuf_8 in cell user_project_wrapper
Note:  Implicit pin X in instance clkload787 of sky130_fd_sc_hd__clkbuf_4 in cell user_project_wrapper
Note:  Implicit pin Y in instance clkload788 of sky130_fd_sc_hd__clkinv_2 in cell user_project_wrapper
Note:  Implicit pin X in instance clkload789 of sky130_fd_sc_hd__clkbuf_8 in cell user_project_wrapper
Note:  Implicit pin X in instance clkload790 of sky130_fd_sc_hd__clkbuf_8 in cell user_project_wrapper
Note:  Implicit pin X in instance clkload791 of sky130_fd_sc_hd__clkbuf_8 in cell user_project_wrapper
Note:  Implicit pin Y in instance clkload792 of sky130_fd_sc_hd__clkinv_2 in cell user_project_wrapper
Note:  Implicit pin X in instance clkload793 of sky130_fd_sc_hd__clkbuf_8 in cell user_project_wrapper
Note:  Implicit pin Y in instance clkload794 of sky130_fd_sc_hd__bufinv_16 in cell user_project_wrapper
Note:  Implicit pin Y in instance clkload795 of sky130_fd_sc_hd__bufinv_16 in cell user_project_wrapper
Note:  Implicit pin Y in instance clkload796 of sky130_fd_sc_hd__clkinvlp_4 in cell user_project_wrapper
Note:  Implicit pin X in instance clkload797 of sky130_fd_sc_hd__clkbuf_8 in cell user_project_wrapper
Note:  Implicit pin Y in instance clkload798 of sky130_fd_sc_hd__clkinv_4 in cell user_project_wrapper
Note:  Implicit pin X in instance clkload799 of sky130_fd_sc_hd__clkbuf_8 in cell user_project_wrapper
Note:  Implicit pin Y in instance clkload800 of sky130_fd_sc_hd__clkinv_2 in cell user_project_wrapper
Note:  Implicit pin Y in instance clkload801 of sky130_fd_sc_hd__bufinv_16 in cell user_project_wrapper
Note:  Implicit pin Y in instance clkload802 of sky130_fd_sc_hd__clkinv_4 in cell user_project_wrapper
Note:  Implicit pin Y in instance clkload803 of sky130_fd_sc_hd__clkinvlp_4 in cell user_project_wrapper
Note:  Implicit pin X in instance clkload804 of sky130_fd_sc_hd__clkbuf_4 in cell user_project_wrapper
Note:  Implicit pin X in instance clkload805 of sky130_fd_sc_hd__clkbuf_4 in cell user_project_wrapper
Note:  Implicit pin Y in instance clkload806 of sky130_fd_sc_hd__inv_8 in cell user_project_wrapper
Treating empty subcircuits as black-box cells
Generating JSON file result
Will not flatten these subcells: BiasBranchnMasterx11 __fill_* photodiode_test_structure pixel_4tile pixel_test_structure sky130_ef_sc_hd__decap_* sky130_ef_sc_hd__decap_40_12 sky130_fd_sc_hd__decap_* sky130_fd_sc_hd__decap_3 sky130_fd_sc_hd__decap_4 sky130_fd_sc_hd__decap_6 sky130_fd_sc_hd__decap_8 sky130_fd_sc_hd__fill_1 sky130_fd_sc_hd__fill_2 sky130_fd_sc_hd__tapvpwrvgnd_* sky130_fd_sc_hd__tapvpwrvgnd_1

Reading setup file /home/rpgraca/opendvs_final/project_audit_orig/precheck_results/baseline_lvs/tmp/sky130A_setup.tcl

Model sky130_fd_pr__res_generic_po pin 1 == 2
No property value found for device sky130_fd_pr__res_generic_po
No property mult found for device sky130_fd_pr__res_generic_po
Model sky130_fd_pr__res_generic_po pin 1 == 2
No property value found for device sky130_fd_pr__res_generic_po
No property mult found for device sky130_fd_pr__res_generic_po
Model sky130_fd_pr__nfet_01v8 pin 1 == 3
No property mult found for device sky130_fd_pr__nfet_01v8
No property sa found for device sky130_fd_pr__nfet_01v8
No property sb found for device sky130_fd_pr__nfet_01v8
No property sd found for device sky130_fd_pr__nfet_01v8
No property nf found for device sky130_fd_pr__nfet_01v8
No property nrd found for device sky130_fd_pr__nfet_01v8
No property nrs found for device sky130_fd_pr__nfet_01v8
No property area found for device sky130_fd_pr__nfet_01v8
No property perim found for device sky130_fd_pr__nfet_01v8
No property topography found for device sky130_fd_pr__nfet_01v8
Model sky130_fd_pr__nfet_01v8 pin 1 == 3
No property mult found for device sky130_fd_pr__nfet_01v8
No property sa found for device sky130_fd_pr__nfet_01v8
No property sb found for device sky130_fd_pr__nfet_01v8
No property sd found for device sky130_fd_pr__nfet_01v8
No property nf found for device sky130_fd_pr__nfet_01v8
No property nrd found for device sky130_fd_pr__nfet_01v8
No property nrs found for device sky130_fd_pr__nfet_01v8
No property area found for device sky130_fd_pr__nfet_01v8
No property perim found for device sky130_fd_pr__nfet_01v8
No property topography found for device sky130_fd_pr__nfet_01v8
Model sky130_fd_pr__nfet_01v8_lvt pin 1 == 3
No property mult found for device sky130_fd_pr__nfet_01v8_lvt
No property sa found for device sky130_fd_pr__nfet_01v8_lvt
No property sb found for device sky130_fd_pr__nfet_01v8_lvt
No property sd found for device sky130_fd_pr__nfet_01v8_lvt
No property nf found for device sky130_fd_pr__nfet_01v8_lvt
No property nrd found for device sky130_fd_pr__nfet_01v8_lvt
No property nrs found for device sky130_fd_pr__nfet_01v8_lvt
No property area found for device sky130_fd_pr__nfet_01v8_lvt
No property perim found for device sky130_fd_pr__nfet_01v8_lvt
No property topography found for device sky130_fd_pr__nfet_01v8_lvt
Model sky130_fd_pr__nfet_01v8_lvt pin 1 == 3
No property mult found for device sky130_fd_pr__nfet_01v8_lvt
No property sa found for device sky130_fd_pr__nfet_01v8_lvt
No property sb found for device sky130_fd_pr__nfet_01v8_lvt
No property sd found for device sky130_fd_pr__nfet_01v8_lvt
No property nf found for device sky130_fd_pr__nfet_01v8_lvt
No property nrd found for device sky130_fd_pr__nfet_01v8_lvt
No property nrs found for device sky130_fd_pr__nfet_01v8_lvt
No property area found for device sky130_fd_pr__nfet_01v8_lvt
No property perim found for device sky130_fd_pr__nfet_01v8_lvt
No property topography found for device sky130_fd_pr__nfet_01v8_lvt
Model sky130_fd_pr__pfet_01v8 pin 1 == 3
No property mult found for device sky130_fd_pr__pfet_01v8
No property sa found for device sky130_fd_pr__pfet_01v8
No property sb found for device sky130_fd_pr__pfet_01v8
No property sd found for device sky130_fd_pr__pfet_01v8
No property nf found for device sky130_fd_pr__pfet_01v8
No property nrd found for device sky130_fd_pr__pfet_01v8
No property nrs found for device sky130_fd_pr__pfet_01v8
No property area found for device sky130_fd_pr__pfet_01v8
No property perim found for device sky130_fd_pr__pfet_01v8
No property topography found for device sky130_fd_pr__pfet_01v8
Model sky130_fd_pr__pfet_01v8 pin 1 == 3
No property mult found for device sky130_fd_pr__pfet_01v8
No property sa found for device sky130_fd_pr__pfet_01v8
No property sb found for device sky130_fd_pr__pfet_01v8
No property sd found for device sky130_fd_pr__pfet_01v8
No property nf found for device sky130_fd_pr__pfet_01v8
No property nrd found for device sky130_fd_pr__pfet_01v8
No property nrs found for device sky130_fd_pr__pfet_01v8
No property area found for device sky130_fd_pr__pfet_01v8
No property perim found for device sky130_fd_pr__pfet_01v8
No property topography found for device sky130_fd_pr__pfet_01v8
Model sky130_fd_pr__pfet_01v8_lvt pin 1 == 3
No property mult found for device sky130_fd_pr__pfet_01v8_lvt
No property sa found for device sky130_fd_pr__pfet_01v8_lvt
No property sb found for device sky130_fd_pr__pfet_01v8_lvt
No property sd found for device sky130_fd_pr__pfet_01v8_lvt
No property nf found for device sky130_fd_pr__pfet_01v8_lvt
No property nrd found for device sky130_fd_pr__pfet_01v8_lvt
No property nrs found for device sky130_fd_pr__pfet_01v8_lvt
No property area found for device sky130_fd_pr__pfet_01v8_lvt
No property perim found for device sky130_fd_pr__pfet_01v8_lvt
No property topography found for device sky130_fd_pr__pfet_01v8_lvt
Model sky130_fd_pr__pfet_01v8_lvt pin 1 == 3
No property mult found for device sky130_fd_pr__pfet_01v8_lvt
No property sa found for device sky130_fd_pr__pfet_01v8_lvt
No property sb found for device sky130_fd_pr__pfet_01v8_lvt
No property sd found for device sky130_fd_pr__pfet_01v8_lvt
No property nf found for device sky130_fd_pr__pfet_01v8_lvt
No property nrd found for device sky130_fd_pr__pfet_01v8_lvt
No property nrs found for device sky130_fd_pr__pfet_01v8_lvt
No property area found for device sky130_fd_pr__pfet_01v8_lvt
No property perim found for device sky130_fd_pr__pfet_01v8_lvt
No property topography found for device sky130_fd_pr__pfet_01v8_lvt
Model sky130_fd_pr__pfet_01v8_hvt pin 1 == 3
No property mult found for device sky130_fd_pr__pfet_01v8_hvt
No property sa found for device sky130_fd_pr__pfet_01v8_hvt
No property sb found for device sky130_fd_pr__pfet_01v8_hvt
No property sd found for device sky130_fd_pr__pfet_01v8_hvt
No property nf found for device sky130_fd_pr__pfet_01v8_hvt
No property nrd found for device sky130_fd_pr__pfet_01v8_hvt
No property nrs found for device sky130_fd_pr__pfet_01v8_hvt
No property area found for device sky130_fd_pr__pfet_01v8_hvt
No property perim found for device sky130_fd_pr__pfet_01v8_hvt
No property topography found for device sky130_fd_pr__pfet_01v8_hvt
Model sky130_fd_pr__pfet_01v8_hvt pin 1 == 3
No property mult found for device sky130_fd_pr__pfet_01v8_hvt
No property sa found for device sky130_fd_pr__pfet_01v8_hvt
No property sb found for device sky130_fd_pr__pfet_01v8_hvt
No property sd found for device sky130_fd_pr__pfet_01v8_hvt
No property nf found for device sky130_fd_pr__pfet_01v8_hvt
No property nrd found for device sky130_fd_pr__pfet_01v8_hvt
No property nrs found for device sky130_fd_pr__pfet_01v8_hvt
No property area found for device sky130_fd_pr__pfet_01v8_hvt
No property perim found for device sky130_fd_pr__pfet_01v8_hvt
No property topography found for device sky130_fd_pr__pfet_01v8_hvt
Model sky130_fd_pr__special_nfet_01v8 pin 1 == 3
No property mult found for device sky130_fd_pr__special_nfet_01v8
No property sa found for device sky130_fd_pr__special_nfet_01v8
No property sb found for device sky130_fd_pr__special_nfet_01v8
No property sd found for device sky130_fd_pr__special_nfet_01v8
No property nf found for device sky130_fd_pr__special_nfet_01v8
No property nrd found for device sky130_fd_pr__special_nfet_01v8
No property nrs found for device sky130_fd_pr__special_nfet_01v8
No property area found for device sky130_fd_pr__special_nfet_01v8
No property perim found for device sky130_fd_pr__special_nfet_01v8
No property topography found for device sky130_fd_pr__special_nfet_01v8
Model sky130_fd_pr__special_nfet_01v8 pin 1 == 3
No property as found for device sky130_fd_pr__special_nfet_01v8
No property ad found for device sky130_fd_pr__special_nfet_01v8
No property ps found for device sky130_fd_pr__special_nfet_01v8
No property pd found for device sky130_fd_pr__special_nfet_01v8
No property mult found for device sky130_fd_pr__special_nfet_01v8
No property sa found for device sky130_fd_pr__special_nfet_01v8
No property sb found for device sky130_fd_pr__special_nfet_01v8
No property sd found for device sky130_fd_pr__special_nfet_01v8
No property nf found for device sky130_fd_pr__special_nfet_01v8
No property nrd found for device sky130_fd_pr__special_nfet_01v8
No property nrs found for device sky130_fd_pr__special_nfet_01v8
No property area found for device sky130_fd_pr__special_nfet_01v8
No property perim found for device sky130_fd_pr__special_nfet_01v8
No property topography found for device sky130_fd_pr__special_nfet_01v8
Model sky130_fd_pr__special_pfet_01v8_hvt pin 1 == 3
No property as found for device sky130_fd_pr__special_pfet_01v8_hvt
No property ad found for device sky130_fd_pr__special_pfet_01v8_hvt
No property ps found for device sky130_fd_pr__special_pfet_01v8_hvt
No property pd found for device sky130_fd_pr__special_pfet_01v8_hvt
No property mult found for device sky130_fd_pr__special_pfet_01v8_hvt
No property sa found for device sky130_fd_pr__special_pfet_01v8_hvt
No property sb found for device sky130_fd_pr__special_pfet_01v8_hvt
No property sd found for device sky130_fd_pr__special_pfet_01v8_hvt
No property nf found for device sky130_fd_pr__special_pfet_01v8_hvt
No property nrd found for device sky130_fd_pr__special_pfet_01v8_hvt
No property nrs found for device sky130_fd_pr__special_pfet_01v8_hvt
No property area found for device sky130_fd_pr__special_pfet_01v8_hvt
No property perim found for device sky130_fd_pr__special_pfet_01v8_hvt
No property topography found for device sky130_fd_pr__special_pfet_01v8_hvt
No property value found for device sky130_fd_pr__diode_pw2nd_05v5
No property mult found for device sky130_fd_pr__diode_pw2nd_05v5
No property value found for device sky130_fd_pr__diode_pw2nd_05v5
No property mult found for device sky130_fd_pr__diode_pw2nd_05v5
No property area found for device sky130_fd_pr__cap_mim_m3_1
No property value found for device sky130_fd_pr__cap_mim_m3_1
No property mult found for device sky130_fd_pr__cap_mim_m3_1
No property perim found for device sky130_fd_pr__cap_mim_m3_1
No property mf found for device sky130_fd_pr__cap_mim_m3_1
No property area found for device sky130_fd_pr__cap_mim_m3_1
No property value found for device sky130_fd_pr__cap_mim_m3_1
No property mult found for device sky130_fd_pr__cap_mim_m3_1
No property perim found for device sky130_fd_pr__cap_mim_m3_1
No property mf found for device sky130_fd_pr__cap_mim_m3_1
Matching pins of sky130_fd_pr__nfet_01v8 in circuits 1 and 2

Subcircuit pins:
Circuit 1: sky130_fd_pr__nfet_01v8                                                |Circuit 2: sky130_fd_pr__nfet_01v8                                                
----------------------------------------------------------------------------------|----------------------------------------------------------------------------------
1                                                                                 |1                                                                                 
2                                                                                 |2                                                                                 
3                                                                                 |3                                                                                 
4                                                                                 |4                                                                                 
---------------------------------------------------------------------------------------------------------------------------------------------------------------------
Cell pin lists are equivalent.
Matching pins of sky130_fd_pr__cap_mim_m3_1 in circuits 1 and 2

Subcircuit pins:
Circuit 1: sky130_fd_pr__cap_mim_m3_1                                             |Circuit 2: sky130_fd_pr__cap_mim_m3_1                                             
----------------------------------------------------------------------------------|----------------------------------------------------------------------------------
1                                                                                 |1                                                                                 
2                                                                                 |2                                                                                 
---------------------------------------------------------------------------------------------------------------------------------------------------------------------
Cell pin lists are equivalent.
Matching pins of sky130_fd_pr__nfet_01v8_lvt in circuits 1 and 2

Subcircuit pins:
Circuit 1: sky130_fd_pr__nfet_01v8_lvt                                            |Circuit 2: sky130_fd_pr__nfet_01v8_lvt                                            
----------------------------------------------------------------------------------|----------------------------------------------------------------------------------
1                                                                                 |1                                                                                 
2                                                                                 |2                                                                                 
3                                                                                 |3                                                                                 
4                                                                                 |4                                                                                 
---------------------------------------------------------------------------------------------------------------------------------------------------------------------
Cell pin lists are equivalent.
Matching pins of sky130_fd_pr__pfet_01v8_hvt in circuits 1 and 2

Subcircuit pins:
Circuit 1: sky130_fd_pr__pfet_01v8_hvt                                            |Circuit 2: sky130_fd_pr__pfet_01v8_hvt                                            
----------------------------------------------------------------------------------|----------------------------------------------------------------------------------
1                                                                                 |1                                                                                 
2                                                                                 |2                                                                                 
3                                                                                 |3                                                                                 
4                                                                                 |4                                                                                 
---------------------------------------------------------------------------------------------------------------------------------------------------------------------
Cell pin lists are equivalent.
Matching pins of sky130_fd_pr__pfet_01v8 in circuits 1 and 2

Subcircuit pins:
Circuit 1: sky130_fd_pr__pfet_01v8                                                |Circuit 2: sky130_fd_pr__pfet_01v8                                                
----------------------------------------------------------------------------------|----------------------------------------------------------------------------------
1                                                                                 |1                                                                                 
2                                                                                 |2                                                                                 
3                                                                                 |3                                                                                 
4                                                                                 |4                                                                                 
---------------------------------------------------------------------------------------------------------------------------------------------------------------------
Cell pin lists are equivalent.
Matching pins of sky130_fd_pr__diode_pw2nd_05v5 in circuits 1 and 2

Subcircuit pins:
Circuit 1: sky130_fd_pr__diode_pw2nd_05v5                                         |Circuit 2: sky130_fd_pr__diode_pw2nd_05v5                                         
----------------------------------------------------------------------------------|----------------------------------------------------------------------------------
1                                                                                 |1                                                                                 
2                                                                                 |2                                                                                 
---------------------------------------------------------------------------------------------------------------------------------------------------------------------
Cell pin lists are equivalent.
Matching pins of sky130_fd_pr__pfet_01v8_lvt in circuits 1 and 2

Subcircuit pins:
Circuit 1: sky130_fd_pr__pfet_01v8_lvt                                            |Circuit 2: sky130_fd_pr__pfet_01v8_lvt                                            
----------------------------------------------------------------------------------|----------------------------------------------------------------------------------
1                                                                                 |1                                                                                 
2                                                                                 |2                                                                                 
3                                                                                 |3                                                                                 
4                                                                                 |4                                                                                 
---------------------------------------------------------------------------------------------------------------------------------------------------------------------
Cell pin lists are equivalent.
Matching pins of sky130_fd_pr__res_generic_po in circuits 1 and 2

Subcircuit pins:
Circuit 1: sky130_fd_pr__res_generic_po                                           |Circuit 2: sky130_fd_pr__res_generic_po                                           
----------------------------------------------------------------------------------|----------------------------------------------------------------------------------
1                                                                                 |1                                                                                 
2                                                                                 |2                                                                                 
---------------------------------------------------------------------------------------------------------------------------------------------------------------------
Cell pin lists are equivalent.
Matching pins of sky130_fd_pr__special_nfet_01v8 in circuits 1 and 2

Subcircuit pins:
Circuit 1: sky130_fd_pr__special_nfet_01v8                                        |Circuit 2: sky130_fd_pr__special_nfet_01v8                                        
----------------------------------------------------------------------------------|----------------------------------------------------------------------------------
1                                                                                 |1                                                                                 
2                                                                                 |2                                                                                 
3                                                                                 |3                                                                                 
4                                                                                 |4                                                                                 
---------------------------------------------------------------------------------------------------------------------------------------------------------------------
Cell pin lists are equivalent.
Device classes openDVS_pixel and S7_openDVS_pixel are equivalent.
Equating S7_openDVS_pixel in circuit 1 and openDVS_pixel in circuit 2
Device classes openDVS_pixel2x2_bot and S7_openDVS_pixel2x2_bot are equivalent.
Equating S7_openDVS_pixel2x2_bot in circuit 1 and openDVS_pixel2x2_bot in circuit 2
Device classes scs130hd_inv_4 and S7_scs130hd_inv_4 are equivalent.
Equating S7_scs130hd_inv_4 in circuit 1 and scs130hd_inv_4 in circuit 2
Comparison output logged to file /home/rpgraca/opendvs_final/project_audit_orig/precheck_results/baseline_lvs/tmp/lvs.report
Logging to file "/home/rpgraca/opendvs_final/project_audit_orig/precheck_results/baseline_lvs/tmp/lvs.report" enabled
Circuit sky130_fd_pr__nfet_01v8 contains no devices.
Circuit sky130_fd_pr__pfet_01v8 contains no devices.

Contents of circuit 1:  Circuit: 'GS_sky130_fd_pr__nfet_01v8_9ZWGZ9'
Circuit GS_sky130_fd_pr__nfet_01v8_9ZWGZ9 contains 1 device instances.
  Class: sky130_fd_pr__nfet_01v8 instances:   1
Circuit contains 4 nets, and 1 disconnected pin.
Contents of circuit 2:  Circuit: 'GS_sky130_fd_pr__nfet_01v8_9ZWGZ9'
Circuit GS_sky130_fd_pr__nfet_01v8_9ZWGZ9 contains 1 device instances.
  Class: sky130_fd_pr__nfet_01v8 instances:   1
Circuit contains 4 nets, and 1 disconnected pin.

Circuit 1 contains 1 devices, Circuit 2 contains 1 devices.
Circuit 1 contains 4 nets,    Circuit 2 contains 4 nets.


Contents of circuit 1:  Circuit: 'GS_sky130_fd_pr__pfet_01v8_D48SMA'
Circuit GS_sky130_fd_pr__pfet_01v8_D48SMA contains 1 device instances.
  Class: sky130_fd_pr__pfet_01v8 instances:   1
Circuit contains 4 nets.
Contents of circuit 2:  Circuit: 'GS_sky130_fd_pr__pfet_01v8_D48SMA'
Circuit GS_sky130_fd_pr__pfet_01v8_D48SMA contains 1 device instances.
  Class: sky130_fd_pr__pfet_01v8 instances:   1
Circuit contains 4 nets.

Circuit 1 contains 1 devices, Circuit 2 contains 1 devices.
Circuit 1 contains 4 nets,    Circuit 2 contains 4 nets.


Contents of circuit 1:  Circuit: 'GS_sky130_fd_pr__nfet_01v8_ML4XRG'
Circuit GS_sky130_fd_pr__nfet_01v8_ML4XRG contains 1 device instances.
  Class: sky130_fd_pr__nfet_01v8 instances:   1
Circuit contains 4 nets, and 2 disconnected pins.
Contents of circuit 2:  Circuit: 'GS_sky130_fd_pr__nfet_01v8_ML4XRG'
Circuit GS_sky130_fd_pr__nfet_01v8_ML4XRG contains 1 device instances.
  Class: sky130_fd_pr__nfet_01v8 instances:   1
Circuit contains 4 nets, and 2 disconnected pins.

Circuit 1 contains 1 devices, Circuit 2 contains 1 devices.
Circuit 1 contains 4 nets,    Circuit 2 contains 4 nets.


Contents of circuit 1:  Circuit: 'GS_sky130_fd_pr__nfet_01v8_V52S8A'
Circuit GS_sky130_fd_pr__nfet_01v8_V52S8A contains 1 device instances.
  Class: sky130_fd_pr__nfet_01v8 instances:   1
Circuit contains 4 nets.
Contents of circuit 2:  Circuit: 'GS_sky130_fd_pr__nfet_01v8_V52S8A'
Circuit GS_sky130_fd_pr__nfet_01v8_V52S8A contains 1 device instances.
  Class: sky130_fd_pr__nfet_01v8 instances:   1
Circuit contains 4 nets.

Circuit 1 contains 1 devices, Circuit 2 contains 1 devices.
Circuit 1 contains 4 nets,    Circuit 2 contains 4 nets.


Contents of circuit 1:  Circuit: 'GS_sky130_fd_pr__pfet_01v8_U2XPXD'
Circuit GS_sky130_fd_pr__pfet_01v8_U2XPXD contains 1 device instances.
  Class: sky130_fd_pr__pfet_01v8 instances:   1
Circuit contains 4 nets.
Contents of circuit 2:  Circuit: 'GS_sky130_fd_pr__pfet_01v8_U2XPXD'
Circuit GS_sky130_fd_pr__pfet_01v8_U2XPXD contains 1 device instances.
  Class: sky130_fd_pr__pfet_01v8 instances:   1
Circuit contains 4 nets.

Circuit 1 contains 1 devices, Circuit 2 contains 1 devices.
Circuit 1 contains 4 nets,    Circuit 2 contains 4 nets.


Contents of circuit 1:  Circuit: 'GS_sky130_fd_pr__pfet_01v8_KDZMJM'
Circuit GS_sky130_fd_pr__pfet_01v8_KDZMJM contains 1 device instances.
  Class: sky130_fd_pr__pfet_01v8 instances:   1
Circuit contains 4 nets.
Contents of circuit 2:  Circuit: 'GS_sky130_fd_pr__pfet_01v8_KDZMJM'
Circuit GS_sky130_fd_pr__pfet_01v8_KDZMJM contains 1 device instances.
  Class: sky130_fd_pr__pfet_01v8 instances:   1
Circuit contains 4 nets.

Circuit 1 contains 1 devices, Circuit 2 contains 1 devices.
Circuit 1 contains 4 nets,    Circuit 2 contains 4 nets.


Contents of circuit 1:  Circuit: 'GS_sky130_fd_pr__nfet_01v8_9ZAZEB'
Circuit GS_sky130_fd_pr__nfet_01v8_9ZAZEB contains 1 device instances.
  Class: sky130_fd_pr__nfet_01v8 instances:   1
Circuit contains 4 nets.
Contents of circuit 2:  Circuit: 'GS_sky130_fd_pr__nfet_01v8_9ZAZEB'
Circuit GS_sky130_fd_pr__nfet_01v8_9ZAZEB contains 1 device instances.
  Class: sky130_fd_pr__nfet_01v8 instances:   1
Circuit contains 4 nets.

Circuit 1 contains 1 devices, Circuit 2 contains 1 devices.
Circuit 1 contains 4 nets,    Circuit 2 contains 4 nets.

Circuit sky130_fd_pr__cap_mim_m3_1 contains no devices.
Circuit sky130_fd_pr__pfet_01v8_hvt contains no devices.

Contents of circuit 1:  Circuit: 'GS_nmos_MAG_784910779141'
Circuit GS_nmos_MAG_784910779141 contains 1 device instances.
  Class: sky130_fd_pr__nfet_01v8 instances:   1
Circuit contains 4 nets, and 2 disconnected pins.
Contents of circuit 2:  Circuit: 'GS_nmos_MAG_784910779141'
Circuit GS_nmos_MAG_784910779141 contains 1 device instances.
  Class: sky130_fd_pr__nfet_01v8 instances:   1
Circuit contains 4 nets, and 2 disconnected pins.

Circuit 1 contains 1 devices, Circuit 2 contains 1 devices.
Circuit 1 contains 4 nets,    Circuit 2 contains 4 nets.


Contents of circuit 1:  Circuit: 'GS_pmos_MAG_784910779140'
Circuit GS_pmos_MAG_784910779140 contains 1 device instances.
  Class: sky130_fd_pr__pfet_01v8 instances:   1
Circuit contains 4 nets.
Contents of circuit 2:  Circuit: 'GS_pmos_MAG_784910779140'
Circuit GS_pmos_MAG_784910779140 contains 1 device instances.
  Class: sky130_fd_pr__pfet_01v8 instances:   1
Circuit contains 4 nets.

Circuit 1 contains 1 devices, Circuit 2 contains 1 devices.
Circuit 1 contains 4 nets,    Circuit 2 contains 4 nets.


Contents of circuit 1:  Circuit: 'GS_dyn_comp_v1'
Circuit GS_dyn_comp_v1 contains 22 device instances.
  Class: GS_sky130_fd_pr__nfet_01v8_ML4XRG instances:   2
  Class: GS_sky130_fd_pr__pfet_01v8_KDZMJM instances:   4
  Class: GS_sky130_fd_pr__nfet_01v8_V52S8A instances:   2
  Class: GS_sky130_fd_pr__pfet_01v8_U2XPXD instances:   1
  Class: GS_sky130_fd_pr__nfet_01v8_9ZWGZ9 instances:  10
  Class: GS_sky130_fd_pr__pfet_01v8_D48SMA instances:   2
  Class: GS_sky130_fd_pr__nfet_01v8_9ZAZEB instances:   1
Circuit contains 14 nets.
Contents of circuit 2:  Circuit: 'GS_dyn_comp_v1'
Circuit GS_dyn_comp_v1 contains 22 device instances.
  Class: GS_sky130_fd_pr__nfet_01v8_ML4XRG instances:   2
  Class: GS_sky130_fd_pr__pfet_01v8_KDZMJM instances:   4
  Class: GS_sky130_fd_pr__nfet_01v8_V52S8A instances:   2
  Class: GS_sky130_fd_pr__pfet_01v8_U2XPXD instances:   1
  Class: GS_sky130_fd_pr__nfet_01v8_9ZWGZ9 instances:  10
  Class: GS_sky130_fd_pr__pfet_01v8_D48SMA instances:   2
  Class: GS_sky130_fd_pr__nfet_01v8_9ZAZEB instances:   1
Circuit contains 14 nets.

Circuit 1 contains 22 devices, Circuit 2 contains 22 devices.
Circuit 1 contains 14 nets,    Circuit 2 contains 14 nets.

Circuit sky130_fd_pr__pfet_01v8_lvt contains no devices.

Contents of circuit 1:  Circuit: 'LJ_BiasMultiplierCell'
Circuit LJ_BiasMultiplierCell contains 2 device instances.
  Class: sky130_fd_pr__pfet_01v8 instances:   2
Circuit contains 4 nets.
Contents of circuit 2:  Circuit: 'LJ_BiasMultiplierCell'
Circuit LJ_BiasMultiplierCell contains 15 device instances.
  Class: sky130_fd_pr__pfet_01v8 instances:  15
Circuit contains 4 nets.

Circuit was modified by parallel/series device merging.
New circuit summary:

Contents of circuit 1:  Circuit: 'LJ_BiasMultiplierCell'
Circuit LJ_BiasMultiplierCell contains 2 device instances.
  Class: sky130_fd_pr__pfet_01v8 instances:   2
Circuit contains 4 nets.
Contents of circuit 2:  Circuit: 'LJ_BiasMultiplierCell'
Circuit LJ_BiasMultiplierCell contains 2 device instances.
  Class: sky130_fd_pr__pfet_01v8 instances:   2
Circuit contains 4 nets.

Circuit 1 contains 2 devices, Circuit 2 contains 2 devices.
Circuit 1 contains 4 nets,    Circuit 2 contains 4 nets.


Contents of circuit 1:  Circuit: 'LJ_BiasDividerCell'
Circuit LJ_BiasDividerCell contains 2 device instances.
  Class: sky130_fd_pr__pfet_01v8 instances:   2
Circuit contains 4 nets.
Contents of circuit 2:  Circuit: 'LJ_BiasDividerCell'
Circuit LJ_BiasDividerCell contains 15 device instances.
  Class: sky130_fd_pr__pfet_01v8 instances:  15
Circuit contains 4 nets.

Circuit was modified by parallel/series device merging.
New circuit summary:

Contents of circuit 1:  Circuit: 'LJ_BiasDividerCell'
Circuit LJ_BiasDividerCell contains 2 device instances.
  Class: sky130_fd_pr__pfet_01v8 instances:   2
Circuit contains 4 nets.
Contents of circuit 2:  Circuit: 'LJ_BiasDividerCell'
Circuit LJ_BiasDividerCell contains 2 device instances.
  Class: sky130_fd_pr__pfet_01v8 instances:   2
Circuit contains 4 nets.

Circuit 1 contains 2 devices, Circuit 2 contains 2 devices.
Circuit 1 contains 4 nets,    Circuit 2 contains 4 nets.


Contents of circuit 1:  Circuit: 'GS_openDVS_pixel'
Circuit GS_openDVS_pixel contains 24 device instances.
  Class: sky130_fd_pr__nfet_01v8 instances:  11
  Class: sky130_fd_pr__cap_mim_m3_1 instances:   3
  Class: sky130_fd_pr__pfet_01v8_hvt instances:   2
  Class: sky130_fd_pr__pfet_01v8 instances:   7
  Class: sky130_fd_pr__model__parasitic__diode_ps2dn instances:   1
Circuit contains 26 nets, and 13 disconnected pins.
Contents of circuit 2:  Circuit: 'GS_openDVS_pixel'
Circuit GS_openDVS_pixel contains 24 device instances.
  Class: sky130_fd_pr__nfet_01v8 instances:  11
  Class: sky130_fd_pr__cap_mim_m3_1 instances:   3
  Class: sky130_fd_pr__pfet_01v8_hvt instances:   2
  Class: sky130_fd_pr__pfet_01v8 instances:   7
  Class: sky130_fd_pr__model__parasitic__diode_ps2dn instances:   1
Circuit contains 24 nets, and 13 disconnected pins.

Circuit was modified by parallel/series device merging.
New circuit summary:

Contents of circuit 1:  Circuit: 'GS_openDVS_pixel'
Circuit GS_openDVS_pixel contains 23 device instances.
  Class: sky130_fd_pr__nfet_01v8 instances:  11
  Class: sky130_fd_pr__cap_mim_m3_1 instances:   2
  Class: sky130_fd_pr__pfet_01v8_hvt instances:   2
  Class: sky130_fd_pr__pfet_01v8 instances:   7
  Class: sky130_fd_pr__model__parasitic__diode_ps2dn instances:   1
Circuit contains 26 nets, and 13 disconnected pins.
Contents of circuit 2:  Circuit: 'GS_openDVS_pixel'
Circuit GS_openDVS_pixel contains 23 device instances.
  Class: sky130_fd_pr__nfet_01v8 instances:  11
  Class: sky130_fd_pr__cap_mim_m3_1 instances:   2
  Class: sky130_fd_pr__pfet_01v8_hvt instances:   2
  Class: sky130_fd_pr__pfet_01v8 instances:   7
  Class: sky130_fd_pr__model__parasitic__diode_ps2dn instances:   1
Circuit contains 24 nets, and 13 disconnected pins.

Circuit 1 contains 23 devices, Circuit 2 contains 23 devices.
Circuit 1 contains 26 nets,    Circuit 2 contains 24 nets. *** MISMATCH ***

  Flattening non-matched subcircuits GS_openDVS_pixel GS_openDVS_pixel

Flattening instances of GS_openDVS_pixel in file /home/rpgraca/opendvs_final/project_audit_orig/precheck_results/baseline_lvs/tmp/ext/user_project_wrapper.gds.spice
Flattening instances of GS_openDVS_pixel in file /home/rpgraca/pdk/sky130A/libs.ref/sky130_fd_sc_hd/spice/sky130_ef_sc_hd__decap_40_12.spice

Contents of circuit 1:  Circuit: 'GS_col_periphery'
Circuit GS_col_periphery contains 25 device instances.
  Class: GS_pmos_MAG_784910779140 instances:   8
  Class: GS_nmos_MAG_784910779141 instances:  16
  Class: GS_dyn_comp_v1        instances:   1
Circuit contains 41 nets, and 1 disconnected pin.
Contents of circuit 2:  Circuit: 'GS_col_periphery'
Circuit GS_col_periphery contains 25 device instances.
  Class: GS_pmos_MAG_784910779140 instances:   8
  Class: GS_nmos_MAG_784910779141 instances:  16
  Class: GS_dyn_comp_v1        instances:   1
Circuit contains 41 nets, and 1 disconnected pin.

Circuit 1 contains 25 devices, Circuit 2 contains 25 devices.
Circuit 1 contains 41 nets,    Circuit 2 contains 41 nets.

Circuit sky130_fd_pr__nfet_01v8_lvt contains no devices.

Contents of circuit 1:  Circuit: 'LJ_scs130hd_nor2_1'
Circuit LJ_scs130hd_nor2_1 contains 4 device instances.
  Class: sky130_fd_pr__nfet_01v8 instances:   2
  Class: sky130_fd_pr__pfet_01v8_hvt instances:   2
Circuit contains 8 nets.
Contents of circuit 2:  Circuit: 'LJ_scs130hd_nor2_1'
Circuit LJ_scs130hd_nor2_1 contains 4 device instances.
  Class: sky130_fd_pr__nfet_01v8 instances:   2
  Class: sky130_fd_pr__pfet_01v8_hvt instances:   2
Circuit contains 8 nets.

Circuit 1 contains 4 devices, Circuit 2 contains 4 devices.
Circuit 1 contains 8 nets,    Circuit 2 contains 8 nets.


Contents of circuit 1:  Circuit: 'LJ_scs130hd_inv_1'
Circuit LJ_scs130hd_inv_1 contains 2 device instances.
  Class: sky130_fd_pr__nfet_01v8 instances:   1
  Class: sky130_fd_pr__pfet_01v8_hvt instances:   1
Circuit contains 6 nets.
Contents of circuit 2:  Circuit: 'LJ_scs130hd_inv_1'
Circuit LJ_scs130hd_inv_1 contains 2 device instances.
  Class: sky130_fd_pr__nfet_01v8 instances:   1
  Class: sky130_fd_pr__pfet_01v8_hvt instances:   1
Circuit contains 6 nets.

Circuit 1 contains 2 devices, Circuit 2 contains 2 devices.
Circuit 1 contains 6 nets,    Circuit 2 contains 6 nets.


Contents of circuit 1:  Circuit: 'LJ_scs130hd_and2_1'
Circuit LJ_scs130hd_and2_1 contains 6 device instances.
  Class: sky130_fd_pr__nfet_01v8 instances:   3
  Class: sky130_fd_pr__pfet_01v8_hvt instances:   3
Circuit contains 9 nets.
Contents of circuit 2:  Circuit: 'LJ_scs130hd_and2_1'
Circuit LJ_scs130hd_and2_1 contains 6 device instances.
  Class: sky130_fd_pr__nfet_01v8 instances:   3
  Class: sky130_fd_pr__pfet_01v8_hvt instances:   3
Circuit contains 9 nets.

Circuit 1 contains 6 devices, Circuit 2 contains 6 devices.
Circuit 1 contains 9 nets,    Circuit 2 contains 9 nets.


Contents of circuit 1:  Circuit: 'LJ_BiasDividerFineCell'
Circuit LJ_BiasDividerFineCell contains 5 device instances.
  Class: sky130_fd_pr__pfet_01v8_hvt instances:   2
  Class: sky130_fd_pr__pfet_01v8_lvt instances:   3
Circuit contains 10 nets.
Contents of circuit 2:  Circuit: 'LJ_BiasDividerFineCell'
Circuit LJ_BiasDividerFineCell contains 8 device instances.
  Class: sky130_fd_pr__pfet_01v8_hvt instances:   2
  Class: sky130_fd_pr__pfet_01v8_lvt instances:   6
Circuit contains 10 nets.

Circuit was modified by parallel/series device merging.
New circuit summary:

Contents of circuit 1:  Circuit: 'LJ_BiasDividerFineCell'
Circuit LJ_BiasDividerFineCell contains 5 device instances.
  Class: sky130_fd_pr__pfet_01v8_hvt instances:   2
  Class: sky130_fd_pr__pfet_01v8_lvt instances:   3
Circuit contains 10 nets.
Contents of circuit 2:  Circuit: 'LJ_BiasDividerFineCell'
Circuit LJ_BiasDividerFineCell contains 5 device instances.
  Class: sky130_fd_pr__pfet_01v8_hvt instances:   2
  Class: sky130_fd_pr__pfet_01v8_lvt instances:   3
Circuit contains 10 nets.

Circuit 1 contains 5 devices, Circuit 2 contains 5 devices.
Circuit 1 contains 10 nets,    Circuit 2 contains 10 nets.


Contents of circuit 1:  Circuit: 'LJ_BiasMultiplier'
Circuit LJ_BiasMultiplier contains 4 device instances.
  Class: sky130_fd_pr__pfet_01v8 instances:   2
  Class: LJ_BiasMultiplierCell instances:   2
Circuit contains 7 nets.
Contents of circuit 2:  Circuit: 'LJ_BiasMultiplier'
Circuit LJ_BiasMultiplier contains 17 device instances.
  Class: sky130_fd_pr__pfet_01v8 instances:  15
  Class: LJ_BiasMultiplierCell instances:   2
Circuit contains 7 nets.

Circuit was modified by parallel/series device merging.
New circuit summary:

Contents of circuit 1:  Circuit: 'LJ_BiasMultiplier'
Circuit LJ_BiasMultiplier contains 4 device instances.
  Class: sky130_fd_pr__pfet_01v8 instances:   2
  Class: LJ_BiasMultiplierCell instances:   2
Circuit contains 7 nets.
Contents of circuit 2:  Circuit: 'LJ_BiasMultiplier'
Circuit LJ_BiasMultiplier contains 4 device instances.
  Class: sky130_fd_pr__pfet_01v8 instances:   2
  Class: LJ_BiasMultiplierCell instances:   2
Circuit contains 7 nets.

Circuit 1 contains 4 devices, Circuit 2 contains 4 devices.
Circuit 1 contains 7 nets,    Circuit 2 contains 7 nets.


Contents of circuit 1:  Circuit: 'LJ_BiasDivider'
Circuit LJ_BiasDivider contains 8 device instances.
  Class: LJ_BiasDividerCell    instances:   6
  Class: sky130_fd_pr__pfet_01v8 instances:   2
Circuit contains 14 nets.
Contents of circuit 2:  Circuit: 'LJ_BiasDivider'
Circuit LJ_BiasDivider contains 21 device instances.
  Class: LJ_BiasDividerCell    instances:   6
  Class: sky130_fd_pr__pfet_01v8 instances:  15
Circuit contains 14 nets.

Circuit was modified by parallel/series device merging.
New circuit summary:

Contents of circuit 1:  Circuit: 'LJ_BiasDivider'
Circuit LJ_BiasDivider contains 8 device instances.
  Class: LJ_BiasDividerCell    instances:   6
  Class: sky130_fd_pr__pfet_01v8 instances:   2
Circuit contains 14 nets.
Contents of circuit 2:  Circuit: 'LJ_BiasDivider'
Circuit LJ_BiasDivider contains 8 device instances.
  Class: LJ_BiasDividerCell    instances:   6
  Class: sky130_fd_pr__pfet_01v8 instances:   2
Circuit contains 14 nets.

Circuit 1 contains 8 devices, Circuit 2 contains 8 devices.
Circuit 1 contains 14 nets,    Circuit 2 contains 14 nets.


Contents of circuit 1:  Circuit: 'LJ_scs130hd_inv_1'
Circuit LJ_scs130hd_inv_1 contains 2 device instances.
  Class: sky130_fd_pr__nfet_01v8 instances:   1
  Class: sky130_fd_pr__pfet_01v8_hvt instances:   1
Circuit contains 6 nets.
Contents of circuit 2:  Circuit: 'LJ_scs130hd_inv_1[[0]]'
Circuit LJ_scs130hd_inv_1[[0]] contains 2 device instances.
  Class: sky130_fd_pr__nfet_01v8 instances:   1
  Class: sky130_fd_pr__pfet_01v8_hvt instances:   1
Circuit contains 6 nets.

Circuit 1 contains 2 devices, Circuit 2 contains 2 devices.
Circuit 1 contains 6 nets,    Circuit 2 contains 6 nets.


Contents of circuit 1:  Circuit: 'GS_openDVS_pixel2x2_bot'
Circuit GS_openDVS_pixel2x2_bot contains 92 device instances.
  Class: sky130_fd_pr__nfet_01v8 instances:  44
  Class: sky130_fd_pr__cap_mim_m3_1 instances:   8
  Class: sky130_fd_pr__pfet_01v8_hvt instances:   8
  Class: sky130_fd_pr__pfet_01v8 instances:  28
  Class: sky130_fd_pr__model__parasitic__diode_ps2dn instances:   4
Circuit contains 63 nets.
Contents of circuit 2:  Circuit: 'GS_openDVS_pixel2x2_bot'
Circuit GS_openDVS_pixel2x2_bot contains 92 device instances.
  Class: sky130_fd_pr__nfet_01v8 instances:  44
  Class: sky130_fd_pr__cap_mim_m3_1 instances:   8
  Class: sky130_fd_pr__pfet_01v8_hvt instances:   8
  Class: sky130_fd_pr__pfet_01v8 instances:  28
  Class: sky130_fd_pr__model__parasitic__diode_ps2dn instances:   4
Circuit contains 61 nets.

Circuit 1 contains 92 devices, Circuit 2 contains 92 devices.
Circuit 1 contains 63 nets,    Circuit 2 contains 61 nets. *** MISMATCH ***

  Flattening non-matched subcircuits GS_openDVS_pixel2x2_bot GS_openDVS_pixel2x2_bot

Flattening instances of GS_openDVS_pixel2x2_bot in file /home/rpgraca/opendvs_final/project_audit_orig/precheck_results/baseline_lvs/tmp/ext/user_project_wrapper.gds.spice
Flattening instances of GS_openDVS_pixel2x2_bot in file /home/rpgraca/pdk/sky130A/libs.ref/sky130_fd_sc_hd/spice/sky130_ef_sc_hd__decap_40_12.spice

Contents of circuit 1:  Circuit: 'GS_col_periphery_1x2'
Circuit GS_col_periphery_1x2 contains 2 device instances.
  Class: GS_col_periphery      instances:   2
Circuit contains 14 nets.
Contents of circuit 2:  Circuit: 'GS_col_periphery_1x2'
Circuit GS_col_periphery_1x2 contains 2 device instances.
  Class: GS_col_periphery      instances:   2
Circuit contains 14 nets.

Circuit 1 contains 2 devices, Circuit 2 contains 2 devices.
Circuit 1 contains 14 nets,    Circuit 2 contains 14 nets.


Contents of circuit 1:  Circuit: 'GS_openDVS_pixel2x2_top'
Circuit GS_openDVS_pixel2x2_top contains 92 device instances.
  Class: sky130_fd_pr__nfet_01v8 instances:  44
  Class: sky130_fd_pr__cap_mim_m3_1 instances:   8
  Class: sky130_fd_pr__pfet_01v8_hvt instances:   8
  Class: sky130_fd_pr__pfet_01v8 instances:  28
  Class: sky130_fd_pr__model__parasitic__diode_ps2dn instances:   4
Circuit contains 63 nets.
Contents of circuit 2:  Circuit: 'GS_openDVS_pixel2x2_top'
Circuit GS_openDVS_pixel2x2_top contains 92 device instances.
  Class: sky130_fd_pr__nfet_01v8 instances:  44
  Class: sky130_fd_pr__cap_mim_m3_1 instances:   8
  Class: sky130_fd_pr__pfet_01v8_hvt instances:   8
  Class: sky130_fd_pr__pfet_01v8 instances:  28
  Class: sky130_fd_pr__model__parasitic__diode_ps2dn instances:   4
Circuit contains 61 nets.

Circuit 1 contains 92 devices, Circuit 2 contains 92 devices.
Circuit 1 contains 63 nets,    Circuit 2 contains 61 nets. *** MISMATCH ***

  Flattening non-matched subcircuits GS_openDVS_pixel2x2_top GS_openDVS_pixel2x2_top

Flattening instances of GS_openDVS_pixel2x2_top in file /home/rpgraca/opendvs_final/project_audit_orig/precheck_results/baseline_lvs/tmp/ext/user_project_wrapper.gds.spice
Flattening instances of GS_openDVS_pixel2x2_top in file /home/rpgraca/pdk/sky130A/libs.ref/sky130_fd_sc_hd/spice/sky130_ef_sc_hd__decap_40_12.spice

Contents of circuit 1:  Circuit: 'LJ_BiasCoarseSel8to1'
Circuit LJ_BiasCoarseSel8to1 contains 43 device instances.
  Class: sky130_fd_pr__nfet_01v8 instances:  12
  Class: sky130_fd_pr__nfet_01v8_lvt instances:  27
  Class: sky130_fd_pr__pfet_01v8 instances:   4
Circuit contains 51 nets.
Contents of circuit 2:  Circuit: 'LJ_BiasCoarseSel8to1'
Circuit LJ_BiasCoarseSel8to1 contains 57 device instances.
  Class: sky130_fd_pr__nfet_01v8 instances:  12
  Class: sky130_fd_pr__nfet_01v8_lvt instances:  41
  Class: sky130_fd_pr__pfet_01v8 instances:   4
Circuit contains 51 nets.

Circuit was modified by parallel/series device merging.
New circuit summary:

Contents of circuit 1:  Circuit: 'LJ_BiasCoarseSel8to1'
Circuit LJ_BiasCoarseSel8to1 contains 43 device instances.
  Class: sky130_fd_pr__nfet_01v8 instances:  12
  Class: sky130_fd_pr__nfet_01v8_lvt instances:  27
  Class: sky130_fd_pr__pfet_01v8 instances:   4
Circuit contains 51 nets.
Contents of circuit 2:  Circuit: 'LJ_BiasCoarseSel8to1'
Circuit LJ_BiasCoarseSel8to1 contains 43 device instances.
  Class: sky130_fd_pr__nfet_01v8 instances:  12
  Class: sky130_fd_pr__nfet_01v8_lvt instances:  27
  Class: sky130_fd_pr__pfet_01v8 instances:   4
Circuit contains 51 nets.

Circuit 1 contains 43 devices, Circuit 2 contains 43 devices.
Circuit 1 contains 51 nets,    Circuit 2 contains 51 nets.


Contents of circuit 1:  Circuit: 'LJ_BiasCoarseFineInterface'
Circuit LJ_BiasCoarseFineInterface contains 15 device instances.
  Class: sky130_fd_pr__nfet_01v8 instances:   2
  Class: sky130_fd_pr__pfet_01v8_hvt instances:   2
  Class: sky130_fd_pr__pfet_01v8 instances:   8
  Class: sky130_fd_pr__pfet_01v8_lvt instances:   3
Circuit contains 14 nets.
Contents of circuit 2:  Circuit: 'LJ_BiasCoarseFineInterface'
Circuit LJ_BiasCoarseFineInterface contains 66 device instances.
  Class: sky130_fd_pr__nfet_01v8 instances:   2
  Class: sky130_fd_pr__pfet_01v8_hvt instances:  16
  Class: sky130_fd_pr__pfet_01v8 instances:  42
  Class: sky130_fd_pr__pfet_01v8_lvt instances:   6
Circuit contains 14 nets.

Circuit was modified by parallel/series device merging.
New circuit summary:

Contents of circuit 1:  Circuit: 'LJ_BiasCoarseFineInterface'
Circuit LJ_BiasCoarseFineInterface contains 15 device instances.
  Class: sky130_fd_pr__nfet_01v8 instances:   2
  Class: sky130_fd_pr__pfet_01v8_hvt instances:   2
  Class: sky130_fd_pr__pfet_01v8 instances:   8
  Class: sky130_fd_pr__pfet_01v8_lvt instances:   3
Circuit contains 14 nets.
Contents of circuit 2:  Circuit: 'LJ_BiasCoarseFineInterface'
Circuit LJ_BiasCoarseFineInterface contains 15 device instances.
  Class: sky130_fd_pr__nfet_01v8 instances:   2
  Class: sky130_fd_pr__pfet_01v8_hvt instances:   2
  Class: sky130_fd_pr__pfet_01v8 instances:   8
  Class: sky130_fd_pr__pfet_01v8_lvt instances:   3
Circuit contains 14 nets.

Circuit 1 contains 15 devices, Circuit 2 contains 15 devices.
Circuit 1 contains 14 nets,    Circuit 2 contains 14 nets.


Contents of circuit 1:  Circuit: 'LJ_BiasBuffers'
Circuit LJ_BiasBuffers contains 33 device instances.
  Class: sky130_fd_pr__nfet_01v8 instances:  11
  Class: sky130_fd_pr__nfet_01v8_lvt instances:   3
  Class: LJ_scs130hd_inv_1     instances:   4
  Class: LJ_scs130hd_nor2_1    instances:   1
  Class: sky130_fd_pr__pfet_01v8 instances:  10
  Class: sky130_fd_pr__pfet_01v8_lvt instances:   3
  Class: LJ_scs130hd_and2_1    instances:   1
Circuit contains 28 nets.
Contents of circuit 2:  Circuit: 'LJ_BiasBuffers'
Circuit LJ_BiasBuffers contains 64 device instances.
  Class: sky130_fd_pr__nfet_01v8 instances:  11
  Class: sky130_fd_pr__nfet_01v8_lvt instances:  27
  Class: LJ_scs130hd_nor2_1    instances:   1
  Class: sky130_fd_pr__pfet_01v8 instances:  11
  Class: LJ_scs130hd_inv_1[[0]] instances:   4
  Class: sky130_fd_pr__pfet_01v8_lvt instances:   9
  Class: LJ_scs130hd_and2_1    instances:   1
Circuit contains 28 nets.

Circuit was modified by parallel/series device merging.
New circuit summary:

Contents of circuit 1:  Circuit: 'LJ_BiasBuffers'
Circuit LJ_BiasBuffers contains 33 device instances.
  Class: sky130_fd_pr__nfet_01v8 instances:  11
  Class: sky130_fd_pr__nfet_01v8_lvt instances:   3
  Class: LJ_scs130hd_inv_1     instances:   4
  Class: LJ_scs130hd_nor2_1    instances:   1
  Class: sky130_fd_pr__pfet_01v8 instances:  10
  Class: sky130_fd_pr__pfet_01v8_lvt instances:   3
  Class: LJ_scs130hd_and2_1    instances:   1
Circuit contains 28 nets.
Contents of circuit 2:  Circuit: 'LJ_BiasBuffers'
Circuit LJ_BiasBuffers contains 33 device instances.
  Class: sky130_fd_pr__nfet_01v8 instances:  11
  Class: sky130_fd_pr__nfet_01v8_lvt instances:   3
  Class: LJ_scs130hd_nor2_1    instances:   1
  Class: sky130_fd_pr__pfet_01v8 instances:  10
  Class: LJ_scs130hd_inv_1[[0]] instances:   4
  Class: sky130_fd_pr__pfet_01v8_lvt instances:   3
  Class: LJ_scs130hd_and2_1    instances:   1
Circuit contains 28 nets.

Circuit 1 contains 33 devices, Circuit 2 contains 33 devices.
Circuit 1 contains 28 nets,    Circuit 2 contains 28 nets.


Contents of circuit 1:  Circuit: 'LJ_BiasDividerFine'
Circuit LJ_BiasDividerFine contains 10 device instances.
  Class: sky130_fd_pr__nfet_01v8_lvt instances:   1
  Class: sky130_fd_pr__pfet_01v8_lvt instances:   1
  Class: LJ_BiasDividerFineCell instances:   8
Circuit contains 30 nets.
Contents of circuit 2:  Circuit: 'LJ_BiasDividerFine'
Circuit LJ_BiasDividerFine contains 11 device instances.
  Class: sky130_fd_pr__nfet_01v8_lvt instances:   1
  Class: sky130_fd_pr__pfet_01v8_lvt instances:   2
  Class: LJ_BiasDividerFineCell instances:   8
Circuit contains 30 nets.

Circuit was modified by parallel/series device merging.
New circuit summary:

Contents of circuit 1:  Circuit: 'LJ_BiasDividerFine'
Circuit LJ_BiasDividerFine contains 10 device instances.
  Class: sky130_fd_pr__nfet_01v8_lvt instances:   1
  Class: sky130_fd_pr__pfet_01v8_lvt instances:   1
  Class: LJ_BiasDividerFineCell instances:   8
Circuit contains 30 nets.
Contents of circuit 2:  Circuit: 'LJ_BiasDividerFine'
Circuit LJ_BiasDividerFine contains 10 device instances.
  Class: sky130_fd_pr__nfet_01v8_lvt instances:   1
  Class: sky130_fd_pr__pfet_01v8_lvt instances:   1
  Class: LJ_BiasDividerFineCell instances:   8
Circuit contains 30 nets.

Circuit 1 contains 10 devices, Circuit 2 contains 10 devices.
Circuit 1 contains 30 nets,    Circuit 2 contains 30 nets.


Contents of circuit 1:  Circuit: 'LJ_BiasMasterBias'
Circuit LJ_BiasMasterBias contains 15 device instances.
  Class: sky130_fd_pr__nfet_01v8 instances:   2
  Class: sky130_fd_pr__nfet_01v8_lvt instances:   9
  Class: sky130_fd_pr__pfet_01v8 instances:   4
Circuit contains 13 nets.
Contents of circuit 2:  Circuit: 'LJ_BiasMasterBias'
Circuit LJ_BiasMasterBias contains 81 device instances.
  Class: sky130_fd_pr__nfet_01v8 instances:   2
  Class: sky130_fd_pr__nfet_01v8_lvt instances:  61
  Class: sky130_fd_pr__pfet_01v8 instances:  18
Circuit contains 13 nets.

Circuit was modified by parallel/series device merging.
New circuit summary:

Contents of circuit 1:  Circuit: 'LJ_BiasMasterBias'
Circuit LJ_BiasMasterBias contains 15 device instances.
  Class: sky130_fd_pr__nfet_01v8 instances:   2
  Class: sky130_fd_pr__nfet_01v8_lvt instances:   9
  Class: sky130_fd_pr__pfet_01v8 instances:   4
Circuit contains 13 nets.
Contents of circuit 2:  Circuit: 'LJ_BiasMasterBias'
Circuit LJ_BiasMasterBias contains 15 device instances.
  Class: sky130_fd_pr__nfet_01v8 instances:   2
  Class: sky130_fd_pr__nfet_01v8_lvt instances:   9
  Class: sky130_fd_pr__pfet_01v8 instances:   4
Circuit contains 13 nets.

Circuit 1 contains 15 devices, Circuit 2 contains 15 devices.
Circuit 1 contains 13 nets,    Circuit 2 contains 13 nets.


Contents of circuit 1:  Circuit: 'LJ_mim_cap'
Circuit LJ_mim_cap contains 1 device instances.
  Class: sky130_fd_pr__cap_mim_m3_1 instances:   1
Circuit contains 2 nets.
Contents of circuit 2:  Circuit: 'LJ_mim_cap'
Circuit LJ_mim_cap contains 1 device instances.
  Class: sky130_fd_pr__cap_mim_m3_1 instances:   1
Circuit contains 2 nets.

Circuit 1 contains 1 devices, Circuit 2 contains 1 devices.
Circuit 1 contains 2 nets,    Circuit 2 contains 2 nets.


Contents of circuit 1:  Circuit: 'LJ_BiasCoarseMBDivider'
Circuit LJ_BiasCoarseMBDivider contains 52 device instances.
  Class: LJ_BiasMultiplier     instances:   1
  Class: sky130_fd_pr__nfet_01v8_lvt instances:  50
  Class: LJ_BiasDivider        instances:   1
Circuit contains 54 nets, and 1 disconnected pin.
Contents of circuit 2:  Circuit: 'LJ_BiasCoarseMBDivider'
Circuit LJ_BiasCoarseMBDivider contains 66 device instances.
  Class: LJ_BiasMultiplier     instances:   1
  Class: sky130_fd_pr__nfet_01v8_lvt instances:  64
  Class: LJ_BiasDivider        instances:   1
Circuit contains 54 nets.

Circuit was modified by parallel/series device merging.
New circuit summary:

Contents of circuit 1:  Circuit: 'LJ_BiasCoarseMBDivider'
Circuit LJ_BiasCoarseMBDivider contains 52 device instances.
  Class: LJ_BiasMultiplier     instances:   1
  Class: sky130_fd_pr__nfet_01v8_lvt instances:  50
  Class: LJ_BiasDivider        instances:   1
Circuit contains 54 nets, and 1 disconnected pin.
Contents of circuit 2:  Circuit: 'LJ_BiasCoarseMBDivider'
Circuit LJ_BiasCoarseMBDivider contains 52 device instances.
  Class: LJ_BiasMultiplier     instances:   1
  Class: sky130_fd_pr__nfet_01v8_lvt instances:  50
  Class: LJ_BiasDivider        instances:   1
Circuit contains 54 nets.

Circuit 1 contains 52 devices, Circuit 2 contains 52 devices.
Circuit 1 contains 54 nets,    Circuit 2 contains 54 nets.

  Flattening non-matched subcircuits LJ_BiasCoarseMBDivider LJ_BiasCoarseMBDivider

Flattening instances of LJ_BiasCoarseMBDivider in file /home/rpgraca/opendvs_final/project_audit_orig/precheck_results/baseline_lvs/tmp/ext/user_project_wrapper.gds.spice
Flattening instances of LJ_BiasCoarseMBDivider in file /home/rpgraca/pdk/sky130A/libs.ref/sky130_fd_sc_hd/spice/sky130_ef_sc_hd__decap_40_12.spice

Contents of circuit 1:  Circuit: 'LJ_mim_cap$1'
Circuit LJ_mim_cap$1 contains 1 device instances.
  Class: sky130_fd_pr__cap_mim_m3_1 instances:   1
Circuit contains 2 nets.
Contents of circuit 2:  Circuit: 'LJ_mim_cap$1'
Circuit LJ_mim_cap$1 contains 1 device instances.
  Class: sky130_fd_pr__cap_mim_m3_1 instances:   1
Circuit contains 2 nets.

Circuit 1 contains 1 devices, Circuit 2 contains 1 devices.
Circuit 1 contains 2 nets,    Circuit 2 contains 2 nets.


Contents of circuit 1:  Circuit: 'S7_openDVS_pixel'
Circuit S7_openDVS_pixel contains 24 device instances.
  Class: sky130_fd_pr__nfet_01v8 instances:  11
  Class: sky130_fd_pr__cap_mim_m3_1 instances:   3
  Class: sky130_fd_pr__pfet_01v8_hvt instances:   2
  Class: sky130_fd_pr__pfet_01v8 instances:   7
  Class: sky130_fd_pr__model__parasitic__diode_ps2dn instances:   1
Circuit contains 26 nets, and 13 disconnected pins.
Contents of circuit 2:  Circuit: 'openDVS_pixel'
Circuit openDVS_pixel contains 24 device instances.
  Class: sky130_fd_pr__nfet_01v8 instances:  11
  Class: sky130_fd_pr__cap_mim_m3_1 instances:   3
  Class: sky130_fd_pr__pfet_01v8_hvt instances:   2
  Class: sky130_fd_pr__pfet_01v8 instances:   7
  Class: sky130_fd_pr__model__parasitic__diode_ps2dn instances:   1
Circuit contains 24 nets, and 13 disconnected pins.

Circuit was modified by parallel/series device merging.
New circuit summary:

Contents of circuit 1:  Circuit: 'S7_openDVS_pixel'
Circuit S7_openDVS_pixel contains 23 device instances.
  Class: sky130_fd_pr__nfet_01v8 instances:  11
  Class: sky130_fd_pr__cap_mim_m3_1 instances:   2
  Class: sky130_fd_pr__pfet_01v8_hvt instances:   2
  Class: sky130_fd_pr__pfet_01v8 instances:   7
  Class: sky130_fd_pr__model__parasitic__diode_ps2dn instances:   1
Circuit contains 26 nets, and 13 disconnected pins.
Contents of circuit 2:  Circuit: 'openDVS_pixel'
Circuit openDVS_pixel contains 23 device instances.
  Class: sky130_fd_pr__nfet_01v8 instances:  11
  Class: sky130_fd_pr__cap_mim_m3_1 instances:   2
  Class: sky130_fd_pr__pfet_01v8_hvt instances:   2
  Class: sky130_fd_pr__pfet_01v8 instances:   7
  Class: sky130_fd_pr__model__parasitic__diode_ps2dn instances:   1
Circuit contains 24 nets, and 13 disconnected pins.

Circuit 1 contains 23 devices, Circuit 2 contains 23 devices.
Circuit 1 contains 26 nets,    Circuit 2 contains 24 nets. *** MISMATCH ***

  Flattening non-matched subcircuits S7_openDVS_pixel openDVS_pixel

Flattening instances of S7_openDVS_pixel in file /home/rpgraca/opendvs_final/project_audit_orig/precheck_results/baseline_lvs/tmp/ext/user_project_wrapper.gds.spice
Flattening instances of openDVS_pixel in file /home/rpgraca/pdk/sky130A/libs.ref/sky130_fd_sc_hd/spice/sky130_ef_sc_hd__decap_40_12.spice
Circuit sky130_fd_pr__diode_pw2nd_05v5 contains no devices.
Circuit sky130_fd_pr__special_nfet_01v8 contains no devices.
Circuit sky130_fd_pr__res_generic_po contains no devices.

Contents of circuit 1:  Circuit: 'GS_pixel_layout_tile_bot'
Circuit GS_pixel_layout_tile_bot contains 94240 device instances.
  Class: sky130_fd_pr__nfet_01v8 instances: 45056
  Class: sky130_fd_pr__cap_mim_m3_1 instances: 8192
  Class: sky130_fd_pr__pfet_01v8_hvt instances: 8192
  Class: sky130_fd_pr__pfet_01v8 instances: 28672
  Class: GS_col_periphery_1x2  instances:  32
  Class: sky130_fd_pr__model__parasitic__diode_ps2dn instances: 4096
Circuit contains 45454 nets, and 32 disconnected pins.
Contents of circuit 2:  Circuit: 'GS_pixel_layout_tile_bot'
Circuit GS_pixel_layout_tile_bot contains 94240 device instances.
  Class: sky130_fd_pr__nfet_01v8 instances: 45056
  Class: sky130_fd_pr__cap_mim_m3_1 instances: 8192
  Class: sky130_fd_pr__pfet_01v8_hvt instances: 8192
  Class: sky130_fd_pr__pfet_01v8 instances: 28672
  Class: GS_col_periphery_1x2  instances:  32
  Class: sky130_fd_pr__model__parasitic__diode_ps2dn instances: 4096
Circuit contains 45421 nets, and 32 disconnected pins.

Circuit 1 contains 94240 devices, Circuit 2 contains 94240 devices.
Circuit 1 contains 45454 nets,    Circuit 2 contains 45421 nets. *** MISMATCH ***

  Flattening non-matched subcircuits GS_pixel_layout_tile_bot GS_pixel_layout_tile_bot

Flattening instances of GS_pixel_layout_tile_bot in file /home/rpgraca/opendvs_final/project_audit_orig/precheck_results/baseline_lvs/tmp/ext/user_project_wrapper.gds.spice
Flattening instances of GS_pixel_layout_tile_bot in file /home/rpgraca/pdk/sky130A/libs.ref/sky130_fd_sc_hd/spice/sky130_ef_sc_hd__decap_40_12.spice

Contents of circuit 1:  Circuit: 'GS_pixel_layout_tile'
Circuit GS_pixel_layout_tile contains 94240 device instances.
  Class: sky130_fd_pr__nfet_01v8 instances: 45056
  Class: sky130_fd_pr__cap_mim_m3_1 instances: 8192
  Class: sky130_fd_pr__pfet_01v8_hvt instances: 8192
  Class: sky130_fd_pr__pfet_01v8 instances: 28672
  Class: GS_col_periphery_1x2  instances:  32
  Class: sky130_fd_pr__model__parasitic__diode_ps2dn instances: 4096
Circuit contains 45454 nets.
Contents of circuit 2:  Circuit: 'GS_pixel_layout_tile'
Circuit GS_pixel_layout_tile contains 94240 device instances.
  Class: sky130_fd_pr__nfet_01v8 instances: 45056
  Class: sky130_fd_pr__cap_mim_m3_1 instances: 8192
  Class: sky130_fd_pr__pfet_01v8_hvt instances: 8192
  Class: sky130_fd_pr__pfet_01v8 instances: 28672
  Class: GS_col_periphery_1x2  instances:  32
  Class: sky130_fd_pr__model__parasitic__diode_ps2dn instances: 4096
Circuit contains 45421 nets.

Circuit 1 contains 94240 devices, Circuit 2 contains 94240 devices.
Circuit 1 contains 45454 nets,    Circuit 2 contains 45421 nets. *** MISMATCH ***

  Flattening non-matched subcircuits GS_pixel_layout_tile GS_pixel_layout_tile

Flattening instances of GS_pixel_layout_tile in file /home/rpgraca/opendvs_final/project_audit_orig/precheck_results/baseline_lvs/tmp/ext/user_project_wrapper.gds.spice
Flattening instances of GS_pixel_layout_tile in file /home/rpgraca/pdk/sky130A/libs.ref/sky130_fd_sc_hd/spice/sky130_ef_sc_hd__decap_40_12.spice

Contents of circuit 1:  Circuit: 'IG_infiniamp_xl'
Circuit IG_infiniamp_xl contains 11 device instances.
  Class: sky130_fd_pr__nfet_01v8 instances:   5
  Class: sky130_fd_pr__pfet_01v8 instances:   2
  Class: sky130_fd_pr__pfet_01v8_lvt instances:   4
Circuit contains 10 nets.
Contents of circuit 2:  Circuit: 'IG_infiniamp_xl'
Circuit IG_infiniamp_xl contains 74 device instances.
  Class: sky130_fd_pr__nfet_01v8 instances:  22
  Class: sky130_fd_pr__pfet_01v8 instances:  20
  Class: sky130_fd_pr__pfet_01v8_lvt instances:  32
Circuit contains 10 nets.

Circuit was modified by parallel/series device merging.
New circuit summary:

Contents of circuit 1:  Circuit: 'IG_infiniamp_xl'
Circuit IG_infiniamp_xl contains 11 device instances.
  Class: sky130_fd_pr__nfet_01v8 instances:   5
  Class: sky130_fd_pr__pfet_01v8 instances:   2
  Class: sky130_fd_pr__pfet_01v8_lvt instances:   4
Circuit contains 10 nets.
Contents of circuit 2:  Circuit: 'IG_infiniamp_xl'
Circuit IG_infiniamp_xl contains 11 device instances.
  Class: sky130_fd_pr__nfet_01v8 instances:   5
  Class: sky130_fd_pr__pfet_01v8 instances:   2
  Class: sky130_fd_pr__pfet_01v8_lvt instances:   4
Circuit contains 10 nets.

Circuit 1 contains 11 devices, Circuit 2 contains 11 devices.
Circuit 1 contains 10 nets,    Circuit 2 contains 10 nets.


Contents of circuit 1:  Circuit: 'LJ_BiasBranch'
Circuit LJ_BiasBranch contains 4 device instances.
  Class: LJ_BiasDividerFine    instances:   1
  Class: LJ_BiasBuffers        instances:   1
  Class: LJ_BiasCoarseSel8to1  instances:   1
  Class: LJ_BiasCoarseFineInterface instances:   1
Circuit contains 49 nets, and 1 disconnected pin.
Contents of circuit 2:  Circuit: 'LJ_BiasBranch'
Circuit LJ_BiasBranch contains 4 device instances.
  Class: LJ_BiasDividerFine    instances:   1
  Class: LJ_BiasBuffers        instances:   1
  Class: LJ_BiasCoarseSel8to1  instances:   1
  Class: LJ_BiasCoarseFineInterface instances:   1
Circuit contains 49 nets.

Circuit 1 contains 4 devices, Circuit 2 contains 4 devices.
Circuit 1 contains 49 nets,    Circuit 2 contains 49 nets.

  Flattening non-matched subcircuits LJ_BiasBranch LJ_BiasBranch

Flattening instances of LJ_BiasBranch in file /home/rpgraca/opendvs_final/project_audit_orig/precheck_results/baseline_lvs/tmp/ext/user_project_wrapper.gds.spice
Flattening instances of LJ_BiasBranch in file /home/rpgraca/pdk/sky130A/libs.ref/sky130_fd_sc_hd/spice/sky130_ef_sc_hd__decap_40_12.spice

Contents of circuit 1:  Circuit: 'LJ_BiasBranchBuffer'
Circuit LJ_BiasBranchBuffer contains 6 device instances.
  Class: sky130_fd_pr__nfet_01v8_lvt instances:   2
  Class: LJ_BiasDividerFine    instances:   1
  Class: LJ_BiasCoarseSel8to1  instances:   1
  Class: LJ_BiasCoarseFineInterface instances:   1
  Class: sky130_fd_pr__pfet_01v8_lvt instances:   1
Circuit contains 41 nets, and 1 disconnected pin.
Contents of circuit 2:  Circuit: 'LJ_BiasBranchBuffer'
Circuit LJ_BiasBranchBuffer contains 37 device instances.
  Class: sky130_fd_pr__nfet_01v8_lvt instances:  32
  Class: LJ_BiasDividerFine    instances:   1
  Class: LJ_BiasCoarseSel8to1  instances:   1
  Class: LJ_BiasCoarseFineInterface instances:   1
  Class: sky130_fd_pr__pfet_01v8_lvt instances:   2
Circuit contains 41 nets.

Circuit was modified by parallel/series device merging.
New circuit summary:

Contents of circuit 1:  Circuit: 'LJ_BiasBranchBuffer'
Circuit LJ_BiasBranchBuffer contains 6 device instances.
  Class: sky130_fd_pr__nfet_01v8_lvt instances:   2
  Class: LJ_BiasDividerFine    instances:   1
  Class: LJ_BiasCoarseSel8to1  instances:   1
  Class: LJ_BiasCoarseFineInterface instances:   1
  Class: sky130_fd_pr__pfet_01v8_lvt instances:   1
Circuit contains 41 nets, and 1 disconnected pin.
Contents of circuit 2:  Circuit: 'LJ_BiasBranchBuffer'
Circuit LJ_BiasBranchBuffer contains 6 device instances.
  Class: sky130_fd_pr__nfet_01v8_lvt instances:   2
  Class: LJ_BiasDividerFine    instances:   1
  Class: LJ_BiasCoarseSel8to1  instances:   1
  Class: LJ_BiasCoarseFineInterface instances:   1
  Class: sky130_fd_pr__pfet_01v8_lvt instances:   1
Circuit contains 41 nets.

Circuit 1 contains 6 devices, Circuit 2 contains 6 devices.
Circuit 1 contains 41 nets,    Circuit 2 contains 41 nets.

  Flattening non-matched subcircuits LJ_BiasBranchBuffer LJ_BiasBranchBuffer

Flattening instances of LJ_BiasBranchBuffer in file /home/rpgraca/opendvs_final/project_audit_orig/precheck_results/baseline_lvs/tmp/ext/user_project_wrapper.gds.spice
Flattening instances of LJ_BiasBranchBuffer in file /home/rpgraca/pdk/sky130A/libs.ref/sky130_fd_sc_hd/spice/sky130_ef_sc_hd__decap_40_12.spice

Contents of circuit 1:  Circuit: 'LJ_BiasMasterCoarse'
Circuit LJ_BiasMasterCoarse contains 57 device instances.
  Class: LJ_BiasMultiplier     instances:   1
  Class: sky130_fd_pr__nfet_01v8_lvt instances:  50
  Class: LJ_BiasDivider        instances:   1
  Class: LJ_mim_cap            instances:   3
  Class: LJ_BiasMasterBias     instances:   1
  Class: LJ_mim_cap$1          instances:   1
Circuit contains 59 nets, and 1 disconnected pin.
Contents of circuit 2:  Circuit: 'LJ_BiasMasterCoarse'
Circuit LJ_BiasMasterCoarse contains 57 device instances.
  Class: LJ_BiasMultiplier     instances:   1
  Class: sky130_fd_pr__nfet_01v8_lvt instances:  50
  Class: LJ_BiasDivider        instances:   1
  Class: LJ_mim_cap            instances:   3
  Class: LJ_BiasMasterBias     instances:   1
  Class: LJ_mim_cap$1          instances:   1
Circuit contains 60 nets, and 1 disconnected pin.

Circuit 1 contains 57 devices, Circuit 2 contains 57 devices.
Circuit 1 contains 59 nets,    Circuit 2 contains 59 nets.


Contents of circuit 1:  Circuit: 'S7_openDVS_pixel2x2_bot'
Circuit S7_openDVS_pixel2x2_bot contains 92 device instances.
  Class: sky130_fd_pr__nfet_01v8 instances:  44
  Class: sky130_fd_pr__cap_mim_m3_1 instances:   8
  Class: sky130_fd_pr__pfet_01v8_hvt instances:   8
  Class: sky130_fd_pr__pfet_01v8 instances:  28
  Class: sky130_fd_pr__model__parasitic__diode_ps2dn instances:   4
Circuit contains 63 nets.
Contents of circuit 2:  Circuit: 'openDVS_pixel2x2_bot'
Circuit openDVS_pixel2x2_bot contains 92 device instances.
  Class: sky130_fd_pr__nfet_01v8 instances:  44
  Class: sky130_fd_pr__cap_mim_m3_1 instances:   8
  Class: sky130_fd_pr__pfet_01v8_hvt instances:   8
  Class: sky130_fd_pr__pfet_01v8 instances:  28
  Class: sky130_fd_pr__model__parasitic__diode_ps2dn instances:   4
Circuit contains 61 nets.

Circuit 1 contains 92 devices, Circuit 2 contains 92 devices.
Circuit 1 contains 63 nets,    Circuit 2 contains 61 nets. *** MISMATCH ***

  Flattening non-matched subcircuits S7_openDVS_pixel2x2_bot openDVS_pixel2x2_bot

Flattening instances of S7_openDVS_pixel2x2_bot in file /home/rpgraca/opendvs_final/project_audit_orig/precheck_results/baseline_lvs/tmp/ext/user_project_wrapper.gds.spice
Flattening instances of openDVS_pixel2x2_bot in file /home/rpgraca/pdk/sky130A/libs.ref/sky130_fd_sc_hd/spice/sky130_ef_sc_hd__decap_40_12.spice

Contents of circuit 1:  Circuit: 'S7_scs130hd_inv_4'
Circuit S7_scs130hd_inv_4 contains 2 device instances.
  Class: sky130_fd_pr__nfet_01v8 instances:   1
  Class: sky130_fd_pr__pfet_01v8_hvt instances:   1
Circuit contains 6 nets.
Contents of circuit 2:  Circuit: 'scs130hd_inv_4'
Circuit scs130hd_inv_4 contains 8 device instances.
  Class: sky130_fd_pr__nfet_01v8 instances:   4
  Class: sky130_fd_pr__pfet_01v8_hvt instances:   4
Circuit contains 6 nets.

Circuit was modified by parallel/series device merging.
New circuit summary:

Contents of circuit 1:  Circuit: 'S7_scs130hd_inv_4'
Circuit S7_scs130hd_inv_4 contains 2 device instances.
  Class: sky130_fd_pr__nfet_01v8 instances:   1
  Class: sky130_fd_pr__pfet_01v8_hvt instances:   1
Circuit contains 6 nets.
Contents of circuit 2:  Circuit: 'scs130hd_inv_4'
Circuit scs130hd_inv_4 contains 2 device instances.
  Class: sky130_fd_pr__nfet_01v8 instances:   1
  Class: sky130_fd_pr__pfet_01v8_hvt instances:   1
Circuit contains 6 nets.

Circuit 1 contains 2 devices, Circuit 2 contains 2 devices.
Circuit 1 contains 6 nets,    Circuit 2 contains 6 nets.


Contents of circuit 1:  Circuit: 'IG_infiniamp_xl'
Circuit IG_infiniamp_xl contains 11 device instances.
  Class: sky130_fd_pr__nfet_01v8 instances:   5
  Class: sky130_fd_pr__pfet_01v8 instances:   2
  Class: sky130_fd_pr__pfet_01v8_lvt instances:   4
Circuit contains 10 nets.
Contents of circuit 2:  Circuit: 'IG_infiniamp_xl[[0]]'
Circuit IG_infiniamp_xl[[0]] contains 74 device instances.
  Class: sky130_fd_pr__nfet_01v8 instances:  22
  Class: sky130_fd_pr__pfet_01v8 instances:  20
  Class: sky130_fd_pr__pfet_01v8_lvt instances:  32
Circuit contains 10 nets.

Circuit was modified by parallel/series device merging.
New circuit summary:

Contents of circuit 1:  Circuit: 'IG_infiniamp_xl'
Circuit IG_infiniamp_xl contains 11 device instances.
  Class: sky130_fd_pr__nfet_01v8 instances:   5
  Class: sky130_fd_pr__pfet_01v8 instances:   2
  Class: sky130_fd_pr__pfet_01v8_lvt instances:   4
Circuit contains 10 nets.
Contents of circuit 2:  Circuit: 'IG_infiniamp_xl[[0]]'
Circuit IG_infiniamp_xl[[0]] contains 11 device instances.
  Class: sky130_fd_pr__nfet_01v8 instances:   5
  Class: sky130_fd_pr__pfet_01v8 instances:   2
  Class: sky130_fd_pr__pfet_01v8_lvt instances:   4
Circuit contains 10 nets.

Circuit 1 contains 11 devices, Circuit 2 contains 11 devices.
Circuit 1 contains 10 nets,    Circuit 2 contains 10 nets.


Contents of circuit 1:  Circuit: 'sky130_ef_sc_hd__decap_40_12'
Circuit sky130_ef_sc_hd__decap_40_12 contains 0 device instances.
Circuit contains 0 nets, and 4 disconnected pins.
Contents of circuit 2:  Circuit: 'sky130_ef_sc_hd__decap_40_12'
Circuit sky130_ef_sc_hd__decap_40_12 contains 2 device instances.
  Class: sky130_fd_pr__nfet_01v8 instances:   1
  Class: sky130_fd_pr__pfet_01v8_hvt instances:   1
Circuit contains 4 nets.

Circuit sky130_ef_sc_hd__decap_40_12 contains no devices.

Contents of circuit 1:  Circuit: 'sky130_fd_sc_hd__decap_6'
Circuit sky130_fd_sc_hd__decap_6 contains 0 device instances.
Circuit contains 0 nets, and 4 disconnected pins.
Contents of circuit 2:  Circuit: 'sky130_fd_sc_hd__decap_6'
Circuit sky130_fd_sc_hd__decap_6 contains 2 device instances.
  Class: sky130_fd_pr__nfet_01v8 instances:   1
  Class: sky130_fd_pr__pfet_01v8_hvt instances:   1
Circuit contains 4 nets.

Circuit sky130_fd_sc_hd__decap_6 contains no devices.

Contents of circuit 1:  Circuit: 'sky130_fd_sc_hd__tapvpwrvgnd_1'
Circuit sky130_fd_sc_hd__tapvpwrvgnd_1 contains 0 device instances.
Circuit contains 0 nets, and 2 disconnected pins.
Contents of circuit 2:  Circuit: 'sky130_fd_sc_hd__tapvpwrvgnd_1'
Circuit sky130_fd_sc_hd__tapvpwrvgnd_1 contains 0 device instances.
Circuit contains 0 nets, and 2 disconnected pins.

Circuit sky130_fd_sc_hd__tapvpwrvgnd_1 contains no devices.

Contents of circuit 1:  Circuit: 'sky130_fd_sc_hd__diode_2'
Circuit sky130_fd_sc_hd__diode_2 contains 1 device instances.
  Class: sky130_fd_pr__diode_pw2nd_05v5 instances:   1
Circuit contains 2 nets, and 3 disconnected pins.
Contents of circuit 2:  Circuit: 'sky130_fd_sc_hd__diode_2'
Circuit sky130_fd_sc_hd__diode_2 contains 1 device instances.
  Class: sky130_fd_pr__diode_pw2nd_05v5 instances:   1
Circuit contains 2 nets, and 3 disconnected pins.

Circuit 1 contains 1 devices, Circuit 2 contains 1 devices.
Circuit 1 contains 2 nets,    Circuit 2 contains 2 nets.


Contents of circuit 1:  Circuit: 'sky130_fd_sc_hd__decap_3'
Circuit sky130_fd_sc_hd__decap_3 contains 0 device instances.
Circuit contains 0 nets, and 3 disconnected pins.
Contents of circuit 2:  Circuit: 'sky130_fd_sc_hd__decap_3'
Circuit sky130_fd_sc_hd__decap_3 contains 2 device instances.
  Class: sky130_fd_pr__nfet_01v8 instances:   1
  Class: sky130_fd_pr__pfet_01v8_hvt instances:   1
Circuit contains 4 nets.

Circuit sky130_fd_sc_hd__decap_3 contains no devices.

Contents of circuit 1:  Circuit: 'sky130_fd_sc_hd__fill_1'
Circuit sky130_fd_sc_hd__fill_1 contains 0 device instances.
Circuit contains 0 nets, and 4 disconnected pins.
Contents of circuit 2:  Circuit: 'sky130_fd_sc_hd__fill_1'
Circuit sky130_fd_sc_hd__fill_1 contains 0 device instances.
Circuit contains 0 nets, and 4 disconnected pins.

Circuit sky130_fd_sc_hd__fill_1 contains no devices.

Contents of circuit 1:  Circuit: 'sky130_fd_sc_hd__decap_8'
Circuit sky130_fd_sc_hd__decap_8 contains 0 device instances.
Circuit contains 0 nets, and 4 disconnected pins.
Contents of circuit 2:  Circuit: 'sky130_fd_sc_hd__decap_8'
Circuit sky130_fd_sc_hd__decap_8 contains 2 device instances.
  Class: sky130_fd_pr__nfet_01v8 instances:   1
  Class: sky130_fd_pr__pfet_01v8_hvt instances:   1
Circuit contains 4 nets.

Circuit sky130_fd_sc_hd__decap_8 contains no devices.

Contents of circuit 1:  Circuit: 'sky130_fd_sc_hd__decap_4'
Circuit sky130_fd_sc_hd__decap_4 contains 0 device instances.
Circuit contains 0 nets, and 4 disconnected pins.
Contents of circuit 2:  Circuit: 'sky130_fd_sc_hd__decap_4'
Circuit sky130_fd_sc_hd__decap_4 contains 2 device instances.
  Class: sky130_fd_pr__nfet_01v8 instances:   1
  Class: sky130_fd_pr__pfet_01v8_hvt instances:   1
Circuit contains 4 nets.

Circuit sky130_fd_sc_hd__decap_4 contains no devices.

Contents of circuit 1:  Circuit: 'sky130_fd_sc_hd__fill_2'
Circuit sky130_fd_sc_hd__fill_2 contains 0 device instances.
Circuit contains 0 nets, and 4 disconnected pins.
Contents of circuit 2:  Circuit: 'sky130_fd_sc_hd__fill_2'
Circuit sky130_fd_sc_hd__fill_2 contains 0 device instances.
Circuit contains 0 nets, and 4 disconnected pins.

Circuit sky130_fd_sc_hd__fill_2 contains no devices.

Contents of circuit 1:  Circuit: 'sky130_fd_sc_hd__a22o_4'
Circuit sky130_fd_sc_hd__a22o_4 contains 10 device instances.
  Class: sky130_fd_pr__nfet_01v8 instances:   5
  Class: sky130_fd_pr__pfet_01v8_hvt instances:   5
Circuit contains 13 nets.
Contents of circuit 2:  Circuit: 'sky130_fd_sc_hd__a22o_4'
Circuit sky130_fd_sc_hd__a22o_4 contains 24 device instances.
  Class: sky130_fd_pr__nfet_01v8 instances:  12
  Class: sky130_fd_pr__pfet_01v8_hvt instances:  12
Circuit contains 13 nets.

Circuit was modified by parallel/series device merging.
New circuit summary:

Contents of circuit 1:  Circuit: 'sky130_fd_sc_hd__a22o_4'
Circuit sky130_fd_sc_hd__a22o_4 contains 10 device instances.
  Class: sky130_fd_pr__nfet_01v8 instances:   5
  Class: sky130_fd_pr__pfet_01v8_hvt instances:   5
Circuit contains 13 nets.
Contents of circuit 2:  Circuit: 'sky130_fd_sc_hd__a22o_4'
Circuit sky130_fd_sc_hd__a22o_4 contains 10 device instances.
  Class: sky130_fd_pr__nfet_01v8 instances:   5
  Class: sky130_fd_pr__pfet_01v8_hvt instances:   5
Circuit contains 13 nets.

Circuit 1 contains 10 devices, Circuit 2 contains 10 devices.
Circuit 1 contains 13 nets,    Circuit 2 contains 13 nets.


Contents of circuit 1:  Circuit: 'sky130_fd_sc_hd__dfxtp_1'
Circuit sky130_fd_sc_hd__dfxtp_1 contains 24 device instances.
  Class: sky130_fd_pr__nfet_01v8 instances:   8
  Class: sky130_fd_pr__pfet_01v8_hvt instances:  12
  Class: sky130_fd_pr__special_nfet_01v8 instances:   4
Circuit contains 18 nets.
Contents of circuit 2:  Circuit: 'sky130_fd_sc_hd__dfxtp_1'
Circuit sky130_fd_sc_hd__dfxtp_1 contains 24 device instances.
  Class: sky130_fd_pr__nfet_01v8 instances:   8
  Class: sky130_fd_pr__pfet_01v8_hvt instances:  12
  Class: sky130_fd_pr__special_nfet_01v8 instances:   4
Circuit contains 18 nets.

Circuit 1 contains 24 devices, Circuit 2 contains 24 devices.
Circuit 1 contains 18 nets,    Circuit 2 contains 18 nets.


Contents of circuit 1:  Circuit: 'sky130_fd_sc_hd__dfrtp_1'
Circuit sky130_fd_sc_hd__dfrtp_1 contains 28 device instances.
  Class: sky130_fd_pr__nfet_01v8 instances:  10
  Class: sky130_fd_pr__pfet_01v8_hvt instances:  14
  Class: sky130_fd_pr__special_nfet_01v8 instances:   4
Circuit contains 21 nets.
Contents of circuit 2:  Circuit: 'sky130_fd_sc_hd__dfrtp_1'
Circuit sky130_fd_sc_hd__dfrtp_1 contains 28 device instances.
  Class: sky130_fd_pr__nfet_01v8 instances:  10
  Class: sky130_fd_pr__pfet_01v8_hvt instances:  14
  Class: sky130_fd_pr__special_nfet_01v8 instances:   4
Circuit contains 21 nets.

Circuit 1 contains 28 devices, Circuit 2 contains 28 devices.
Circuit 1 contains 21 nets,    Circuit 2 contains 21 nets.


Contents of circuit 1:  Circuit: 'sky130_fd_sc_hd__conb_1'
Circuit sky130_fd_sc_hd__conb_1 contains 2 device instances.
  Class: sky130_fd_pr__res_generic_po instances:   2
Circuit contains 4 nets, and 2 disconnected pins.
Contents of circuit 2:  Circuit: 'sky130_fd_sc_hd__conb_1'
Circuit sky130_fd_sc_hd__conb_1 contains 2 device instances.
  Class: sky130_fd_pr__res_generic_po instances:   2
Circuit contains 4 nets, and 2 disconnected pins.

Circuit 1 contains 2 devices, Circuit 2 contains 2 devices.
Circuit 1 contains 4 nets,    Circuit 2 contains 4 nets.


Contents of circuit 1:  Circuit: 'sky130_fd_sc_hd__clkbuf_8'
Circuit sky130_fd_sc_hd__clkbuf_8 contains 4 device instances.
  Class: sky130_fd_pr__nfet_01v8 instances:   2
  Class: sky130_fd_pr__pfet_01v8_hvt instances:   2
Circuit contains 7 nets.
Contents of circuit 2:  Circuit: 'sky130_fd_sc_hd__clkbuf_8'
Circuit sky130_fd_sc_hd__clkbuf_8 contains 20 device instances.
  Class: sky130_fd_pr__nfet_01v8 instances:  10
  Class: sky130_fd_pr__pfet_01v8_hvt instances:  10
Circuit contains 7 nets.

Circuit was modified by parallel/series device merging.
New circuit summary:

Contents of circuit 1:  Circuit: 'sky130_fd_sc_hd__clkbuf_8'
Circuit sky130_fd_sc_hd__clkbuf_8 contains 4 device instances.
  Class: sky130_fd_pr__nfet_01v8 instances:   2
  Class: sky130_fd_pr__pfet_01v8_hvt instances:   2
Circuit contains 7 nets.
Contents of circuit 2:  Circuit: 'sky130_fd_sc_hd__clkbuf_8'
Circuit sky130_fd_sc_hd__clkbuf_8 contains 4 device instances.
  Class: sky130_fd_pr__nfet_01v8 instances:   2
  Class: sky130_fd_pr__pfet_01v8_hvt instances:   2
Circuit contains 7 nets.

Circuit 1 contains 4 devices, Circuit 2 contains 4 devices.
Circuit 1 contains 7 nets,    Circuit 2 contains 7 nets.


Contents of circuit 1:  Circuit: 'sky130_fd_sc_hd__dlygate4sd3_1'
Circuit sky130_fd_sc_hd__dlygate4sd3_1 contains 8 device instances.
  Class: sky130_fd_pr__nfet_01v8 instances:   4
  Class: sky130_fd_pr__pfet_01v8_hvt instances:   4
Circuit contains 9 nets.
Contents of circuit 2:  Circuit: 'sky130_fd_sc_hd__dlygate4sd3_1'
Circuit sky130_fd_sc_hd__dlygate4sd3_1 contains 8 device instances.
  Class: sky130_fd_pr__nfet_01v8 instances:   4
  Class: sky130_fd_pr__pfet_01v8_hvt instances:   4
Circuit contains 9 nets.

Circuit 1 contains 8 devices, Circuit 2 contains 8 devices.
Circuit 1 contains 9 nets,    Circuit 2 contains 9 nets.


Contents of circuit 1:  Circuit: 'sky130_fd_sc_hd__dfrtp_4'
Circuit sky130_fd_sc_hd__dfrtp_4 contains 28 device instances.
  Class: sky130_fd_pr__nfet_01v8 instances:  10
  Class: sky130_fd_pr__pfet_01v8_hvt instances:  14
  Class: sky130_fd_pr__special_nfet_01v8 instances:   4
Circuit contains 21 nets.
Contents of circuit 2:  Circuit: 'sky130_fd_sc_hd__dfrtp_4'
Circuit sky130_fd_sc_hd__dfrtp_4 contains 34 device instances.
  Class: sky130_fd_pr__nfet_01v8 instances:  13
  Class: sky130_fd_pr__pfet_01v8_hvt instances:  17
  Class: sky130_fd_pr__special_nfet_01v8 instances:   4
Circuit contains 21 nets.

Circuit was modified by parallel/series device merging.
New circuit summary:

Contents of circuit 1:  Circuit: 'sky130_fd_sc_hd__dfrtp_4'
Circuit sky130_fd_sc_hd__dfrtp_4 contains 28 device instances.
  Class: sky130_fd_pr__nfet_01v8 instances:  10
  Class: sky130_fd_pr__pfet_01v8_hvt instances:  14
  Class: sky130_fd_pr__special_nfet_01v8 instances:   4
Circuit contains 21 nets.
Contents of circuit 2:  Circuit: 'sky130_fd_sc_hd__dfrtp_4'
Circuit sky130_fd_sc_hd__dfrtp_4 contains 28 device instances.
  Class: sky130_fd_pr__nfet_01v8 instances:  10
  Class: sky130_fd_pr__pfet_01v8_hvt instances:  14
  Class: sky130_fd_pr__special_nfet_01v8 instances:   4
Circuit contains 21 nets.

Circuit 1 contains 28 devices, Circuit 2 contains 28 devices.
Circuit 1 contains 21 nets,    Circuit 2 contains 21 nets.


Contents of circuit 1:  Circuit: 'sky130_fd_sc_hd__mux2_1'
Circuit sky130_fd_sc_hd__mux2_1 contains 12 device instances.
  Class: sky130_fd_pr__nfet_01v8 instances:   6
  Class: sky130_fd_pr__pfet_01v8_hvt instances:   6
Circuit contains 14 nets.
Contents of circuit 2:  Circuit: 'sky130_fd_sc_hd__mux2_1'
Circuit sky130_fd_sc_hd__mux2_1 contains 12 device instances.
  Class: sky130_fd_pr__nfet_01v8 instances:   6
  Class: sky130_fd_pr__pfet_01v8_hvt instances:   6
Circuit contains 14 nets.

Circuit 1 contains 12 devices, Circuit 2 contains 12 devices.
Circuit 1 contains 14 nets,    Circuit 2 contains 14 nets.


Contents of circuit 1:  Circuit: 'sky130_fd_sc_hd__buf_1'
Circuit sky130_fd_sc_hd__buf_1 contains 4 device instances.
  Class: sky130_fd_pr__nfet_01v8 instances:   2
  Class: sky130_fd_pr__pfet_01v8_hvt instances:   2
Circuit contains 7 nets.
Contents of circuit 2:  Circuit: 'sky130_fd_sc_hd__buf_1'
Circuit sky130_fd_sc_hd__buf_1 contains 4 device instances.
  Class: sky130_fd_pr__nfet_01v8 instances:   2
  Class: sky130_fd_pr__pfet_01v8_hvt instances:   2
Circuit contains 7 nets.

Circuit 1 contains 4 devices, Circuit 2 contains 4 devices.
Circuit 1 contains 7 nets,    Circuit 2 contains 7 nets.


Contents of circuit 1:  Circuit: 'sky130_fd_sc_hd__and2_2'
Circuit sky130_fd_sc_hd__and2_2 contains 6 device instances.
  Class: sky130_fd_pr__nfet_01v8 instances:   3
  Class: sky130_fd_pr__pfet_01v8_hvt instances:   3
Circuit contains 9 nets.
Contents of circuit 2:  Circuit: 'sky130_fd_sc_hd__and2_2'
Circuit sky130_fd_sc_hd__and2_2 contains 8 device instances.
  Class: sky130_fd_pr__nfet_01v8 instances:   4
  Class: sky130_fd_pr__pfet_01v8_hvt instances:   4
Circuit contains 9 nets.

Circuit was modified by parallel/series device merging.
New circuit summary:

Contents of circuit 1:  Circuit: 'sky130_fd_sc_hd__and2_2'
Circuit sky130_fd_sc_hd__and2_2 contains 6 device instances.
  Class: sky130_fd_pr__nfet_01v8 instances:   3
  Class: sky130_fd_pr__pfet_01v8_hvt instances:   3
Circuit contains 9 nets.
Contents of circuit 2:  Circuit: 'sky130_fd_sc_hd__and2_2'
Circuit sky130_fd_sc_hd__and2_2 contains 6 device instances.
  Class: sky130_fd_pr__nfet_01v8 instances:   3
  Class: sky130_fd_pr__pfet_01v8_hvt instances:   3
Circuit contains 9 nets.

Circuit 1 contains 6 devices, Circuit 2 contains 6 devices.
Circuit 1 contains 9 nets,    Circuit 2 contains 9 nets.


Contents of circuit 1:  Circuit: 'sky130_fd_sc_hd__a21oi_1'
Circuit sky130_fd_sc_hd__a21oi_1 contains 6 device instances.
  Class: sky130_fd_pr__nfet_01v8 instances:   3
  Class: sky130_fd_pr__pfet_01v8_hvt instances:   3
Circuit contains 10 nets.
Contents of circuit 2:  Circuit: 'sky130_fd_sc_hd__a21oi_1'
Circuit sky130_fd_sc_hd__a21oi_1 contains 6 device instances.
  Class: sky130_fd_pr__nfet_01v8 instances:   3
  Class: sky130_fd_pr__pfet_01v8_hvt instances:   3
Circuit contains 10 nets.

Circuit 1 contains 6 devices, Circuit 2 contains 6 devices.
Circuit 1 contains 10 nets,    Circuit 2 contains 10 nets.


Contents of circuit 1:  Circuit: 'sky130_fd_sc_hd__and3_1'
Circuit sky130_fd_sc_hd__and3_1 contains 8 device instances.
  Class: sky130_fd_pr__nfet_01v8 instances:   4
  Class: sky130_fd_pr__pfet_01v8_hvt instances:   4
Circuit contains 11 nets.
Contents of circuit 2:  Circuit: 'sky130_fd_sc_hd__and3_1'
Circuit sky130_fd_sc_hd__and3_1 contains 8 device instances.
  Class: sky130_fd_pr__nfet_01v8 instances:   4
  Class: sky130_fd_pr__pfet_01v8_hvt instances:   4
Circuit contains 11 nets.

Circuit 1 contains 8 devices, Circuit 2 contains 8 devices.
Circuit 1 contains 11 nets,    Circuit 2 contains 11 nets.


Contents of circuit 1:  Circuit: 'sky130_fd_sc_hd__o21a_1'
Circuit sky130_fd_sc_hd__o21a_1 contains 8 device instances.
  Class: sky130_fd_pr__nfet_01v8 instances:   4
  Class: sky130_fd_pr__pfet_01v8_hvt instances:   4
Circuit contains 11 nets.
Contents of circuit 2:  Circuit: 'sky130_fd_sc_hd__o21a_1'
Circuit sky130_fd_sc_hd__o21a_1 contains 8 device instances.
  Class: sky130_fd_pr__nfet_01v8 instances:   4
  Class: sky130_fd_pr__pfet_01v8_hvt instances:   4
Circuit contains 11 nets.

Circuit 1 contains 8 devices, Circuit 2 contains 8 devices.
Circuit 1 contains 11 nets,    Circuit 2 contains 11 nets.


Contents of circuit 1:  Circuit: 'sky130_fd_sc_hd__xor2_1'
Circuit sky130_fd_sc_hd__xor2_1 contains 10 device instances.
  Class: sky130_fd_pr__nfet_01v8 instances:   5
  Class: sky130_fd_pr__pfet_01v8_hvt instances:   5
Circuit contains 11 nets.
Contents of circuit 2:  Circuit: 'sky130_fd_sc_hd__xor2_1'
Circuit sky130_fd_sc_hd__xor2_1 contains 10 device instances.
  Class: sky130_fd_pr__nfet_01v8 instances:   5
  Class: sky130_fd_pr__pfet_01v8_hvt instances:   5
Circuit contains 11 nets.

Circuit 1 contains 10 devices, Circuit 2 contains 10 devices.
Circuit 1 contains 11 nets,    Circuit 2 contains 11 nets.


Contents of circuit 1:  Circuit: 'sky130_fd_sc_hd__a22o_1'
Circuit sky130_fd_sc_hd__a22o_1 contains 10 device instances.
  Class: sky130_fd_pr__nfet_01v8 instances:   5
  Class: sky130_fd_pr__pfet_01v8_hvt instances:   5
Circuit contains 13 nets.
Contents of circuit 2:  Circuit: 'sky130_fd_sc_hd__a22o_1'
Circuit sky130_fd_sc_hd__a22o_1 contains 10 device instances.
  Class: sky130_fd_pr__nfet_01v8 instances:   5
  Class: sky130_fd_pr__pfet_01v8_hvt instances:   5
Circuit contains 13 nets.

Circuit 1 contains 10 devices, Circuit 2 contains 10 devices.
Circuit 1 contains 13 nets,    Circuit 2 contains 13 nets.


Contents of circuit 1:  Circuit: 'sky130_fd_sc_hd__a21o_1'
Circuit sky130_fd_sc_hd__a21o_1 contains 8 device instances.
  Class: sky130_fd_pr__nfet_01v8 instances:   4
  Class: sky130_fd_pr__pfet_01v8_hvt instances:   4
Circuit contains 11 nets.
Contents of circuit 2:  Circuit: 'sky130_fd_sc_hd__a21o_1'
Circuit sky130_fd_sc_hd__a21o_1 contains 8 device instances.
  Class: sky130_fd_pr__nfet_01v8 instances:   4
  Class: sky130_fd_pr__pfet_01v8_hvt instances:   4
Circuit contains 11 nets.

Circuit 1 contains 8 devices, Circuit 2 contains 8 devices.
Circuit 1 contains 11 nets,    Circuit 2 contains 11 nets.


Contents of circuit 1:  Circuit: 'sky130_fd_sc_hd__a211o_1'
Circuit sky130_fd_sc_hd__a211o_1 contains 10 device instances.
  Class: sky130_fd_pr__nfet_01v8 instances:   5
  Class: sky130_fd_pr__pfet_01v8_hvt instances:   5
Circuit contains 13 nets.
Contents of circuit 2:  Circuit: 'sky130_fd_sc_hd__a211o_1'
Circuit sky130_fd_sc_hd__a211o_1 contains 10 device instances.
  Class: sky130_fd_pr__nfet_01v8 instances:   5
  Class: sky130_fd_pr__pfet_01v8_hvt instances:   5
Circuit contains 13 nets.

Circuit 1 contains 10 devices, Circuit 2 contains 10 devices.
Circuit 1 contains 13 nets,    Circuit 2 contains 13 nets.


Contents of circuit 1:  Circuit: 'sky130_fd_sc_hd__o211a_1'
Circuit sky130_fd_sc_hd__o211a_1 contains 10 device instances.
  Class: sky130_fd_pr__nfet_01v8 instances:   5
  Class: sky130_fd_pr__pfet_01v8_hvt instances:   5
Circuit contains 13 nets.
Contents of circuit 2:  Circuit: 'sky130_fd_sc_hd__o211a_1'
Circuit sky130_fd_sc_hd__o211a_1 contains 10 device instances.
  Class: sky130_fd_pr__nfet_01v8 instances:   5
  Class: sky130_fd_pr__pfet_01v8_hvt instances:   5
Circuit contains 13 nets.

Circuit 1 contains 10 devices, Circuit 2 contains 10 devices.
Circuit 1 contains 13 nets,    Circuit 2 contains 13 nets.


Contents of circuit 1:  Circuit: 'sky130_fd_sc_hd__a221o_1'
Circuit sky130_fd_sc_hd__a221o_1 contains 12 device instances.
  Class: sky130_fd_pr__nfet_01v8 instances:   6
  Class: sky130_fd_pr__pfet_01v8_hvt instances:   6
Circuit contains 15 nets.
Contents of circuit 2:  Circuit: 'sky130_fd_sc_hd__a221o_1'
Circuit sky130_fd_sc_hd__a221o_1 contains 12 device instances.
  Class: sky130_fd_pr__nfet_01v8 instances:   6
  Class: sky130_fd_pr__pfet_01v8_hvt instances:   6
Circuit contains 15 nets.

Circuit 1 contains 12 devices, Circuit 2 contains 12 devices.
Circuit 1 contains 15 nets,    Circuit 2 contains 15 nets.


Contents of circuit 1:  Circuit: 'sky130_fd_sc_hd__nand2_1'
Circuit sky130_fd_sc_hd__nand2_1 contains 4 device instances.
  Class: sky130_fd_pr__nfet_01v8 instances:   2
  Class: sky130_fd_pr__pfet_01v8_hvt instances:   2
Circuit contains 8 nets.
Contents of circuit 2:  Circuit: 'sky130_fd_sc_hd__nand2_1'
Circuit sky130_fd_sc_hd__nand2_1 contains 4 device instances.
  Class: sky130_fd_pr__nfet_01v8 instances:   2
  Class: sky130_fd_pr__pfet_01v8_hvt instances:   2
Circuit contains 8 nets.

Circuit 1 contains 4 devices, Circuit 2 contains 4 devices.
Circuit 1 contains 8 nets,    Circuit 2 contains 8 nets.


Contents of circuit 1:  Circuit: 'sky130_fd_sc_hd__and2b_1'
Circuit sky130_fd_sc_hd__and2b_1 contains 8 device instances.
  Class: sky130_fd_pr__nfet_01v8 instances:   4
  Class: sky130_fd_pr__pfet_01v8_hvt instances:   4
Circuit contains 10 nets.
Contents of circuit 2:  Circuit: 'sky130_fd_sc_hd__and2b_1'
Circuit sky130_fd_sc_hd__and2b_1 contains 8 device instances.
  Class: sky130_fd_pr__nfet_01v8 instances:   4
  Class: sky130_fd_pr__pfet_01v8_hvt instances:   4
Circuit contains 10 nets.

Circuit 1 contains 8 devices, Circuit 2 contains 8 devices.
Circuit 1 contains 10 nets,    Circuit 2 contains 10 nets.


Contents of circuit 1:  Circuit: 'sky130_fd_sc_hd__o311a_1'
Circuit sky130_fd_sc_hd__o311a_1 contains 12 device instances.
  Class: sky130_fd_pr__nfet_01v8 instances:   6
  Class: sky130_fd_pr__pfet_01v8_hvt instances:   6
Circuit contains 15 nets.
Contents of circuit 2:  Circuit: 'sky130_fd_sc_hd__o311a_1'
Circuit sky130_fd_sc_hd__o311a_1 contains 12 device instances.
  Class: sky130_fd_pr__nfet_01v8 instances:   6
  Class: sky130_fd_pr__pfet_01v8_hvt instances:   6
Circuit contains 15 nets.

Circuit 1 contains 12 devices, Circuit 2 contains 12 devices.
Circuit 1 contains 15 nets,    Circuit 2 contains 15 nets.


Contents of circuit 1:  Circuit: 'sky130_fd_sc_hd__o221a_1'
Circuit sky130_fd_sc_hd__o221a_1 contains 12 device instances.
  Class: sky130_fd_pr__nfet_01v8 instances:   6
  Class: sky130_fd_pr__pfet_01v8_hvt instances:   6
Circuit contains 15 nets.
Contents of circuit 2:  Circuit: 'sky130_fd_sc_hd__o221a_1'
Circuit sky130_fd_sc_hd__o221a_1 contains 12 device instances.
  Class: sky130_fd_pr__nfet_01v8 instances:   6
  Class: sky130_fd_pr__pfet_01v8_hvt instances:   6
Circuit contains 15 nets.

Circuit 1 contains 12 devices, Circuit 2 contains 12 devices.
Circuit 1 contains 15 nets,    Circuit 2 contains 15 nets.


Contents of circuit 1:  Circuit: 'sky130_fd_sc_hd__and2_1'
Circuit sky130_fd_sc_hd__and2_1 contains 6 device instances.
  Class: sky130_fd_pr__nfet_01v8 instances:   3
  Class: sky130_fd_pr__pfet_01v8_hvt instances:   3
Circuit contains 9 nets.
Contents of circuit 2:  Circuit: 'sky130_fd_sc_hd__and2_1'
Circuit sky130_fd_sc_hd__and2_1 contains 6 device instances.
  Class: sky130_fd_pr__nfet_01v8 instances:   3
  Class: sky130_fd_pr__pfet_01v8_hvt instances:   3
Circuit contains 9 nets.

Circuit 1 contains 6 devices, Circuit 2 contains 6 devices.
Circuit 1 contains 9 nets,    Circuit 2 contains 9 nets.


Contents of circuit 1:  Circuit: 'sky130_fd_sc_hd__nor2_1'
Circuit sky130_fd_sc_hd__nor2_1 contains 4 device instances.
  Class: sky130_fd_pr__nfet_01v8 instances:   2
  Class: sky130_fd_pr__pfet_01v8_hvt instances:   2
Circuit contains 8 nets.
Contents of circuit 2:  Circuit: 'sky130_fd_sc_hd__nor2_1'
Circuit sky130_fd_sc_hd__nor2_1 contains 4 device instances.
  Class: sky130_fd_pr__nfet_01v8 instances:   2
  Class: sky130_fd_pr__pfet_01v8_hvt instances:   2
Circuit contains 8 nets.

Circuit 1 contains 4 devices, Circuit 2 contains 4 devices.
Circuit 1 contains 8 nets,    Circuit 2 contains 8 nets.


Contents of circuit 1:  Circuit: 'sky130_fd_sc_hd__o22a_4'
Circuit sky130_fd_sc_hd__o22a_4 contains 10 device instances.
  Class: sky130_fd_pr__nfet_01v8 instances:   5
  Class: sky130_fd_pr__pfet_01v8_hvt instances:   5
Circuit contains 13 nets.
Contents of circuit 2:  Circuit: 'sky130_fd_sc_hd__o22a_4'
Circuit sky130_fd_sc_hd__o22a_4 contains 24 device instances.
  Class: sky130_fd_pr__nfet_01v8 instances:  12
  Class: sky130_fd_pr__pfet_01v8_hvt instances:  12
Circuit contains 13 nets.

Circuit was modified by parallel/series device merging.
New circuit summary:

Contents of circuit 1:  Circuit: 'sky130_fd_sc_hd__o22a_4'
Circuit sky130_fd_sc_hd__o22a_4 contains 10 device instances.
  Class: sky130_fd_pr__nfet_01v8 instances:   5
  Class: sky130_fd_pr__pfet_01v8_hvt instances:   5
Circuit contains 13 nets.
Contents of circuit 2:  Circuit: 'sky130_fd_sc_hd__o22a_4'
Circuit sky130_fd_sc_hd__o22a_4 contains 10 device instances.
  Class: sky130_fd_pr__nfet_01v8 instances:   5
  Class: sky130_fd_pr__pfet_01v8_hvt instances:   5
Circuit contains 13 nets.

Circuit 1 contains 10 devices, Circuit 2 contains 10 devices.
Circuit 1 contains 13 nets,    Circuit 2 contains 13 nets.


Contents of circuit 1:  Circuit: 'sky130_fd_sc_hd__clkinv_4'
Circuit sky130_fd_sc_hd__clkinv_4 contains 2 device instances.
  Class: sky130_fd_pr__nfet_01v8 instances:   1
  Class: sky130_fd_pr__pfet_01v8_hvt instances:   1
Circuit contains 6 nets.
Contents of circuit 2:  Circuit: 'sky130_fd_sc_hd__clkinv_4'
Circuit sky130_fd_sc_hd__clkinv_4 contains 10 device instances.
  Class: sky130_fd_pr__nfet_01v8 instances:   4
  Class: sky130_fd_pr__pfet_01v8_hvt instances:   6
Circuit contains 6 nets.

Circuit was modified by parallel/series device merging.
New circuit summary:

Contents of circuit 1:  Circuit: 'sky130_fd_sc_hd__clkinv_4'
Circuit sky130_fd_sc_hd__clkinv_4 contains 2 device instances.
  Class: sky130_fd_pr__nfet_01v8 instances:   1
  Class: sky130_fd_pr__pfet_01v8_hvt instances:   1
Circuit contains 6 nets.
Contents of circuit 2:  Circuit: 'sky130_fd_sc_hd__clkinv_4'
Circuit sky130_fd_sc_hd__clkinv_4 contains 2 device instances.
  Class: sky130_fd_pr__nfet_01v8 instances:   1
  Class: sky130_fd_pr__pfet_01v8_hvt instances:   1
Circuit contains 6 nets.

Circuit 1 contains 2 devices, Circuit 2 contains 2 devices.
Circuit 1 contains 6 nets,    Circuit 2 contains 6 nets.


Contents of circuit 1:  Circuit: 'sky130_fd_sc_hd__clkinv_2'
Circuit sky130_fd_sc_hd__clkinv_2 contains 2 device instances.
  Class: sky130_fd_pr__nfet_01v8 instances:   1
  Class: sky130_fd_pr__pfet_01v8_hvt instances:   1
Circuit contains 6 nets.
Contents of circuit 2:  Circuit: 'sky130_fd_sc_hd__clkinv_2'
Circuit sky130_fd_sc_hd__clkinv_2 contains 5 device instances.
  Class: sky130_fd_pr__nfet_01v8 instances:   2
  Class: sky130_fd_pr__pfet_01v8_hvt instances:   3
Circuit contains 6 nets.

Circuit was modified by parallel/series device merging.
New circuit summary:

Contents of circuit 1:  Circuit: 'sky130_fd_sc_hd__clkinv_2'
Circuit sky130_fd_sc_hd__clkinv_2 contains 2 device instances.
  Class: sky130_fd_pr__nfet_01v8 instances:   1
  Class: sky130_fd_pr__pfet_01v8_hvt instances:   1
Circuit contains 6 nets.
Contents of circuit 2:  Circuit: 'sky130_fd_sc_hd__clkinv_2'
Circuit sky130_fd_sc_hd__clkinv_2 contains 2 device instances.
  Class: sky130_fd_pr__nfet_01v8 instances:   1
  Class: sky130_fd_pr__pfet_01v8_hvt instances:   1
Circuit contains 6 nets.

Circuit 1 contains 2 devices, Circuit 2 contains 2 devices.
Circuit 1 contains 6 nets,    Circuit 2 contains 6 nets.


Contents of circuit 1:  Circuit: 'sky130_fd_sc_hd__clkbuf_4'
Circuit sky130_fd_sc_hd__clkbuf_4 contains 4 device instances.
  Class: sky130_fd_pr__nfet_01v8 instances:   2
  Class: sky130_fd_pr__pfet_01v8_hvt instances:   2
Circuit contains 7 nets.
Contents of circuit 2:  Circuit: 'sky130_fd_sc_hd__clkbuf_4'
Circuit sky130_fd_sc_hd__clkbuf_4 contains 10 device instances.
  Class: sky130_fd_pr__nfet_01v8 instances:   5
  Class: sky130_fd_pr__pfet_01v8_hvt instances:   5
Circuit contains 7 nets.

Circuit was modified by parallel/series device merging.
New circuit summary:

Contents of circuit 1:  Circuit: 'sky130_fd_sc_hd__clkbuf_4'
Circuit sky130_fd_sc_hd__clkbuf_4 contains 4 device instances.
  Class: sky130_fd_pr__nfet_01v8 instances:   2
  Class: sky130_fd_pr__pfet_01v8_hvt instances:   2
Circuit contains 7 nets.
Contents of circuit 2:  Circuit: 'sky130_fd_sc_hd__clkbuf_4'
Circuit sky130_fd_sc_hd__clkbuf_4 contains 4 device instances.
  Class: sky130_fd_pr__nfet_01v8 instances:   2
  Class: sky130_fd_pr__pfet_01v8_hvt instances:   2
Circuit contains 7 nets.

Circuit 1 contains 4 devices, Circuit 2 contains 4 devices.
Circuit 1 contains 7 nets,    Circuit 2 contains 7 nets.


Contents of circuit 1:  Circuit: 'sky130_fd_sc_hd__clkinvlp_4'
Circuit sky130_fd_sc_hd__clkinvlp_4 contains 5 device instances.
  Class: sky130_fd_pr__nfet_01v8 instances:   4
  Class: sky130_fd_pr__pfet_01v8_hvt instances:   1
Circuit contains 8 nets.
Contents of circuit 2:  Circuit: 'sky130_fd_sc_hd__clkinvlp_4'
Circuit sky130_fd_sc_hd__clkinvlp_4 contains 8 device instances.
  Class: sky130_fd_pr__nfet_01v8 instances:   4
  Class: sky130_fd_pr__pfet_01v8_hvt instances:   4
Circuit contains 8 nets.

Circuit was modified by parallel/series device merging.
New circuit summary:

Contents of circuit 1:  Circuit: 'sky130_fd_sc_hd__clkinvlp_4'
Circuit sky130_fd_sc_hd__clkinvlp_4 contains 5 device instances.
  Class: sky130_fd_pr__nfet_01v8 instances:   4
  Class: sky130_fd_pr__pfet_01v8_hvt instances:   1
Circuit contains 8 nets.
Contents of circuit 2:  Circuit: 'sky130_fd_sc_hd__clkinvlp_4'
Circuit sky130_fd_sc_hd__clkinvlp_4 contains 5 device instances.
  Class: sky130_fd_pr__nfet_01v8 instances:   4
  Class: sky130_fd_pr__pfet_01v8_hvt instances:   1
Circuit contains 8 nets.

Circuit 1 contains 5 devices, Circuit 2 contains 5 devices.
Circuit 1 contains 8 nets,    Circuit 2 contains 8 nets.


Contents of circuit 1:  Circuit: 'sky130_fd_sc_hd__inv_6'
Circuit sky130_fd_sc_hd__inv_6 contains 2 device instances.
  Class: sky130_fd_pr__nfet_01v8 instances:   1
  Class: sky130_fd_pr__pfet_01v8_hvt instances:   1
Circuit contains 6 nets.
Contents of circuit 2:  Circuit: 'sky130_fd_sc_hd__inv_6'
Circuit sky130_fd_sc_hd__inv_6 contains 12 device instances.
  Class: sky130_fd_pr__nfet_01v8 instances:   6
  Class: sky130_fd_pr__pfet_01v8_hvt instances:   6
Circuit contains 6 nets.

Circuit was modified by parallel/series device merging.
New circuit summary:

Contents of circuit 1:  Circuit: 'sky130_fd_sc_hd__inv_6'
Circuit sky130_fd_sc_hd__inv_6 contains 2 device instances.
  Class: sky130_fd_pr__nfet_01v8 instances:   1
  Class: sky130_fd_pr__pfet_01v8_hvt instances:   1
Circuit contains 6 nets.
Contents of circuit 2:  Circuit: 'sky130_fd_sc_hd__inv_6'
Circuit sky130_fd_sc_hd__inv_6 contains 2 device instances.
  Class: sky130_fd_pr__nfet_01v8 instances:   1
  Class: sky130_fd_pr__pfet_01v8_hvt instances:   1
Circuit contains 6 nets.

Circuit 1 contains 2 devices, Circuit 2 contains 2 devices.
Circuit 1 contains 6 nets,    Circuit 2 contains 6 nets.


Contents of circuit 1:  Circuit: 'sky130_fd_sc_hd__or3_4'
Circuit sky130_fd_sc_hd__or3_4 contains 8 device instances.
  Class: sky130_fd_pr__nfet_01v8 instances:   4
  Class: sky130_fd_pr__pfet_01v8_hvt instances:   4
Circuit contains 11 nets.
Contents of circuit 2:  Circuit: 'sky130_fd_sc_hd__or3_4'
Circuit sky130_fd_sc_hd__or3_4 contains 14 device instances.
  Class: sky130_fd_pr__nfet_01v8 instances:   7
  Class: sky130_fd_pr__pfet_01v8_hvt instances:   7
Circuit contains 11 nets.

Circuit was modified by parallel/series device merging.
New circuit summary:

Contents of circuit 1:  Circuit: 'sky130_fd_sc_hd__or3_4'
Circuit sky130_fd_sc_hd__or3_4 contains 8 device instances.
  Class: sky130_fd_pr__nfet_01v8 instances:   4
  Class: sky130_fd_pr__pfet_01v8_hvt instances:   4
Circuit contains 11 nets.
Contents of circuit 2:  Circuit: 'sky130_fd_sc_hd__or3_4'
Circuit sky130_fd_sc_hd__or3_4 contains 8 device instances.
  Class: sky130_fd_pr__nfet_01v8 instances:   4
  Class: sky130_fd_pr__pfet_01v8_hvt instances:   4
Circuit contains 11 nets.

Circuit 1 contains 8 devices, Circuit 2 contains 8 devices.
Circuit 1 contains 11 nets,    Circuit 2 contains 11 nets.


Contents of circuit 1:  Circuit: 'sky130_fd_sc_hd__buf_12'
Circuit sky130_fd_sc_hd__buf_12 contains 4 device instances.
  Class: sky130_fd_pr__nfet_01v8 instances:   2
  Class: sky130_fd_pr__pfet_01v8_hvt instances:   2
Circuit contains 7 nets.
Contents of circuit 2:  Circuit: 'sky130_fd_sc_hd__buf_12'
Circuit sky130_fd_sc_hd__buf_12 contains 32 device instances.
  Class: sky130_fd_pr__nfet_01v8 instances:  16
  Class: sky130_fd_pr__pfet_01v8_hvt instances:  16
Circuit contains 7 nets.

Circuit was modified by parallel/series device merging.
New circuit summary:

Contents of circuit 1:  Circuit: 'sky130_fd_sc_hd__buf_12'
Circuit sky130_fd_sc_hd__buf_12 contains 4 device instances.
  Class: sky130_fd_pr__nfet_01v8 instances:   2
  Class: sky130_fd_pr__pfet_01v8_hvt instances:   2
Circuit contains 7 nets.
Contents of circuit 2:  Circuit: 'sky130_fd_sc_hd__buf_12'
Circuit sky130_fd_sc_hd__buf_12 contains 4 device instances.
  Class: sky130_fd_pr__nfet_01v8 instances:   2
  Class: sky130_fd_pr__pfet_01v8_hvt instances:   2
Circuit contains 7 nets.

Circuit 1 contains 4 devices, Circuit 2 contains 4 devices.
Circuit 1 contains 7 nets,    Circuit 2 contains 7 nets.


Contents of circuit 1:  Circuit: 'sky130_fd_sc_hd__buf_8'
Circuit sky130_fd_sc_hd__buf_8 contains 4 device instances.
  Class: sky130_fd_pr__nfet_01v8 instances:   2
  Class: sky130_fd_pr__pfet_01v8_hvt instances:   2
Circuit contains 7 nets.
Contents of circuit 2:  Circuit: 'sky130_fd_sc_hd__buf_8'
Circuit sky130_fd_sc_hd__buf_8 contains 22 device instances.
  Class: sky130_fd_pr__nfet_01v8 instances:  11
  Class: sky130_fd_pr__pfet_01v8_hvt instances:  11
Circuit contains 7 nets.

Circuit was modified by parallel/series device merging.
New circuit summary:

Contents of circuit 1:  Circuit: 'sky130_fd_sc_hd__buf_8'
Circuit sky130_fd_sc_hd__buf_8 contains 4 device instances.
  Class: sky130_fd_pr__nfet_01v8 instances:   2
  Class: sky130_fd_pr__pfet_01v8_hvt instances:   2
Circuit contains 7 nets.
Contents of circuit 2:  Circuit: 'sky130_fd_sc_hd__buf_8'
Circuit sky130_fd_sc_hd__buf_8 contains 4 device instances.
  Class: sky130_fd_pr__nfet_01v8 instances:   2
  Class: sky130_fd_pr__pfet_01v8_hvt instances:   2
Circuit contains 7 nets.

Circuit 1 contains 4 devices, Circuit 2 contains 4 devices.
Circuit 1 contains 7 nets,    Circuit 2 contains 7 nets.


Contents of circuit 1:  Circuit: 'sky130_fd_sc_hd__inv_2'
Circuit sky130_fd_sc_hd__inv_2 contains 2 device instances.
  Class: sky130_fd_pr__nfet_01v8 instances:   1
  Class: sky130_fd_pr__pfet_01v8_hvt instances:   1
Circuit contains 6 nets.
Contents of circuit 2:  Circuit: 'sky130_fd_sc_hd__inv_2'
Circuit sky130_fd_sc_hd__inv_2 contains 4 device instances.
  Class: sky130_fd_pr__nfet_01v8 instances:   2
  Class: sky130_fd_pr__pfet_01v8_hvt instances:   2
Circuit contains 6 nets.

Circuit was modified by parallel/series device merging.
New circuit summary:

Contents of circuit 1:  Circuit: 'sky130_fd_sc_hd__inv_2'
Circuit sky130_fd_sc_hd__inv_2 contains 2 device instances.
  Class: sky130_fd_pr__nfet_01v8 instances:   1
  Class: sky130_fd_pr__pfet_01v8_hvt instances:   1
Circuit contains 6 nets.
Contents of circuit 2:  Circuit: 'sky130_fd_sc_hd__inv_2'
Circuit sky130_fd_sc_hd__inv_2 contains 2 device instances.
  Class: sky130_fd_pr__nfet_01v8 instances:   1
  Class: sky130_fd_pr__pfet_01v8_hvt instances:   1
Circuit contains 6 nets.

Circuit 1 contains 2 devices, Circuit 2 contains 2 devices.
Circuit 1 contains 6 nets,    Circuit 2 contains 6 nets.


Contents of circuit 1:  Circuit: 'sky130_fd_sc_hd__xnor2_1'
Circuit sky130_fd_sc_hd__xnor2_1 contains 10 device instances.
  Class: sky130_fd_pr__nfet_01v8 instances:   5
  Class: sky130_fd_pr__pfet_01v8_hvt instances:   5
Circuit contains 11 nets.
Contents of circuit 2:  Circuit: 'sky130_fd_sc_hd__xnor2_1'
Circuit sky130_fd_sc_hd__xnor2_1 contains 10 device instances.
  Class: sky130_fd_pr__nfet_01v8 instances:   5
  Class: sky130_fd_pr__pfet_01v8_hvt instances:   5
Circuit contains 11 nets.

Circuit 1 contains 10 devices, Circuit 2 contains 10 devices.
Circuit 1 contains 11 nets,    Circuit 2 contains 11 nets.


Contents of circuit 1:  Circuit: 'sky130_fd_sc_hd__o32a_1'
Circuit sky130_fd_sc_hd__o32a_1 contains 12 device instances.
  Class: sky130_fd_pr__nfet_01v8 instances:   6
  Class: sky130_fd_pr__pfet_01v8_hvt instances:   6
Circuit contains 15 nets.
Contents of circuit 2:  Circuit: 'sky130_fd_sc_hd__o32a_1'
Circuit sky130_fd_sc_hd__o32a_1 contains 12 device instances.
  Class: sky130_fd_pr__nfet_01v8 instances:   6
  Class: sky130_fd_pr__pfet_01v8_hvt instances:   6
Circuit contains 15 nets.

Circuit 1 contains 12 devices, Circuit 2 contains 12 devices.
Circuit 1 contains 15 nets,    Circuit 2 contains 15 nets.


Contents of circuit 1:  Circuit: 'sky130_fd_sc_hd__mux4_1'
Circuit sky130_fd_sc_hd__mux4_1 contains 26 device instances.
  Class: sky130_fd_pr__nfet_01v8 instances:  13
  Class: sky130_fd_pr__pfet_01v8_hvt instances:  13
Circuit contains 24 nets.
Contents of circuit 2:  Circuit: 'sky130_fd_sc_hd__mux4_1'
Circuit sky130_fd_sc_hd__mux4_1 contains 26 device instances.
  Class: sky130_fd_pr__nfet_01v8 instances:  13
  Class: sky130_fd_pr__pfet_01v8_hvt instances:  13
Circuit contains 24 nets.

Circuit 1 contains 26 devices, Circuit 2 contains 26 devices.
Circuit 1 contains 24 nets,    Circuit 2 contains 24 nets.


Contents of circuit 1:  Circuit: 'sky130_fd_sc_hd__inv_4'
Circuit sky130_fd_sc_hd__inv_4 contains 2 device instances.
  Class: sky130_fd_pr__nfet_01v8 instances:   1
  Class: sky130_fd_pr__pfet_01v8_hvt instances:   1
Circuit contains 6 nets.
Contents of circuit 2:  Circuit: 'sky130_fd_sc_hd__inv_4'
Circuit sky130_fd_sc_hd__inv_4 contains 8 device instances.
  Class: sky130_fd_pr__nfet_01v8 instances:   4
  Class: sky130_fd_pr__pfet_01v8_hvt instances:   4
Circuit contains 6 nets.

Circuit was modified by parallel/series device merging.
New circuit summary:

Contents of circuit 1:  Circuit: 'sky130_fd_sc_hd__inv_4'
Circuit sky130_fd_sc_hd__inv_4 contains 2 device instances.
  Class: sky130_fd_pr__nfet_01v8 instances:   1
  Class: sky130_fd_pr__pfet_01v8_hvt instances:   1
Circuit contains 6 nets.
Contents of circuit 2:  Circuit: 'sky130_fd_sc_hd__inv_4'
Circuit sky130_fd_sc_hd__inv_4 contains 2 device instances.
  Class: sky130_fd_pr__nfet_01v8 instances:   1
  Class: sky130_fd_pr__pfet_01v8_hvt instances:   1
Circuit contains 6 nets.

Circuit 1 contains 2 devices, Circuit 2 contains 2 devices.
Circuit 1 contains 6 nets,    Circuit 2 contains 6 nets.


Contents of circuit 1:  Circuit: 'sky130_fd_sc_hd__o31a_1'
Circuit sky130_fd_sc_hd__o31a_1 contains 10 device instances.
  Class: sky130_fd_pr__nfet_01v8 instances:   5
  Class: sky130_fd_pr__pfet_01v8_hvt instances:   5
Circuit contains 13 nets.
Contents of circuit 2:  Circuit: 'sky130_fd_sc_hd__o31a_1'
Circuit sky130_fd_sc_hd__o31a_1 contains 10 device instances.
  Class: sky130_fd_pr__nfet_01v8 instances:   5
  Class: sky130_fd_pr__pfet_01v8_hvt instances:   5
Circuit contains 13 nets.

Circuit 1 contains 10 devices, Circuit 2 contains 10 devices.
Circuit 1 contains 13 nets,    Circuit 2 contains 13 nets.


Contents of circuit 1:  Circuit: 'sky130_fd_sc_hd__or3_1'
Circuit sky130_fd_sc_hd__or3_1 contains 8 device instances.
  Class: sky130_fd_pr__nfet_01v8 instances:   4
  Class: sky130_fd_pr__pfet_01v8_hvt instances:   4
Circuit contains 11 nets.
Contents of circuit 2:  Circuit: 'sky130_fd_sc_hd__or3_1'
Circuit sky130_fd_sc_hd__or3_1 contains 8 device instances.
  Class: sky130_fd_pr__nfet_01v8 instances:   4
  Class: sky130_fd_pr__pfet_01v8_hvt instances:   4
Circuit contains 11 nets.

Circuit 1 contains 8 devices, Circuit 2 contains 8 devices.
Circuit 1 contains 11 nets,    Circuit 2 contains 11 nets.


Contents of circuit 1:  Circuit: 'sky130_fd_sc_hd__o22a_1'
Circuit sky130_fd_sc_hd__o22a_1 contains 10 device instances.
  Class: sky130_fd_pr__nfet_01v8 instances:   5
  Class: sky130_fd_pr__pfet_01v8_hvt instances:   5
Circuit contains 13 nets.
Contents of circuit 2:  Circuit: 'sky130_fd_sc_hd__o22a_1'
Circuit sky130_fd_sc_hd__o22a_1 contains 10 device instances.
  Class: sky130_fd_pr__nfet_01v8 instances:   5
  Class: sky130_fd_pr__pfet_01v8_hvt instances:   5
Circuit contains 13 nets.

Circuit 1 contains 10 devices, Circuit 2 contains 10 devices.
Circuit 1 contains 13 nets,    Circuit 2 contains 13 nets.


Contents of circuit 1:  Circuit: 'sky130_fd_sc_hd__o21ai_2'
Circuit sky130_fd_sc_hd__o21ai_2 contains 6 device instances.
  Class: sky130_fd_pr__nfet_01v8 instances:   3
  Class: sky130_fd_pr__pfet_01v8_hvt instances:   3
Circuit contains 10 nets.
Contents of circuit 2:  Circuit: 'sky130_fd_sc_hd__o21ai_2'
Circuit sky130_fd_sc_hd__o21ai_2 contains 12 device instances.
  Class: sky130_fd_pr__nfet_01v8 instances:   6
  Class: sky130_fd_pr__pfet_01v8_hvt instances:   6
Circuit contains 10 nets.

Circuit was modified by parallel/series device merging.
New circuit summary:

Contents of circuit 1:  Circuit: 'sky130_fd_sc_hd__o21ai_2'
Circuit sky130_fd_sc_hd__o21ai_2 contains 6 device instances.
  Class: sky130_fd_pr__nfet_01v8 instances:   3
  Class: sky130_fd_pr__pfet_01v8_hvt instances:   3
Circuit contains 10 nets.
Contents of circuit 2:  Circuit: 'sky130_fd_sc_hd__o21ai_2'
Circuit sky130_fd_sc_hd__o21ai_2 contains 6 device instances.
  Class: sky130_fd_pr__nfet_01v8 instances:   3
  Class: sky130_fd_pr__pfet_01v8_hvt instances:   3
Circuit contains 10 nets.

Circuit 1 contains 6 devices, Circuit 2 contains 6 devices.
Circuit 1 contains 10 nets,    Circuit 2 contains 10 nets.


Contents of circuit 1:  Circuit: 'sky130_fd_sc_hd__or2_1'
Circuit sky130_fd_sc_hd__or2_1 contains 6 device instances.
  Class: sky130_fd_pr__nfet_01v8 instances:   3
  Class: sky130_fd_pr__pfet_01v8_hvt instances:   3
Circuit contains 9 nets.
Contents of circuit 2:  Circuit: 'sky130_fd_sc_hd__or2_1'
Circuit sky130_fd_sc_hd__or2_1 contains 6 device instances.
  Class: sky130_fd_pr__nfet_01v8 instances:   3
  Class: sky130_fd_pr__pfet_01v8_hvt instances:   3
Circuit contains 9 nets.

Circuit 1 contains 6 devices, Circuit 2 contains 6 devices.
Circuit 1 contains 9 nets,    Circuit 2 contains 9 nets.


Contents of circuit 1:  Circuit: 'sky130_fd_sc_hd__a32o_1'
Circuit sky130_fd_sc_hd__a32o_1 contains 12 device instances.
  Class: sky130_fd_pr__nfet_01v8 instances:   6
  Class: sky130_fd_pr__pfet_01v8_hvt instances:   6
Circuit contains 15 nets.
Contents of circuit 2:  Circuit: 'sky130_fd_sc_hd__a32o_1'
Circuit sky130_fd_sc_hd__a32o_1 contains 12 device instances.
  Class: sky130_fd_pr__nfet_01v8 instances:   6
  Class: sky130_fd_pr__pfet_01v8_hvt instances:   6
Circuit contains 15 nets.

Circuit 1 contains 12 devices, Circuit 2 contains 12 devices.
Circuit 1 contains 15 nets,    Circuit 2 contains 15 nets.


Contents of circuit 1:  Circuit: 'sky130_fd_sc_hd__o21ai_4'
Circuit sky130_fd_sc_hd__o21ai_4 contains 6 device instances.
  Class: sky130_fd_pr__nfet_01v8 instances:   3
  Class: sky130_fd_pr__pfet_01v8_hvt instances:   3
Circuit contains 10 nets.
Contents of circuit 2:  Circuit: 'sky130_fd_sc_hd__o21ai_4'
Circuit sky130_fd_sc_hd__o21ai_4 contains 24 device instances.
  Class: sky130_fd_pr__nfet_01v8 instances:  12
  Class: sky130_fd_pr__pfet_01v8_hvt instances:  12
Circuit contains 10 nets.

Circuit was modified by parallel/series device merging.
New circuit summary:

Contents of circuit 1:  Circuit: 'sky130_fd_sc_hd__o21ai_4'
Circuit sky130_fd_sc_hd__o21ai_4 contains 6 device instances.
  Class: sky130_fd_pr__nfet_01v8 instances:   3
  Class: sky130_fd_pr__pfet_01v8_hvt instances:   3
Circuit contains 10 nets.
Contents of circuit 2:  Circuit: 'sky130_fd_sc_hd__o21ai_4'
Circuit sky130_fd_sc_hd__o21ai_4 contains 6 device instances.
  Class: sky130_fd_pr__nfet_01v8 instances:   3
  Class: sky130_fd_pr__pfet_01v8_hvt instances:   3
Circuit contains 10 nets.

Circuit 1 contains 6 devices, Circuit 2 contains 6 devices.
Circuit 1 contains 10 nets,    Circuit 2 contains 10 nets.


Contents of circuit 1:  Circuit: 'sky130_fd_sc_hd__and3b_4'
Circuit sky130_fd_sc_hd__and3b_4 contains 10 device instances.
  Class: sky130_fd_pr__nfet_01v8 instances:   5
  Class: sky130_fd_pr__pfet_01v8_hvt instances:   5
Circuit contains 12 nets.
Contents of circuit 2:  Circuit: 'sky130_fd_sc_hd__and3b_4'
Circuit sky130_fd_sc_hd__and3b_4 contains 16 device instances.
  Class: sky130_fd_pr__nfet_01v8 instances:   8
  Class: sky130_fd_pr__pfet_01v8_hvt instances:   8
Circuit contains 12 nets.

Circuit was modified by parallel/series device merging.
New circuit summary:

Contents of circuit 1:  Circuit: 'sky130_fd_sc_hd__and3b_4'
Circuit sky130_fd_sc_hd__and3b_4 contains 10 device instances.
  Class: sky130_fd_pr__nfet_01v8 instances:   5
  Class: sky130_fd_pr__pfet_01v8_hvt instances:   5
Circuit contains 12 nets.
Contents of circuit 2:  Circuit: 'sky130_fd_sc_hd__and3b_4'
Circuit sky130_fd_sc_hd__and3b_4 contains 10 device instances.
  Class: sky130_fd_pr__nfet_01v8 instances:   5
  Class: sky130_fd_pr__pfet_01v8_hvt instances:   5
Circuit contains 12 nets.

Circuit 1 contains 10 devices, Circuit 2 contains 10 devices.
Circuit 1 contains 12 nets,    Circuit 2 contains 12 nets.


Contents of circuit 1:  Circuit: 'sky130_fd_sc_hd__xnor2_2'
Circuit sky130_fd_sc_hd__xnor2_2 contains 10 device instances.
  Class: sky130_fd_pr__nfet_01v8 instances:   5
  Class: sky130_fd_pr__pfet_01v8_hvt instances:   5
Circuit contains 11 nets.
Contents of circuit 2:  Circuit: 'sky130_fd_sc_hd__xnor2_2'
Circuit sky130_fd_sc_hd__xnor2_2 contains 20 device instances.
  Class: sky130_fd_pr__nfet_01v8 instances:  10
  Class: sky130_fd_pr__pfet_01v8_hvt instances:  10
Circuit contains 11 nets.

Circuit was modified by parallel/series device merging.
New circuit summary:

Contents of circuit 1:  Circuit: 'sky130_fd_sc_hd__xnor2_2'
Circuit sky130_fd_sc_hd__xnor2_2 contains 10 device instances.
  Class: sky130_fd_pr__nfet_01v8 instances:   5
  Class: sky130_fd_pr__pfet_01v8_hvt instances:   5
Circuit contains 11 nets.
Contents of circuit 2:  Circuit: 'sky130_fd_sc_hd__xnor2_2'
Circuit sky130_fd_sc_hd__xnor2_2 contains 10 device instances.
  Class: sky130_fd_pr__nfet_01v8 instances:   5
  Class: sky130_fd_pr__pfet_01v8_hvt instances:   5
Circuit contains 11 nets.

Circuit 1 contains 10 devices, Circuit 2 contains 10 devices.
Circuit 1 contains 11 nets,    Circuit 2 contains 11 nets.


Contents of circuit 1:  Circuit: 'sky130_fd_sc_hd__dfrtp_2'
Circuit sky130_fd_sc_hd__dfrtp_2 contains 28 device instances.
  Class: sky130_fd_pr__nfet_01v8 instances:  10
  Class: sky130_fd_pr__pfet_01v8_hvt instances:  14
  Class: sky130_fd_pr__special_nfet_01v8 instances:   4
Circuit contains 21 nets.
Contents of circuit 2:  Circuit: 'sky130_fd_sc_hd__dfrtp_2'
Circuit sky130_fd_sc_hd__dfrtp_2 contains 30 device instances.
  Class: sky130_fd_pr__nfet_01v8 instances:  11
  Class: sky130_fd_pr__pfet_01v8_hvt instances:  15
  Class: sky130_fd_pr__special_nfet_01v8 instances:   4
Circuit contains 21 nets.

Circuit was modified by parallel/series device merging.
New circuit summary:

Contents of circuit 1:  Circuit: 'sky130_fd_sc_hd__dfrtp_2'
Circuit sky130_fd_sc_hd__dfrtp_2 contains 28 device instances.
  Class: sky130_fd_pr__nfet_01v8 instances:  10
  Class: sky130_fd_pr__pfet_01v8_hvt instances:  14
  Class: sky130_fd_pr__special_nfet_01v8 instances:   4
Circuit contains 21 nets.
Contents of circuit 2:  Circuit: 'sky130_fd_sc_hd__dfrtp_2'
Circuit sky130_fd_sc_hd__dfrtp_2 contains 28 device instances.
  Class: sky130_fd_pr__nfet_01v8 instances:  10
  Class: sky130_fd_pr__pfet_01v8_hvt instances:  14
  Class: sky130_fd_pr__special_nfet_01v8 instances:   4
Circuit contains 21 nets.

Circuit 1 contains 28 devices, Circuit 2 contains 28 devices.
Circuit 1 contains 21 nets,    Circuit 2 contains 21 nets.


Contents of circuit 1:  Circuit: 'sky130_fd_sc_hd__buf_6'
Circuit sky130_fd_sc_hd__buf_6 contains 4 device instances.
  Class: sky130_fd_pr__nfet_01v8 instances:   2
  Class: sky130_fd_pr__pfet_01v8_hvt instances:   2
Circuit contains 7 nets.
Contents of circuit 2:  Circuit: 'sky130_fd_sc_hd__buf_6'
Circuit sky130_fd_sc_hd__buf_6 contains 16 device instances.
  Class: sky130_fd_pr__nfet_01v8 instances:   8
  Class: sky130_fd_pr__pfet_01v8_hvt instances:   8
Circuit contains 7 nets.

Circuit was modified by parallel/series device merging.
New circuit summary:

Contents of circuit 1:  Circuit: 'sky130_fd_sc_hd__buf_6'
Circuit sky130_fd_sc_hd__buf_6 contains 4 device instances.
  Class: sky130_fd_pr__nfet_01v8 instances:   2
  Class: sky130_fd_pr__pfet_01v8_hvt instances:   2
Circuit contains 7 nets.
Contents of circuit 2:  Circuit: 'sky130_fd_sc_hd__buf_6'
Circuit sky130_fd_sc_hd__buf_6 contains 4 device instances.
  Class: sky130_fd_pr__nfet_01v8 instances:   2
  Class: sky130_fd_pr__pfet_01v8_hvt instances:   2
Circuit contains 7 nets.

Circuit 1 contains 4 devices, Circuit 2 contains 4 devices.
Circuit 1 contains 7 nets,    Circuit 2 contains 7 nets.


Contents of circuit 1:  Circuit: 'sky130_fd_sc_hd__a21o_2'
Circuit sky130_fd_sc_hd__a21o_2 contains 8 device instances.
  Class: sky130_fd_pr__nfet_01v8 instances:   4
  Class: sky130_fd_pr__pfet_01v8_hvt instances:   4
Circuit contains 11 nets.
Contents of circuit 2:  Circuit: 'sky130_fd_sc_hd__a21o_2'
Circuit sky130_fd_sc_hd__a21o_2 contains 10 device instances.
  Class: sky130_fd_pr__nfet_01v8 instances:   5
  Class: sky130_fd_pr__pfet_01v8_hvt instances:   5
Circuit contains 11 nets.

Circuit was modified by parallel/series device merging.
New circuit summary:

Contents of circuit 1:  Circuit: 'sky130_fd_sc_hd__a21o_2'
Circuit sky130_fd_sc_hd__a21o_2 contains 8 device instances.
  Class: sky130_fd_pr__nfet_01v8 instances:   4
  Class: sky130_fd_pr__pfet_01v8_hvt instances:   4
Circuit contains 11 nets.
Contents of circuit 2:  Circuit: 'sky130_fd_sc_hd__a21o_2'
Circuit sky130_fd_sc_hd__a21o_2 contains 8 device instances.
  Class: sky130_fd_pr__nfet_01v8 instances:   4
  Class: sky130_fd_pr__pfet_01v8_hvt instances:   4
Circuit contains 11 nets.

Circuit 1 contains 8 devices, Circuit 2 contains 8 devices.
Circuit 1 contains 11 nets,    Circuit 2 contains 11 nets.


Contents of circuit 1:  Circuit: 'sky130_fd_sc_hd__or4_1'
Circuit sky130_fd_sc_hd__or4_1 contains 10 device instances.
  Class: sky130_fd_pr__nfet_01v8 instances:   5
  Class: sky130_fd_pr__pfet_01v8_hvt instances:   5
Circuit contains 13 nets.
Contents of circuit 2:  Circuit: 'sky130_fd_sc_hd__or4_1'
Circuit sky130_fd_sc_hd__or4_1 contains 10 device instances.
  Class: sky130_fd_pr__nfet_01v8 instances:   5
  Class: sky130_fd_pr__pfet_01v8_hvt instances:   5
Circuit contains 13 nets.

Circuit 1 contains 10 devices, Circuit 2 contains 10 devices.
Circuit 1 contains 13 nets,    Circuit 2 contains 13 nets.


Contents of circuit 1:  Circuit: 'sky130_fd_sc_hd__nor2_8'
Circuit sky130_fd_sc_hd__nor2_8 contains 4 device instances.
  Class: sky130_fd_pr__nfet_01v8 instances:   2
  Class: sky130_fd_pr__pfet_01v8_hvt instances:   2
Circuit contains 8 nets.
Contents of circuit 2:  Circuit: 'sky130_fd_sc_hd__nor2_8'
Circuit sky130_fd_sc_hd__nor2_8 contains 32 device instances.
  Class: sky130_fd_pr__nfet_01v8 instances:  16
  Class: sky130_fd_pr__pfet_01v8_hvt instances:  16
Circuit contains 8 nets.

Circuit was modified by parallel/series device merging.
New circuit summary:

Contents of circuit 1:  Circuit: 'sky130_fd_sc_hd__nor2_8'
Circuit sky130_fd_sc_hd__nor2_8 contains 4 device instances.
  Class: sky130_fd_pr__nfet_01v8 instances:   2
  Class: sky130_fd_pr__pfet_01v8_hvt instances:   2
Circuit contains 8 nets.
Contents of circuit 2:  Circuit: 'sky130_fd_sc_hd__nor2_8'
Circuit sky130_fd_sc_hd__nor2_8 contains 4 device instances.
  Class: sky130_fd_pr__nfet_01v8 instances:   2
  Class: sky130_fd_pr__pfet_01v8_hvt instances:   2
Circuit contains 8 nets.

Circuit 1 contains 4 devices, Circuit 2 contains 4 devices.
Circuit 1 contains 8 nets,    Circuit 2 contains 8 nets.


Contents of circuit 1:  Circuit: 'sky130_fd_sc_hd__or4bb_1'
Circuit sky130_fd_sc_hd__or4bb_1 contains 14 device instances.
  Class: sky130_fd_pr__nfet_01v8 instances:   7
  Class: sky130_fd_pr__pfet_01v8_hvt instances:   7
Circuit contains 15 nets.
Contents of circuit 2:  Circuit: 'sky130_fd_sc_hd__or4bb_1'
Circuit sky130_fd_sc_hd__or4bb_1 contains 14 device instances.
  Class: sky130_fd_pr__nfet_01v8 instances:   7
  Class: sky130_fd_pr__pfet_01v8_hvt instances:   7
Circuit contains 15 nets.

Circuit 1 contains 14 devices, Circuit 2 contains 14 devices.
Circuit 1 contains 15 nets,    Circuit 2 contains 15 nets.


Contents of circuit 1:  Circuit: 'sky130_fd_sc_hd__o31ai_1'
Circuit sky130_fd_sc_hd__o31ai_1 contains 8 device instances.
  Class: sky130_fd_pr__nfet_01v8 instances:   4
  Class: sky130_fd_pr__pfet_01v8_hvt instances:   4
Circuit contains 12 nets.
Contents of circuit 2:  Circuit: 'sky130_fd_sc_hd__o31ai_1'
Circuit sky130_fd_sc_hd__o31ai_1 contains 8 device instances.
  Class: sky130_fd_pr__nfet_01v8 instances:   4
  Class: sky130_fd_pr__pfet_01v8_hvt instances:   4
Circuit contains 12 nets.

Circuit 1 contains 8 devices, Circuit 2 contains 8 devices.
Circuit 1 contains 12 nets,    Circuit 2 contains 12 nets.


Contents of circuit 1:  Circuit: 'sky130_fd_sc_hd__or2_2'
Circuit sky130_fd_sc_hd__or2_2 contains 6 device instances.
  Class: sky130_fd_pr__nfet_01v8 instances:   3
  Class: sky130_fd_pr__pfet_01v8_hvt instances:   3
Circuit contains 9 nets.
Contents of circuit 2:  Circuit: 'sky130_fd_sc_hd__or2_2'
Circuit sky130_fd_sc_hd__or2_2 contains 8 device instances.
  Class: sky130_fd_pr__nfet_01v8 instances:   4
  Class: sky130_fd_pr__pfet_01v8_hvt instances:   4
Circuit contains 9 nets.

Circuit was modified by parallel/series device merging.
New circuit summary:

Contents of circuit 1:  Circuit: 'sky130_fd_sc_hd__or2_2'
Circuit sky130_fd_sc_hd__or2_2 contains 6 device instances.
  Class: sky130_fd_pr__nfet_01v8 instances:   3
  Class: sky130_fd_pr__pfet_01v8_hvt instances:   3
Circuit contains 9 nets.
Contents of circuit 2:  Circuit: 'sky130_fd_sc_hd__or2_2'
Circuit sky130_fd_sc_hd__or2_2 contains 6 device instances.
  Class: sky130_fd_pr__nfet_01v8 instances:   3
  Class: sky130_fd_pr__pfet_01v8_hvt instances:   3
Circuit contains 9 nets.

Circuit 1 contains 6 devices, Circuit 2 contains 6 devices.
Circuit 1 contains 9 nets,    Circuit 2 contains 9 nets.


Contents of circuit 1:  Circuit: 'sky130_fd_sc_hd__clkbuf_16'
Circuit sky130_fd_sc_hd__clkbuf_16 contains 4 device instances.
  Class: sky130_fd_pr__nfet_01v8 instances:   2
  Class: sky130_fd_pr__pfet_01v8_hvt instances:   2
Circuit contains 7 nets.
Contents of circuit 2:  Circuit: 'sky130_fd_sc_hd__clkbuf_16'
Circuit sky130_fd_sc_hd__clkbuf_16 contains 40 device instances.
  Class: sky130_fd_pr__nfet_01v8 instances:  20
  Class: sky130_fd_pr__pfet_01v8_hvt instances:  20
Circuit contains 7 nets.

Circuit was modified by parallel/series device merging.
New circuit summary:

Contents of circuit 1:  Circuit: 'sky130_fd_sc_hd__clkbuf_16'
Circuit sky130_fd_sc_hd__clkbuf_16 contains 4 device instances.
  Class: sky130_fd_pr__nfet_01v8 instances:   2
  Class: sky130_fd_pr__pfet_01v8_hvt instances:   2
Circuit contains 7 nets.
Contents of circuit 2:  Circuit: 'sky130_fd_sc_hd__clkbuf_16'
Circuit sky130_fd_sc_hd__clkbuf_16 contains 4 device instances.
  Class: sky130_fd_pr__nfet_01v8 instances:   2
  Class: sky130_fd_pr__pfet_01v8_hvt instances:   2
Circuit contains 7 nets.

Circuit 1 contains 4 devices, Circuit 2 contains 4 devices.
Circuit 1 contains 7 nets,    Circuit 2 contains 7 nets.


Contents of circuit 1:  Circuit: 'sky130_fd_sc_hd__a22o_2'
Circuit sky130_fd_sc_hd__a22o_2 contains 10 device instances.
  Class: sky130_fd_pr__nfet_01v8 instances:   5
  Class: sky130_fd_pr__pfet_01v8_hvt instances:   5
Circuit contains 13 nets.
Contents of circuit 2:  Circuit: 'sky130_fd_sc_hd__a22o_2'
Circuit sky130_fd_sc_hd__a22o_2 contains 12 device instances.
  Class: sky130_fd_pr__nfet_01v8 instances:   6
  Class: sky130_fd_pr__pfet_01v8_hvt instances:   6
Circuit contains 13 nets.

Circuit was modified by parallel/series device merging.
New circuit summary:

Contents of circuit 1:  Circuit: 'sky130_fd_sc_hd__a22o_2'
Circuit sky130_fd_sc_hd__a22o_2 contains 10 device instances.
  Class: sky130_fd_pr__nfet_01v8 instances:   5
  Class: sky130_fd_pr__pfet_01v8_hvt instances:   5
Circuit contains 13 nets.
Contents of circuit 2:  Circuit: 'sky130_fd_sc_hd__a22o_2'
Circuit sky130_fd_sc_hd__a22o_2 contains 10 device instances.
  Class: sky130_fd_pr__nfet_01v8 instances:   5
  Class: sky130_fd_pr__pfet_01v8_hvt instances:   5
Circuit contains 13 nets.

Circuit 1 contains 10 devices, Circuit 2 contains 10 devices.
Circuit 1 contains 13 nets,    Circuit 2 contains 13 nets.


Contents of circuit 1:  Circuit: 'sky130_fd_sc_hd__clkbuf_2'
Circuit sky130_fd_sc_hd__clkbuf_2 contains 4 device instances.
  Class: sky130_fd_pr__nfet_01v8 instances:   2
  Class: sky130_fd_pr__pfet_01v8_hvt instances:   2
Circuit contains 7 nets.
Contents of circuit 2:  Circuit: 'sky130_fd_sc_hd__clkbuf_2'
Circuit sky130_fd_sc_hd__clkbuf_2 contains 6 device instances.
  Class: sky130_fd_pr__nfet_01v8 instances:   3
  Class: sky130_fd_pr__pfet_01v8_hvt instances:   3
Circuit contains 7 nets.

Circuit was modified by parallel/series device merging.
New circuit summary:

Contents of circuit 1:  Circuit: 'sky130_fd_sc_hd__clkbuf_2'
Circuit sky130_fd_sc_hd__clkbuf_2 contains 4 device instances.
  Class: sky130_fd_pr__nfet_01v8 instances:   2
  Class: sky130_fd_pr__pfet_01v8_hvt instances:   2
Circuit contains 7 nets.
Contents of circuit 2:  Circuit: 'sky130_fd_sc_hd__clkbuf_2'
Circuit sky130_fd_sc_hd__clkbuf_2 contains 4 device instances.
  Class: sky130_fd_pr__nfet_01v8 instances:   2
  Class: sky130_fd_pr__pfet_01v8_hvt instances:   2
Circuit contains 7 nets.

Circuit 1 contains 4 devices, Circuit 2 contains 4 devices.
Circuit 1 contains 7 nets,    Circuit 2 contains 7 nets.


Contents of circuit 1:  Circuit: 'sky130_fd_sc_hd__a221o_4'
Circuit sky130_fd_sc_hd__a221o_4 contains 12 device instances.
  Class: sky130_fd_pr__nfet_01v8 instances:   6
  Class: sky130_fd_pr__pfet_01v8_hvt instances:   6
Circuit contains 15 nets.
Contents of circuit 2:  Circuit: 'sky130_fd_sc_hd__a221o_4'
Circuit sky130_fd_sc_hd__a221o_4 contains 28 device instances.
  Class: sky130_fd_pr__nfet_01v8 instances:  14
  Class: sky130_fd_pr__pfet_01v8_hvt instances:  14
Circuit contains 15 nets.

Circuit was modified by parallel/series device merging.
New circuit summary:

Contents of circuit 1:  Circuit: 'sky130_fd_sc_hd__a221o_4'
Circuit sky130_fd_sc_hd__a221o_4 contains 12 device instances.
  Class: sky130_fd_pr__nfet_01v8 instances:   6
  Class: sky130_fd_pr__pfet_01v8_hvt instances:   6
Circuit contains 15 nets.
Contents of circuit 2:  Circuit: 'sky130_fd_sc_hd__a221o_4'
Circuit sky130_fd_sc_hd__a221o_4 contains 12 device instances.
  Class: sky130_fd_pr__nfet_01v8 instances:   6
  Class: sky130_fd_pr__pfet_01v8_hvt instances:   6
Circuit contains 15 nets.

Circuit 1 contains 12 devices, Circuit 2 contains 12 devices.
Circuit 1 contains 15 nets,    Circuit 2 contains 15 nets.


Contents of circuit 1:  Circuit: 'sky130_fd_sc_hd__a31o_1'
Circuit sky130_fd_sc_hd__a31o_1 contains 10 device instances.
  Class: sky130_fd_pr__nfet_01v8 instances:   5
  Class: sky130_fd_pr__pfet_01v8_hvt instances:   5
Circuit contains 13 nets.
Contents of circuit 2:  Circuit: 'sky130_fd_sc_hd__a31o_1'
Circuit sky130_fd_sc_hd__a31o_1 contains 10 device instances.
  Class: sky130_fd_pr__nfet_01v8 instances:   5
  Class: sky130_fd_pr__pfet_01v8_hvt instances:   5
Circuit contains 13 nets.

Circuit 1 contains 10 devices, Circuit 2 contains 10 devices.
Circuit 1 contains 13 nets,    Circuit 2 contains 13 nets.


Contents of circuit 1:  Circuit: 'sky130_fd_sc_hd__o21a_4'
Circuit sky130_fd_sc_hd__o21a_4 contains 10 device instances.
  Class: sky130_fd_pr__nfet_01v8 instances:   4
  Class: sky130_fd_pr__pfet_01v8_hvt instances:   6
Circuit contains 12 nets.
Contents of circuit 2:  Circuit: 'sky130_fd_sc_hd__o21a_4'
Circuit sky130_fd_sc_hd__o21a_4 contains 20 device instances.
  Class: sky130_fd_pr__nfet_01v8 instances:  10
  Class: sky130_fd_pr__pfet_01v8_hvt instances:  10
Circuit contains 12 nets.

Circuit was modified by parallel/series device merging.
New circuit summary:

Contents of circuit 1:  Circuit: 'sky130_fd_sc_hd__o21a_4'
Circuit sky130_fd_sc_hd__o21a_4 contains 10 device instances.
  Class: sky130_fd_pr__nfet_01v8 instances:   4
  Class: sky130_fd_pr__pfet_01v8_hvt instances:   6
Circuit contains 12 nets.
Contents of circuit 2:  Circuit: 'sky130_fd_sc_hd__o21a_4'
Circuit sky130_fd_sc_hd__o21a_4 contains 10 device instances.
  Class: sky130_fd_pr__nfet_01v8 instances:   4
  Class: sky130_fd_pr__pfet_01v8_hvt instances:   6
Circuit contains 12 nets.

Circuit 1 contains 10 devices, Circuit 2 contains 10 devices.
Circuit 1 contains 12 nets,    Circuit 2 contains 12 nets.


Contents of circuit 1:  Circuit: 'sky130_fd_sc_hd__bufinv_16'
Circuit sky130_fd_sc_hd__bufinv_16 contains 6 device instances.
  Class: sky130_fd_pr__nfet_01v8 instances:   3
  Class: sky130_fd_pr__pfet_01v8_hvt instances:   3
Circuit contains 8 nets.
Contents of circuit 2:  Circuit: 'sky130_fd_sc_hd__bufinv_16'
Circuit sky130_fd_sc_hd__bufinv_16 contains 50 device instances.
  Class: sky130_fd_pr__nfet_01v8 instances:  25
  Class: sky130_fd_pr__pfet_01v8_hvt instances:  25
Circuit contains 8 nets.

Circuit was modified by parallel/series device merging.
New circuit summary:

Contents of circuit 1:  Circuit: 'sky130_fd_sc_hd__bufinv_16'
Circuit sky130_fd_sc_hd__bufinv_16 contains 6 device instances.
  Class: sky130_fd_pr__nfet_01v8 instances:   3
  Class: sky130_fd_pr__pfet_01v8_hvt instances:   3
Circuit contains 8 nets.
Contents of circuit 2:  Circuit: 'sky130_fd_sc_hd__bufinv_16'
Circuit sky130_fd_sc_hd__bufinv_16 contains 6 device instances.
  Class: sky130_fd_pr__nfet_01v8 instances:   3
  Class: sky130_fd_pr__pfet_01v8_hvt instances:   3
Circuit contains 8 nets.

Circuit 1 contains 6 devices, Circuit 2 contains 6 devices.
Circuit 1 contains 8 nets,    Circuit 2 contains 8 nets.


Contents of circuit 1:  Circuit: 'sky130_fd_sc_hd__nand2b_1'
Circuit sky130_fd_sc_hd__nand2b_1 contains 6 device instances.
  Class: sky130_fd_pr__nfet_01v8 instances:   3
  Class: sky130_fd_pr__pfet_01v8_hvt instances:   3
Circuit contains 9 nets.
Contents of circuit 2:  Circuit: 'sky130_fd_sc_hd__nand2b_1'
Circuit sky130_fd_sc_hd__nand2b_1 contains 6 device instances.
  Class: sky130_fd_pr__nfet_01v8 instances:   3
  Class: sky130_fd_pr__pfet_01v8_hvt instances:   3
Circuit contains 9 nets.

Circuit 1 contains 6 devices, Circuit 2 contains 6 devices.
Circuit 1 contains 9 nets,    Circuit 2 contains 9 nets.


Contents of circuit 1:  Circuit: 'sky130_fd_sc_hd__a41oi_2'
Circuit sky130_fd_sc_hd__a41oi_2 contains 10 device instances.
  Class: sky130_fd_pr__nfet_01v8 instances:   5
  Class: sky130_fd_pr__pfet_01v8_hvt instances:   5
Circuit contains 14 nets.
Contents of circuit 2:  Circuit: 'sky130_fd_sc_hd__a41oi_2'
Circuit sky130_fd_sc_hd__a41oi_2 contains 20 device instances.
  Class: sky130_fd_pr__nfet_01v8 instances:  10
  Class: sky130_fd_pr__pfet_01v8_hvt instances:  10
Circuit contains 14 nets.

Circuit was modified by parallel/series device merging.
New circuit summary:

Contents of circuit 1:  Circuit: 'sky130_fd_sc_hd__a41oi_2'
Circuit sky130_fd_sc_hd__a41oi_2 contains 10 device instances.
  Class: sky130_fd_pr__nfet_01v8 instances:   5
  Class: sky130_fd_pr__pfet_01v8_hvt instances:   5
Circuit contains 14 nets.
Contents of circuit 2:  Circuit: 'sky130_fd_sc_hd__a41oi_2'
Circuit sky130_fd_sc_hd__a41oi_2 contains 10 device instances.
  Class: sky130_fd_pr__nfet_01v8 instances:   5
  Class: sky130_fd_pr__pfet_01v8_hvt instances:   5
Circuit contains 14 nets.

Circuit 1 contains 10 devices, Circuit 2 contains 10 devices.
Circuit 1 contains 14 nets,    Circuit 2 contains 14 nets.


Contents of circuit 1:  Circuit: 'sky130_fd_sc_hd__nand3_1'
Circuit sky130_fd_sc_hd__nand3_1 contains 6 device instances.
  Class: sky130_fd_pr__nfet_01v8 instances:   3
  Class: sky130_fd_pr__pfet_01v8_hvt instances:   3
Circuit contains 10 nets.
Contents of circuit 2:  Circuit: 'sky130_fd_sc_hd__nand3_1'
Circuit sky130_fd_sc_hd__nand3_1 contains 6 device instances.
  Class: sky130_fd_pr__nfet_01v8 instances:   3
  Class: sky130_fd_pr__pfet_01v8_hvt instances:   3
Circuit contains 10 nets.

Circuit 1 contains 6 devices, Circuit 2 contains 6 devices.
Circuit 1 contains 10 nets,    Circuit 2 contains 10 nets.


Contents of circuit 1:  Circuit: 'sky130_fd_sc_hd__and2_4'
Circuit sky130_fd_sc_hd__and2_4 contains 6 device instances.
  Class: sky130_fd_pr__nfet_01v8 instances:   3
  Class: sky130_fd_pr__pfet_01v8_hvt instances:   3
Circuit contains 9 nets.
Contents of circuit 2:  Circuit: 'sky130_fd_sc_hd__and2_4'
Circuit sky130_fd_sc_hd__and2_4 contains 12 device instances.
  Class: sky130_fd_pr__nfet_01v8 instances:   6
  Class: sky130_fd_pr__pfet_01v8_hvt instances:   6
Circuit contains 9 nets.

Circuit was modified by parallel/series device merging.
New circuit summary:

Contents of circuit 1:  Circuit: 'sky130_fd_sc_hd__and2_4'
Circuit sky130_fd_sc_hd__and2_4 contains 6 device instances.
  Class: sky130_fd_pr__nfet_01v8 instances:   3
  Class: sky130_fd_pr__pfet_01v8_hvt instances:   3
Circuit contains 9 nets.
Contents of circuit 2:  Circuit: 'sky130_fd_sc_hd__and2_4'
Circuit sky130_fd_sc_hd__and2_4 contains 6 device instances.
  Class: sky130_fd_pr__nfet_01v8 instances:   3
  Class: sky130_fd_pr__pfet_01v8_hvt instances:   3
Circuit contains 9 nets.

Circuit 1 contains 6 devices, Circuit 2 contains 6 devices.
Circuit 1 contains 9 nets,    Circuit 2 contains 9 nets.


Contents of circuit 1:  Circuit: 'sky130_fd_sc_hd__inv_8'
Circuit sky130_fd_sc_hd__inv_8 contains 2 device instances.
  Class: sky130_fd_pr__nfet_01v8 instances:   1
  Class: sky130_fd_pr__pfet_01v8_hvt instances:   1
Circuit contains 6 nets.
Contents of circuit 2:  Circuit: 'sky130_fd_sc_hd__inv_8'
Circuit sky130_fd_sc_hd__inv_8 contains 16 device instances.
  Class: sky130_fd_pr__nfet_01v8 instances:   8
  Class: sky130_fd_pr__pfet_01v8_hvt instances:   8
Circuit contains 6 nets.

Circuit was modified by parallel/series device merging.
New circuit summary:

Contents of circuit 1:  Circuit: 'sky130_fd_sc_hd__inv_8'
Circuit sky130_fd_sc_hd__inv_8 contains 2 device instances.
  Class: sky130_fd_pr__nfet_01v8 instances:   1
  Class: sky130_fd_pr__pfet_01v8_hvt instances:   1
Circuit contains 6 nets.
Contents of circuit 2:  Circuit: 'sky130_fd_sc_hd__inv_8'
Circuit sky130_fd_sc_hd__inv_8 contains 2 device instances.
  Class: sky130_fd_pr__nfet_01v8 instances:   1
  Class: sky130_fd_pr__pfet_01v8_hvt instances:   1
Circuit contains 6 nets.

Circuit 1 contains 2 devices, Circuit 2 contains 2 devices.
Circuit 1 contains 6 nets,    Circuit 2 contains 6 nets.


Contents of circuit 1:  Circuit: 'sky130_fd_sc_hd__nor2_2'
Circuit sky130_fd_sc_hd__nor2_2 contains 4 device instances.
  Class: sky130_fd_pr__nfet_01v8 instances:   2
  Class: sky130_fd_pr__pfet_01v8_hvt instances:   2
Circuit contains 8 nets.
Contents of circuit 2:  Circuit: 'sky130_fd_sc_hd__nor2_2'
Circuit sky130_fd_sc_hd__nor2_2 contains 8 device instances.
  Class: sky130_fd_pr__nfet_01v8 instances:   4
  Class: sky130_fd_pr__pfet_01v8_hvt instances:   4
Circuit contains 8 nets.

Circuit was modified by parallel/series device merging.
New circuit summary:

Contents of circuit 1:  Circuit: 'sky130_fd_sc_hd__nor2_2'
Circuit sky130_fd_sc_hd__nor2_2 contains 4 device instances.
  Class: sky130_fd_pr__nfet_01v8 instances:   2
  Class: sky130_fd_pr__pfet_01v8_hvt instances:   2
Circuit contains 8 nets.
Contents of circuit 2:  Circuit: 'sky130_fd_sc_hd__nor2_2'
Circuit sky130_fd_sc_hd__nor2_2 contains 4 device instances.
  Class: sky130_fd_pr__nfet_01v8 instances:   2
  Class: sky130_fd_pr__pfet_01v8_hvt instances:   2
Circuit contains 8 nets.

Circuit 1 contains 4 devices, Circuit 2 contains 4 devices.
Circuit 1 contains 8 nets,    Circuit 2 contains 8 nets.


Contents of circuit 1:  Circuit: 'sky130_fd_sc_hd__o31a_4'
Circuit sky130_fd_sc_hd__o31a_4 contains 10 device instances.
  Class: sky130_fd_pr__nfet_01v8 instances:   5
  Class: sky130_fd_pr__pfet_01v8_hvt instances:   5
Circuit contains 13 nets.
Contents of circuit 2:  Circuit: 'sky130_fd_sc_hd__o31a_4'
Circuit sky130_fd_sc_hd__o31a_4 contains 24 device instances.
  Class: sky130_fd_pr__nfet_01v8 instances:  12
  Class: sky130_fd_pr__pfet_01v8_hvt instances:  12
Circuit contains 13 nets.

Circuit was modified by parallel/series device merging.
New circuit summary:

Contents of circuit 1:  Circuit: 'sky130_fd_sc_hd__o31a_4'
Circuit sky130_fd_sc_hd__o31a_4 contains 10 device instances.
  Class: sky130_fd_pr__nfet_01v8 instances:   5
  Class: sky130_fd_pr__pfet_01v8_hvt instances:   5
Circuit contains 13 nets.
Contents of circuit 2:  Circuit: 'sky130_fd_sc_hd__o31a_4'
Circuit sky130_fd_sc_hd__o31a_4 contains 10 device instances.
  Class: sky130_fd_pr__nfet_01v8 instances:   5
  Class: sky130_fd_pr__pfet_01v8_hvt instances:   5
Circuit contains 13 nets.

Circuit 1 contains 10 devices, Circuit 2 contains 10 devices.
Circuit 1 contains 13 nets,    Circuit 2 contains 13 nets.


Contents of circuit 1:  Circuit: 'sky130_fd_sc_hd__dfstp_4'
Circuit sky130_fd_sc_hd__dfstp_4 contains 32 device instances.
  Class: sky130_fd_pr__nfet_01v8 instances:  14
  Class: sky130_fd_pr__pfet_01v8_hvt instances:  16
  Class: sky130_fd_pr__special_nfet_01v8 instances:   2
Circuit contains 24 nets.
Contents of circuit 2:  Circuit: 'sky130_fd_sc_hd__dfstp_4'
Circuit sky130_fd_sc_hd__dfstp_4 contains 40 device instances.
  Class: sky130_fd_pr__nfet_01v8 instances:  18
  Class: sky130_fd_pr__pfet_01v8_hvt instances:  20
  Class: sky130_fd_pr__special_nfet_01v8 instances:   2
Circuit contains 24 nets.

Circuit was modified by parallel/series device merging.
New circuit summary:

Contents of circuit 1:  Circuit: 'sky130_fd_sc_hd__dfstp_4'
Circuit sky130_fd_sc_hd__dfstp_4 contains 32 device instances.
  Class: sky130_fd_pr__nfet_01v8 instances:  14
  Class: sky130_fd_pr__pfet_01v8_hvt instances:  16
  Class: sky130_fd_pr__special_nfet_01v8 instances:   2
Circuit contains 24 nets.
Contents of circuit 2:  Circuit: 'sky130_fd_sc_hd__dfstp_4'
Circuit sky130_fd_sc_hd__dfstp_4 contains 32 device instances.
  Class: sky130_fd_pr__nfet_01v8 instances:  14
  Class: sky130_fd_pr__pfet_01v8_hvt instances:  16
  Class: sky130_fd_pr__special_nfet_01v8 instances:   2
Circuit contains 24 nets.

Circuit 1 contains 32 devices, Circuit 2 contains 32 devices.
Circuit 1 contains 24 nets,    Circuit 2 contains 24 nets.


Contents of circuit 1:  Circuit: 'sky130_fd_sc_hd__and3_4'
Circuit sky130_fd_sc_hd__and3_4 contains 8 device instances.
  Class: sky130_fd_pr__nfet_01v8 instances:   4
  Class: sky130_fd_pr__pfet_01v8_hvt instances:   4
Circuit contains 11 nets.
Contents of circuit 2:  Circuit: 'sky130_fd_sc_hd__and3_4'
Circuit sky130_fd_sc_hd__and3_4 contains 14 device instances.
  Class: sky130_fd_pr__nfet_01v8 instances:   7
  Class: sky130_fd_pr__pfet_01v8_hvt instances:   7
Circuit contains 11 nets.

Circuit was modified by parallel/series device merging.
New circuit summary:

Contents of circuit 1:  Circuit: 'sky130_fd_sc_hd__and3_4'
Circuit sky130_fd_sc_hd__and3_4 contains 8 device instances.
  Class: sky130_fd_pr__nfet_01v8 instances:   4
  Class: sky130_fd_pr__pfet_01v8_hvt instances:   4
Circuit contains 11 nets.
Contents of circuit 2:  Circuit: 'sky130_fd_sc_hd__and3_4'
Circuit sky130_fd_sc_hd__and3_4 contains 8 device instances.
  Class: sky130_fd_pr__nfet_01v8 instances:   4
  Class: sky130_fd_pr__pfet_01v8_hvt instances:   4
Circuit contains 11 nets.

Circuit 1 contains 8 devices, Circuit 2 contains 8 devices.
Circuit 1 contains 11 nets,    Circuit 2 contains 11 nets.


Contents of circuit 1:  Circuit: 'sky130_fd_sc_hd__or4_2'
Circuit sky130_fd_sc_hd__or4_2 contains 10 device instances.
  Class: sky130_fd_pr__nfet_01v8 instances:   5
  Class: sky130_fd_pr__pfet_01v8_hvt instances:   5
Circuit contains 13 nets.
Contents of circuit 2:  Circuit: 'sky130_fd_sc_hd__or4_2'
Circuit sky130_fd_sc_hd__or4_2 contains 12 device instances.
  Class: sky130_fd_pr__nfet_01v8 instances:   6
  Class: sky130_fd_pr__pfet_01v8_hvt instances:   6
Circuit contains 13 nets.

Circuit was modified by parallel/series device merging.
New circuit summary:

Contents of circuit 1:  Circuit: 'sky130_fd_sc_hd__or4_2'
Circuit sky130_fd_sc_hd__or4_2 contains 10 device instances.
  Class: sky130_fd_pr__nfet_01v8 instances:   5
  Class: sky130_fd_pr__pfet_01v8_hvt instances:   5
Circuit contains 13 nets.
Contents of circuit 2:  Circuit: 'sky130_fd_sc_hd__or4_2'
Circuit sky130_fd_sc_hd__or4_2 contains 10 device instances.
  Class: sky130_fd_pr__nfet_01v8 instances:   5
  Class: sky130_fd_pr__pfet_01v8_hvt instances:   5
Circuit contains 13 nets.

Circuit 1 contains 10 devices, Circuit 2 contains 10 devices.
Circuit 1 contains 13 nets,    Circuit 2 contains 13 nets.


Contents of circuit 1:  Circuit: 'sky130_fd_sc_hd__o21ai_1'
Circuit sky130_fd_sc_hd__o21ai_1 contains 6 device instances.
  Class: sky130_fd_pr__nfet_01v8 instances:   3
  Class: sky130_fd_pr__pfet_01v8_hvt instances:   3
Circuit contains 10 nets.
Contents of circuit 2:  Circuit: 'sky130_fd_sc_hd__o21ai_1'
Circuit sky130_fd_sc_hd__o21ai_1 contains 6 device instances.
  Class: sky130_fd_pr__nfet_01v8 instances:   3
  Class: sky130_fd_pr__pfet_01v8_hvt instances:   3
Circuit contains 10 nets.

Circuit 1 contains 6 devices, Circuit 2 contains 6 devices.
Circuit 1 contains 10 nets,    Circuit 2 contains 10 nets.


Contents of circuit 1:  Circuit: 'sky130_fd_sc_hd__and3b_1'
Circuit sky130_fd_sc_hd__and3b_1 contains 10 device instances.
  Class: sky130_fd_pr__nfet_01v8 instances:   5
  Class: sky130_fd_pr__pfet_01v8_hvt instances:   5
Circuit contains 12 nets.
Contents of circuit 2:  Circuit: 'sky130_fd_sc_hd__and3b_1'
Circuit sky130_fd_sc_hd__and3b_1 contains 10 device instances.
  Class: sky130_fd_pr__nfet_01v8 instances:   5
  Class: sky130_fd_pr__pfet_01v8_hvt instances:   5
Circuit contains 12 nets.

Circuit 1 contains 10 devices, Circuit 2 contains 10 devices.
Circuit 1 contains 12 nets,    Circuit 2 contains 12 nets.


Contents of circuit 1:  Circuit: 'sky130_fd_sc_hd__nor3_4'
Circuit sky130_fd_sc_hd__nor3_4 contains 6 device instances.
  Class: sky130_fd_pr__nfet_01v8 instances:   3
  Class: sky130_fd_pr__pfet_01v8_hvt instances:   3
Circuit contains 10 nets.
Contents of circuit 2:  Circuit: 'sky130_fd_sc_hd__nor3_4'
Circuit sky130_fd_sc_hd__nor3_4 contains 24 device instances.
  Class: sky130_fd_pr__nfet_01v8 instances:  12
  Class: sky130_fd_pr__pfet_01v8_hvt instances:  12
Circuit contains 10 nets.

Circuit was modified by parallel/series device merging.
New circuit summary:

Contents of circuit 1:  Circuit: 'sky130_fd_sc_hd__nor3_4'
Circuit sky130_fd_sc_hd__nor3_4 contains 6 device instances.
  Class: sky130_fd_pr__nfet_01v8 instances:   3
  Class: sky130_fd_pr__pfet_01v8_hvt instances:   3
Circuit contains 10 nets.
Contents of circuit 2:  Circuit: 'sky130_fd_sc_hd__nor3_4'
Circuit sky130_fd_sc_hd__nor3_4 contains 6 device instances.
  Class: sky130_fd_pr__nfet_01v8 instances:   3
  Class: sky130_fd_pr__pfet_01v8_hvt instances:   3
Circuit contains 10 nets.

Circuit 1 contains 6 devices, Circuit 2 contains 6 devices.
Circuit 1 contains 10 nets,    Circuit 2 contains 10 nets.


Contents of circuit 1:  Circuit: 'sky130_fd_sc_hd__and3_2'
Circuit sky130_fd_sc_hd__and3_2 contains 8 device instances.
  Class: sky130_fd_pr__nfet_01v8 instances:   4
  Class: sky130_fd_pr__pfet_01v8_hvt instances:   4
Circuit contains 11 nets.
Contents of circuit 2:  Circuit: 'sky130_fd_sc_hd__and3_2'
Circuit sky130_fd_sc_hd__and3_2 contains 10 device instances.
  Class: sky130_fd_pr__nfet_01v8 instances:   5
  Class: sky130_fd_pr__pfet_01v8_hvt instances:   5
Circuit contains 11 nets.

Circuit was modified by parallel/series device merging.
New circuit summary:

Contents of circuit 1:  Circuit: 'sky130_fd_sc_hd__and3_2'
Circuit sky130_fd_sc_hd__and3_2 contains 8 device instances.
  Class: sky130_fd_pr__nfet_01v8 instances:   4
  Class: sky130_fd_pr__pfet_01v8_hvt instances:   4
Circuit contains 11 nets.
Contents of circuit 2:  Circuit: 'sky130_fd_sc_hd__and3_2'
Circuit sky130_fd_sc_hd__and3_2 contains 8 device instances.
  Class: sky130_fd_pr__nfet_01v8 instances:   4
  Class: sky130_fd_pr__pfet_01v8_hvt instances:   4
Circuit contains 11 nets.

Circuit 1 contains 8 devices, Circuit 2 contains 8 devices.
Circuit 1 contains 11 nets,    Circuit 2 contains 11 nets.


Contents of circuit 1:  Circuit: 'sky130_fd_sc_hd__or3b_4'
Circuit sky130_fd_sc_hd__or3b_4 contains 10 device instances.
  Class: sky130_fd_pr__nfet_01v8 instances:   5
  Class: sky130_fd_pr__pfet_01v8_hvt instances:   5
Circuit contains 12 nets.
Contents of circuit 2:  Circuit: 'sky130_fd_sc_hd__or3b_4'
Circuit sky130_fd_sc_hd__or3b_4 contains 16 device instances.
  Class: sky130_fd_pr__nfet_01v8 instances:   8
  Class: sky130_fd_pr__pfet_01v8_hvt instances:   8
Circuit contains 12 nets.

Circuit was modified by parallel/series device merging.
New circuit summary:

Contents of circuit 1:  Circuit: 'sky130_fd_sc_hd__or3b_4'
Circuit sky130_fd_sc_hd__or3b_4 contains 10 device instances.
  Class: sky130_fd_pr__nfet_01v8 instances:   5
  Class: sky130_fd_pr__pfet_01v8_hvt instances:   5
Circuit contains 12 nets.
Contents of circuit 2:  Circuit: 'sky130_fd_sc_hd__or3b_4'
Circuit sky130_fd_sc_hd__or3b_4 contains 10 device instances.
  Class: sky130_fd_pr__nfet_01v8 instances:   5
  Class: sky130_fd_pr__pfet_01v8_hvt instances:   5
Circuit contains 12 nets.

Circuit 1 contains 10 devices, Circuit 2 contains 10 devices.
Circuit 1 contains 12 nets,    Circuit 2 contains 12 nets.


Contents of circuit 1:  Circuit: 'sky130_fd_sc_hd__or3_2'
Circuit sky130_fd_sc_hd__or3_2 contains 8 device instances.
  Class: sky130_fd_pr__nfet_01v8 instances:   4
  Class: sky130_fd_pr__pfet_01v8_hvt instances:   4
Circuit contains 11 nets.
Contents of circuit 2:  Circuit: 'sky130_fd_sc_hd__or3_2'
Circuit sky130_fd_sc_hd__or3_2 contains 10 device instances.
  Class: sky130_fd_pr__nfet_01v8 instances:   5
  Class: sky130_fd_pr__pfet_01v8_hvt instances:   5
Circuit contains 11 nets.

Circuit was modified by parallel/series device merging.
New circuit summary:

Contents of circuit 1:  Circuit: 'sky130_fd_sc_hd__or3_2'
Circuit sky130_fd_sc_hd__or3_2 contains 8 device instances.
  Class: sky130_fd_pr__nfet_01v8 instances:   4
  Class: sky130_fd_pr__pfet_01v8_hvt instances:   4
Circuit contains 11 nets.
Contents of circuit 2:  Circuit: 'sky130_fd_sc_hd__or3_2'
Circuit sky130_fd_sc_hd__or3_2 contains 8 device instances.
  Class: sky130_fd_pr__nfet_01v8 instances:   4
  Class: sky130_fd_pr__pfet_01v8_hvt instances:   4
Circuit contains 11 nets.

Circuit 1 contains 8 devices, Circuit 2 contains 8 devices.
Circuit 1 contains 11 nets,    Circuit 2 contains 11 nets.


Contents of circuit 1:  Circuit: 'sky130_fd_sc_hd__a211o_4'
Circuit sky130_fd_sc_hd__a211o_4 contains 14 device instances.
  Class: sky130_fd_pr__nfet_01v8 instances:   7
  Class: sky130_fd_pr__pfet_01v8_hvt instances:   7
Circuit contains 15 nets.
Contents of circuit 2:  Circuit: 'sky130_fd_sc_hd__a211o_4'
Circuit sky130_fd_sc_hd__a211o_4 contains 24 device instances.
  Class: sky130_fd_pr__nfet_01v8 instances:  12
  Class: sky130_fd_pr__pfet_01v8_hvt instances:  12
Circuit contains 15 nets.

Circuit was modified by parallel/series device merging.
New circuit summary:

Contents of circuit 1:  Circuit: 'sky130_fd_sc_hd__a211o_4'
Circuit sky130_fd_sc_hd__a211o_4 contains 14 device instances.
  Class: sky130_fd_pr__nfet_01v8 instances:   7
  Class: sky130_fd_pr__pfet_01v8_hvt instances:   7
Circuit contains 15 nets.
Contents of circuit 2:  Circuit: 'sky130_fd_sc_hd__a211o_4'
Circuit sky130_fd_sc_hd__a211o_4 contains 14 device instances.
  Class: sky130_fd_pr__nfet_01v8 instances:   7
  Class: sky130_fd_pr__pfet_01v8_hvt instances:   7
Circuit contains 15 nets.

Circuit 1 contains 14 devices, Circuit 2 contains 14 devices.
Circuit 1 contains 15 nets,    Circuit 2 contains 15 nets.


Contents of circuit 1:  Circuit: 'sky130_fd_sc_hd__dfxtp_2'
Circuit sky130_fd_sc_hd__dfxtp_2 contains 24 device instances.
  Class: sky130_fd_pr__nfet_01v8 instances:   8
  Class: sky130_fd_pr__pfet_01v8_hvt instances:  12
  Class: sky130_fd_pr__special_nfet_01v8 instances:   4
Circuit contains 18 nets.
Contents of circuit 2:  Circuit: 'sky130_fd_sc_hd__dfxtp_2'
Circuit sky130_fd_sc_hd__dfxtp_2 contains 26 device instances.
  Class: sky130_fd_pr__nfet_01v8 instances:   9
  Class: sky130_fd_pr__pfet_01v8_hvt instances:  13
  Class: sky130_fd_pr__special_nfet_01v8 instances:   4
Circuit contains 18 nets.

Circuit was modified by parallel/series device merging.
New circuit summary:

Contents of circuit 1:  Circuit: 'sky130_fd_sc_hd__dfxtp_2'
Circuit sky130_fd_sc_hd__dfxtp_2 contains 24 device instances.
  Class: sky130_fd_pr__nfet_01v8 instances:   8
  Class: sky130_fd_pr__pfet_01v8_hvt instances:  12
  Class: sky130_fd_pr__special_nfet_01v8 instances:   4
Circuit contains 18 nets.
Contents of circuit 2:  Circuit: 'sky130_fd_sc_hd__dfxtp_2'
Circuit sky130_fd_sc_hd__dfxtp_2 contains 24 device instances.
  Class: sky130_fd_pr__nfet_01v8 instances:   8
  Class: sky130_fd_pr__pfet_01v8_hvt instances:  12
  Class: sky130_fd_pr__special_nfet_01v8 instances:   4
Circuit contains 18 nets.

Circuit 1 contains 24 devices, Circuit 2 contains 24 devices.
Circuit 1 contains 18 nets,    Circuit 2 contains 18 nets.


Contents of circuit 1:  Circuit: 'sky130_fd_sc_hd__o21ba_1'
Circuit sky130_fd_sc_hd__o21ba_1 contains 10 device instances.
  Class: sky130_fd_pr__nfet_01v8 instances:   5
  Class: sky130_fd_pr__pfet_01v8_hvt instances:   5
Circuit contains 12 nets.
Contents of circuit 2:  Circuit: 'sky130_fd_sc_hd__o21ba_1'
Circuit sky130_fd_sc_hd__o21ba_1 contains 10 device instances.
  Class: sky130_fd_pr__nfet_01v8 instances:   5
  Class: sky130_fd_pr__pfet_01v8_hvt instances:   5
Circuit contains 12 nets.

Circuit 1 contains 10 devices, Circuit 2 contains 10 devices.
Circuit 1 contains 12 nets,    Circuit 2 contains 12 nets.


Contents of circuit 1:  Circuit: 'sky130_fd_sc_hd__nand4_1'
Circuit sky130_fd_sc_hd__nand4_1 contains 8 device instances.
  Class: sky130_fd_pr__nfet_01v8 instances:   4
  Class: sky130_fd_pr__pfet_01v8_hvt instances:   4
Circuit contains 12 nets.
Contents of circuit 2:  Circuit: 'sky130_fd_sc_hd__nand4_1'
Circuit sky130_fd_sc_hd__nand4_1 contains 8 device instances.
  Class: sky130_fd_pr__nfet_01v8 instances:   4
  Class: sky130_fd_pr__pfet_01v8_hvt instances:   4
Circuit contains 12 nets.

Circuit 1 contains 8 devices, Circuit 2 contains 8 devices.
Circuit 1 contains 12 nets,    Circuit 2 contains 12 nets.


Contents of circuit 1:  Circuit: 'sky130_fd_sc_hd__and2b_4'
Circuit sky130_fd_sc_hd__and2b_4 contains 8 device instances.
  Class: sky130_fd_pr__nfet_01v8 instances:   4
  Class: sky130_fd_pr__pfet_01v8_hvt instances:   4
Circuit contains 10 nets.
Contents of circuit 2:  Circuit: 'sky130_fd_sc_hd__and2b_4'
Circuit sky130_fd_sc_hd__and2b_4 contains 14 device instances.
  Class: sky130_fd_pr__nfet_01v8 instances:   7
  Class: sky130_fd_pr__pfet_01v8_hvt instances:   7
Circuit contains 10 nets.

Circuit was modified by parallel/series device merging.
New circuit summary:

Contents of circuit 1:  Circuit: 'sky130_fd_sc_hd__and2b_4'
Circuit sky130_fd_sc_hd__and2b_4 contains 8 device instances.
  Class: sky130_fd_pr__nfet_01v8 instances:   4
  Class: sky130_fd_pr__pfet_01v8_hvt instances:   4
Circuit contains 10 nets.
Contents of circuit 2:  Circuit: 'sky130_fd_sc_hd__and2b_4'
Circuit sky130_fd_sc_hd__and2b_4 contains 8 device instances.
  Class: sky130_fd_pr__nfet_01v8 instances:   4
  Class: sky130_fd_pr__pfet_01v8_hvt instances:   4
Circuit contains 10 nets.

Circuit 1 contains 8 devices, Circuit 2 contains 8 devices.
Circuit 1 contains 10 nets,    Circuit 2 contains 10 nets.


Contents of circuit 1:  Circuit: 'sky130_fd_sc_hd__nor3_1'
Circuit sky130_fd_sc_hd__nor3_1 contains 6 device instances.
  Class: sky130_fd_pr__nfet_01v8 instances:   3
  Class: sky130_fd_pr__pfet_01v8_hvt instances:   3
Circuit contains 10 nets.
Contents of circuit 2:  Circuit: 'sky130_fd_sc_hd__nor3_1'
Circuit sky130_fd_sc_hd__nor3_1 contains 6 device instances.
  Class: sky130_fd_pr__nfet_01v8 instances:   3
  Class: sky130_fd_pr__pfet_01v8_hvt instances:   3
Circuit contains 10 nets.

Circuit 1 contains 6 devices, Circuit 2 contains 6 devices.
Circuit 1 contains 10 nets,    Circuit 2 contains 10 nets.


Contents of circuit 1:  Circuit: 'sky130_fd_sc_hd__o31a_2'
Circuit sky130_fd_sc_hd__o31a_2 contains 10 device instances.
  Class: sky130_fd_pr__nfet_01v8 instances:   5
  Class: sky130_fd_pr__pfet_01v8_hvt instances:   5
Circuit contains 13 nets.
Contents of circuit 2:  Circuit: 'sky130_fd_sc_hd__o31a_2'
Circuit sky130_fd_sc_hd__o31a_2 contains 12 device instances.
  Class: sky130_fd_pr__nfet_01v8 instances:   6
  Class: sky130_fd_pr__pfet_01v8_hvt instances:   6
Circuit contains 13 nets.

Circuit was modified by parallel/series device merging.
New circuit summary:

Contents of circuit 1:  Circuit: 'sky130_fd_sc_hd__o31a_2'
Circuit sky130_fd_sc_hd__o31a_2 contains 10 device instances.
  Class: sky130_fd_pr__nfet_01v8 instances:   5
  Class: sky130_fd_pr__pfet_01v8_hvt instances:   5
Circuit contains 13 nets.
Contents of circuit 2:  Circuit: 'sky130_fd_sc_hd__o31a_2'
Circuit sky130_fd_sc_hd__o31a_2 contains 10 device instances.
  Class: sky130_fd_pr__nfet_01v8 instances:   5
  Class: sky130_fd_pr__pfet_01v8_hvt instances:   5
Circuit contains 13 nets.

Circuit 1 contains 10 devices, Circuit 2 contains 10 devices.
Circuit 1 contains 13 nets,    Circuit 2 contains 13 nets.


Contents of circuit 1:  Circuit: 'sky130_fd_sc_hd__nand2_8'
Circuit sky130_fd_sc_hd__nand2_8 contains 4 device instances.
  Class: sky130_fd_pr__nfet_01v8 instances:   2
  Class: sky130_fd_pr__pfet_01v8_hvt instances:   2
Circuit contains 8 nets.
Contents of circuit 2:  Circuit: 'sky130_fd_sc_hd__nand2_8'
Circuit sky130_fd_sc_hd__nand2_8 contains 32 device instances.
  Class: sky130_fd_pr__nfet_01v8 instances:  16
  Class: sky130_fd_pr__pfet_01v8_hvt instances:  16
Circuit contains 8 nets.

Circuit was modified by parallel/series device merging.
New circuit summary:

Contents of circuit 1:  Circuit: 'sky130_fd_sc_hd__nand2_8'
Circuit sky130_fd_sc_hd__nand2_8 contains 4 device instances.
  Class: sky130_fd_pr__nfet_01v8 instances:   2
  Class: sky130_fd_pr__pfet_01v8_hvt instances:   2
Circuit contains 8 nets.
Contents of circuit 2:  Circuit: 'sky130_fd_sc_hd__nand2_8'
Circuit sky130_fd_sc_hd__nand2_8 contains 4 device instances.
  Class: sky130_fd_pr__nfet_01v8 instances:   2
  Class: sky130_fd_pr__pfet_01v8_hvt instances:   2
Circuit contains 8 nets.

Circuit 1 contains 4 devices, Circuit 2 contains 4 devices.
Circuit 1 contains 8 nets,    Circuit 2 contains 8 nets.


Contents of circuit 1:  Circuit: 'sky130_fd_sc_hd__a21oi_2'
Circuit sky130_fd_sc_hd__a21oi_2 contains 8 device instances.
  Class: sky130_fd_pr__nfet_01v8 instances:   5
  Class: sky130_fd_pr__pfet_01v8_hvt instances:   3
Circuit contains 11 nets.
Contents of circuit 2:  Circuit: 'sky130_fd_sc_hd__a21oi_2'
Circuit sky130_fd_sc_hd__a21oi_2 contains 12 device instances.
  Class: sky130_fd_pr__nfet_01v8 instances:   6
  Class: sky130_fd_pr__pfet_01v8_hvt instances:   6
Circuit contains 11 nets.

Circuit was modified by parallel/series device merging.
New circuit summary:

Contents of circuit 1:  Circuit: 'sky130_fd_sc_hd__a21oi_2'
Circuit sky130_fd_sc_hd__a21oi_2 contains 8 device instances.
  Class: sky130_fd_pr__nfet_01v8 instances:   5
  Class: sky130_fd_pr__pfet_01v8_hvt instances:   3
Circuit contains 11 nets.
Contents of circuit 2:  Circuit: 'sky130_fd_sc_hd__a21oi_2'
Circuit sky130_fd_sc_hd__a21oi_2 contains 8 device instances.
  Class: sky130_fd_pr__nfet_01v8 instances:   5
  Class: sky130_fd_pr__pfet_01v8_hvt instances:   3
Circuit contains 11 nets.

Circuit 1 contains 8 devices, Circuit 2 contains 8 devices.
Circuit 1 contains 11 nets,    Circuit 2 contains 11 nets.


Contents of circuit 1:  Circuit: 'sky130_fd_sc_hd__or2_4'
Circuit sky130_fd_sc_hd__or2_4 contains 6 device instances.
  Class: sky130_fd_pr__nfet_01v8 instances:   3
  Class: sky130_fd_pr__pfet_01v8_hvt instances:   3
Circuit contains 9 nets.
Contents of circuit 2:  Circuit: 'sky130_fd_sc_hd__or2_4'
Circuit sky130_fd_sc_hd__or2_4 contains 12 device instances.
  Class: sky130_fd_pr__nfet_01v8 instances:   6
  Class: sky130_fd_pr__pfet_01v8_hvt instances:   6
Circuit contains 9 nets.

Circuit was modified by parallel/series device merging.
New circuit summary:

Contents of circuit 1:  Circuit: 'sky130_fd_sc_hd__or2_4'
Circuit sky130_fd_sc_hd__or2_4 contains 6 device instances.
  Class: sky130_fd_pr__nfet_01v8 instances:   3
  Class: sky130_fd_pr__pfet_01v8_hvt instances:   3
Circuit contains 9 nets.
Contents of circuit 2:  Circuit: 'sky130_fd_sc_hd__or2_4'
Circuit sky130_fd_sc_hd__or2_4 contains 6 device instances.
  Class: sky130_fd_pr__nfet_01v8 instances:   3
  Class: sky130_fd_pr__pfet_01v8_hvt instances:   3
Circuit contains 9 nets.

Circuit 1 contains 6 devices, Circuit 2 contains 6 devices.
Circuit 1 contains 9 nets,    Circuit 2 contains 9 nets.


Contents of circuit 1:  Circuit: 'sky130_fd_sc_hd__a2bb2o_2'
Circuit sky130_fd_sc_hd__a2bb2o_2 contains 12 device instances.
  Class: sky130_fd_pr__nfet_01v8 instances:   6
  Class: sky130_fd_pr__pfet_01v8_hvt instances:   6
Circuit contains 14 nets.
Contents of circuit 2:  Circuit: 'sky130_fd_sc_hd__a2bb2o_2'
Circuit sky130_fd_sc_hd__a2bb2o_2 contains 14 device instances.
  Class: sky130_fd_pr__nfet_01v8 instances:   7
  Class: sky130_fd_pr__pfet_01v8_hvt instances:   7
Circuit contains 14 nets.

Circuit was modified by parallel/series device merging.
New circuit summary:

Contents of circuit 1:  Circuit: 'sky130_fd_sc_hd__a2bb2o_2'
Circuit sky130_fd_sc_hd__a2bb2o_2 contains 12 device instances.
  Class: sky130_fd_pr__nfet_01v8 instances:   6
  Class: sky130_fd_pr__pfet_01v8_hvt instances:   6
Circuit contains 14 nets.
Contents of circuit 2:  Circuit: 'sky130_fd_sc_hd__a2bb2o_2'
Circuit sky130_fd_sc_hd__a2bb2o_2 contains 12 device instances.
  Class: sky130_fd_pr__nfet_01v8 instances:   6
  Class: sky130_fd_pr__pfet_01v8_hvt instances:   6
Circuit contains 14 nets.

Circuit 1 contains 12 devices, Circuit 2 contains 12 devices.
Circuit 1 contains 14 nets,    Circuit 2 contains 14 nets.


Contents of circuit 1:  Circuit: 'sky130_fd_sc_hd__nand2_4'
Circuit sky130_fd_sc_hd__nand2_4 contains 4 device instances.
  Class: sky130_fd_pr__nfet_01v8 instances:   2
  Class: sky130_fd_pr__pfet_01v8_hvt instances:   2
Circuit contains 8 nets.
Contents of circuit 2:  Circuit: 'sky130_fd_sc_hd__nand2_4'
Circuit sky130_fd_sc_hd__nand2_4 contains 16 device instances.
  Class: sky130_fd_pr__nfet_01v8 instances:   8
  Class: sky130_fd_pr__pfet_01v8_hvt instances:   8
Circuit contains 8 nets.

Circuit was modified by parallel/series device merging.
New circuit summary:

Contents of circuit 1:  Circuit: 'sky130_fd_sc_hd__nand2_4'
Circuit sky130_fd_sc_hd__nand2_4 contains 4 device instances.
  Class: sky130_fd_pr__nfet_01v8 instances:   2
  Class: sky130_fd_pr__pfet_01v8_hvt instances:   2
Circuit contains 8 nets.
Contents of circuit 2:  Circuit: 'sky130_fd_sc_hd__nand2_4'
Circuit sky130_fd_sc_hd__nand2_4 contains 4 device instances.
  Class: sky130_fd_pr__nfet_01v8 instances:   2
  Class: sky130_fd_pr__pfet_01v8_hvt instances:   2
Circuit contains 8 nets.

Circuit 1 contains 4 devices, Circuit 2 contains 4 devices.
Circuit 1 contains 8 nets,    Circuit 2 contains 8 nets.


Contents of circuit 1:  Circuit: 'sky130_fd_sc_hd__a21bo_1'
Circuit sky130_fd_sc_hd__a21bo_1 contains 10 device instances.
  Class: sky130_fd_pr__nfet_01v8 instances:   5
  Class: sky130_fd_pr__pfet_01v8_hvt instances:   5
Circuit contains 12 nets.
Contents of circuit 2:  Circuit: 'sky130_fd_sc_hd__a21bo_1'
Circuit sky130_fd_sc_hd__a21bo_1 contains 10 device instances.
  Class: sky130_fd_pr__nfet_01v8 instances:   5
  Class: sky130_fd_pr__pfet_01v8_hvt instances:   5
Circuit contains 12 nets.

Circuit 1 contains 10 devices, Circuit 2 contains 10 devices.
Circuit 1 contains 12 nets,    Circuit 2 contains 12 nets.


Contents of circuit 1:  Circuit: 'sky130_fd_sc_hd__o22a_2'
Circuit sky130_fd_sc_hd__o22a_2 contains 10 device instances.
  Class: sky130_fd_pr__nfet_01v8 instances:   5
  Class: sky130_fd_pr__pfet_01v8_hvt instances:   5
Circuit contains 13 nets.
Contents of circuit 2:  Circuit: 'sky130_fd_sc_hd__o22a_2'
Circuit sky130_fd_sc_hd__o22a_2 contains 12 device instances.
  Class: sky130_fd_pr__nfet_01v8 instances:   6
  Class: sky130_fd_pr__pfet_01v8_hvt instances:   6
Circuit contains 13 nets.

Circuit was modified by parallel/series device merging.
New circuit summary:

Contents of circuit 1:  Circuit: 'sky130_fd_sc_hd__o22a_2'
Circuit sky130_fd_sc_hd__o22a_2 contains 10 device instances.
  Class: sky130_fd_pr__nfet_01v8 instances:   5
  Class: sky130_fd_pr__pfet_01v8_hvt instances:   5
Circuit contains 13 nets.
Contents of circuit 2:  Circuit: 'sky130_fd_sc_hd__o22a_2'
Circuit sky130_fd_sc_hd__o22a_2 contains 10 device instances.
  Class: sky130_fd_pr__nfet_01v8 instances:   5
  Class: sky130_fd_pr__pfet_01v8_hvt instances:   5
Circuit contains 13 nets.

Circuit 1 contains 10 devices, Circuit 2 contains 10 devices.
Circuit 1 contains 13 nets,    Circuit 2 contains 13 nets.


Contents of circuit 1:  Circuit: 'sky130_fd_sc_hd__mux2_4'
Circuit sky130_fd_sc_hd__mux2_4 contains 12 device instances.
  Class: sky130_fd_pr__nfet_01v8 instances:   6
  Class: sky130_fd_pr__pfet_01v8_hvt instances:   6
Circuit contains 14 nets.
Contents of circuit 2:  Circuit: 'sky130_fd_sc_hd__mux2_4'
Circuit sky130_fd_sc_hd__mux2_4 contains 18 device instances.
  Class: sky130_fd_pr__nfet_01v8 instances:   9
  Class: sky130_fd_pr__pfet_01v8_hvt instances:   9
Circuit contains 14 nets.

Circuit was modified by parallel/series device merging.
New circuit summary:

Contents of circuit 1:  Circuit: 'sky130_fd_sc_hd__mux2_4'
Circuit sky130_fd_sc_hd__mux2_4 contains 12 device instances.
  Class: sky130_fd_pr__nfet_01v8 instances:   6
  Class: sky130_fd_pr__pfet_01v8_hvt instances:   6
Circuit contains 14 nets.
Contents of circuit 2:  Circuit: 'sky130_fd_sc_hd__mux2_4'
Circuit sky130_fd_sc_hd__mux2_4 contains 12 device instances.
  Class: sky130_fd_pr__nfet_01v8 instances:   6
  Class: sky130_fd_pr__pfet_01v8_hvt instances:   6
Circuit contains 14 nets.

Circuit 1 contains 12 devices, Circuit 2 contains 12 devices.
Circuit 1 contains 14 nets,    Circuit 2 contains 14 nets.


Contents of circuit 1:  Circuit: 'sky130_fd_sc_hd__o221a_2'
Circuit sky130_fd_sc_hd__o221a_2 contains 12 device instances.
  Class: sky130_fd_pr__nfet_01v8 instances:   6
  Class: sky130_fd_pr__pfet_01v8_hvt instances:   6
Circuit contains 15 nets.
Contents of circuit 2:  Circuit: 'sky130_fd_sc_hd__o221a_2'
Circuit sky130_fd_sc_hd__o221a_2 contains 14 device instances.
  Class: sky130_fd_pr__nfet_01v8 instances:   7
  Class: sky130_fd_pr__pfet_01v8_hvt instances:   7
Circuit contains 15 nets.

Circuit was modified by parallel/series device merging.
New circuit summary:

Contents of circuit 1:  Circuit: 'sky130_fd_sc_hd__o221a_2'
Circuit sky130_fd_sc_hd__o221a_2 contains 12 device instances.
  Class: sky130_fd_pr__nfet_01v8 instances:   6
  Class: sky130_fd_pr__pfet_01v8_hvt instances:   6
Circuit contains 15 nets.
Contents of circuit 2:  Circuit: 'sky130_fd_sc_hd__o221a_2'
Circuit sky130_fd_sc_hd__o221a_2 contains 12 device instances.
  Class: sky130_fd_pr__nfet_01v8 instances:   6
  Class: sky130_fd_pr__pfet_01v8_hvt instances:   6
Circuit contains 15 nets.

Circuit 1 contains 12 devices, Circuit 2 contains 12 devices.
Circuit 1 contains 15 nets,    Circuit 2 contains 15 nets.


Contents of circuit 1:  Circuit: 'sky130_fd_sc_hd__nand3_4'
Circuit sky130_fd_sc_hd__nand3_4 contains 6 device instances.
  Class: sky130_fd_pr__nfet_01v8 instances:   3
  Class: sky130_fd_pr__pfet_01v8_hvt instances:   3
Circuit contains 10 nets.
Contents of circuit 2:  Circuit: 'sky130_fd_sc_hd__nand3_4'
Circuit sky130_fd_sc_hd__nand3_4 contains 24 device instances.
  Class: sky130_fd_pr__nfet_01v8 instances:  12
  Class: sky130_fd_pr__pfet_01v8_hvt instances:  12
Circuit contains 10 nets.

Circuit was modified by parallel/series device merging.
New circuit summary:

Contents of circuit 1:  Circuit: 'sky130_fd_sc_hd__nand3_4'
Circuit sky130_fd_sc_hd__nand3_4 contains 6 device instances.
  Class: sky130_fd_pr__nfet_01v8 instances:   3
  Class: sky130_fd_pr__pfet_01v8_hvt instances:   3
Circuit contains 10 nets.
Contents of circuit 2:  Circuit: 'sky130_fd_sc_hd__nand3_4'
Circuit sky130_fd_sc_hd__nand3_4 contains 6 device instances.
  Class: sky130_fd_pr__nfet_01v8 instances:   3
  Class: sky130_fd_pr__pfet_01v8_hvt instances:   3
Circuit contains 10 nets.

Circuit 1 contains 6 devices, Circuit 2 contains 6 devices.
Circuit 1 contains 10 nets,    Circuit 2 contains 10 nets.


Contents of circuit 1:  Circuit: 'sky130_fd_sc_hd__or4b_1'
Circuit sky130_fd_sc_hd__or4b_1 contains 12 device instances.
  Class: sky130_fd_pr__nfet_01v8 instances:   6
  Class: sky130_fd_pr__pfet_01v8_hvt instances:   6
Circuit contains 14 nets.
Contents of circuit 2:  Circuit: 'sky130_fd_sc_hd__or4b_1'
Circuit sky130_fd_sc_hd__or4b_1 contains 12 device instances.
  Class: sky130_fd_pr__nfet_01v8 instances:   6
  Class: sky130_fd_pr__pfet_01v8_hvt instances:   6
Circuit contains 14 nets.

Circuit 1 contains 12 devices, Circuit 2 contains 12 devices.
Circuit 1 contains 14 nets,    Circuit 2 contains 14 nets.


Contents of circuit 1:  Circuit: 'sky130_fd_sc_hd__xor2_2'
Circuit sky130_fd_sc_hd__xor2_2 contains 10 device instances.
  Class: sky130_fd_pr__nfet_01v8 instances:   5
  Class: sky130_fd_pr__pfet_01v8_hvt instances:   5
Circuit contains 11 nets.
Contents of circuit 2:  Circuit: 'sky130_fd_sc_hd__xor2_2'
Circuit sky130_fd_sc_hd__xor2_2 contains 20 device instances.
  Class: sky130_fd_pr__nfet_01v8 instances:  10
  Class: sky130_fd_pr__pfet_01v8_hvt instances:  10
Circuit contains 11 nets.

Circuit was modified by parallel/series device merging.
New circuit summary:

Contents of circuit 1:  Circuit: 'sky130_fd_sc_hd__xor2_2'
Circuit sky130_fd_sc_hd__xor2_2 contains 10 device instances.
  Class: sky130_fd_pr__nfet_01v8 instances:   5
  Class: sky130_fd_pr__pfet_01v8_hvt instances:   5
Circuit contains 11 nets.
Contents of circuit 2:  Circuit: 'sky130_fd_sc_hd__xor2_2'
Circuit sky130_fd_sc_hd__xor2_2 contains 10 device instances.
  Class: sky130_fd_pr__nfet_01v8 instances:   5
  Class: sky130_fd_pr__pfet_01v8_hvt instances:   5
Circuit contains 11 nets.

Circuit 1 contains 10 devices, Circuit 2 contains 10 devices.
Circuit 1 contains 11 nets,    Circuit 2 contains 11 nets.


Contents of circuit 1:  Circuit: 'sky130_fd_sc_hd__a2111o_1'
Circuit sky130_fd_sc_hd__a2111o_1 contains 12 device instances.
  Class: sky130_fd_pr__nfet_01v8 instances:   6
  Class: sky130_fd_pr__pfet_01v8_hvt instances:   6
Circuit contains 15 nets.
Contents of circuit 2:  Circuit: 'sky130_fd_sc_hd__a2111o_1'
Circuit sky130_fd_sc_hd__a2111o_1 contains 12 device instances.
  Class: sky130_fd_pr__nfet_01v8 instances:   6
  Class: sky130_fd_pr__pfet_01v8_hvt instances:   6
Circuit contains 15 nets.

Circuit 1 contains 12 devices, Circuit 2 contains 12 devices.
Circuit 1 contains 15 nets,    Circuit 2 contains 15 nets.


Contents of circuit 1:  Circuit: 'sky130_fd_sc_hd__a221o_2'
Circuit sky130_fd_sc_hd__a221o_2 contains 12 device instances.
  Class: sky130_fd_pr__nfet_01v8 instances:   6
  Class: sky130_fd_pr__pfet_01v8_hvt instances:   6
Circuit contains 15 nets.
Contents of circuit 2:  Circuit: 'sky130_fd_sc_hd__a221o_2'
Circuit sky130_fd_sc_hd__a221o_2 contains 14 device instances.
  Class: sky130_fd_pr__nfet_01v8 instances:   7
  Class: sky130_fd_pr__pfet_01v8_hvt instances:   7
Circuit contains 15 nets.

Circuit was modified by parallel/series device merging.
New circuit summary:

Contents of circuit 1:  Circuit: 'sky130_fd_sc_hd__a221o_2'
Circuit sky130_fd_sc_hd__a221o_2 contains 12 device instances.
  Class: sky130_fd_pr__nfet_01v8 instances:   6
  Class: sky130_fd_pr__pfet_01v8_hvt instances:   6
Circuit contains 15 nets.
Contents of circuit 2:  Circuit: 'sky130_fd_sc_hd__a221o_2'
Circuit sky130_fd_sc_hd__a221o_2 contains 12 device instances.
  Class: sky130_fd_pr__nfet_01v8 instances:   6
  Class: sky130_fd_pr__pfet_01v8_hvt instances:   6
Circuit contains 15 nets.

Circuit 1 contains 12 devices, Circuit 2 contains 12 devices.
Circuit 1 contains 15 nets,    Circuit 2 contains 15 nets.


Contents of circuit 1:  Circuit: 'sky130_fd_sc_hd__o21bai_1'
Circuit sky130_fd_sc_hd__o21bai_1 contains 8 device instances.
  Class: sky130_fd_pr__nfet_01v8 instances:   4
  Class: sky130_fd_pr__pfet_01v8_hvt instances:   4
Circuit contains 11 nets.
Contents of circuit 2:  Circuit: 'sky130_fd_sc_hd__o21bai_1'
Circuit sky130_fd_sc_hd__o21bai_1 contains 8 device instances.
  Class: sky130_fd_pr__nfet_01v8 instances:   4
  Class: sky130_fd_pr__pfet_01v8_hvt instances:   4
Circuit contains 11 nets.

Circuit 1 contains 8 devices, Circuit 2 contains 8 devices.
Circuit 1 contains 11 nets,    Circuit 2 contains 11 nets.


Contents of circuit 1:  Circuit: 'sky130_fd_sc_hd__mux2_2'
Circuit sky130_fd_sc_hd__mux2_2 contains 12 device instances.
  Class: sky130_fd_pr__nfet_01v8 instances:   6
  Class: sky130_fd_pr__pfet_01v8_hvt instances:   6
Circuit contains 14 nets.
Contents of circuit 2:  Circuit: 'sky130_fd_sc_hd__mux2_2'
Circuit sky130_fd_sc_hd__mux2_2 contains 14 device instances.
  Class: sky130_fd_pr__nfet_01v8 instances:   7
  Class: sky130_fd_pr__pfet_01v8_hvt instances:   7
Circuit contains 14 nets.

Circuit was modified by parallel/series device merging.
New circuit summary:

Contents of circuit 1:  Circuit: 'sky130_fd_sc_hd__mux2_2'
Circuit sky130_fd_sc_hd__mux2_2 contains 12 device instances.
  Class: sky130_fd_pr__nfet_01v8 instances:   6
  Class: sky130_fd_pr__pfet_01v8_hvt instances:   6
Circuit contains 14 nets.
Contents of circuit 2:  Circuit: 'sky130_fd_sc_hd__mux2_2'
Circuit sky130_fd_sc_hd__mux2_2 contains 12 device instances.
  Class: sky130_fd_pr__nfet_01v8 instances:   6
  Class: sky130_fd_pr__pfet_01v8_hvt instances:   6
Circuit contains 14 nets.

Circuit 1 contains 12 devices, Circuit 2 contains 12 devices.
Circuit 1 contains 14 nets,    Circuit 2 contains 14 nets.


Contents of circuit 1:  Circuit: 'sky130_fd_sc_hd__dfstp_1'
Circuit sky130_fd_sc_hd__dfstp_1 contains 32 device instances.
  Class: sky130_fd_pr__nfet_01v8 instances:  14
  Class: sky130_fd_pr__pfet_01v8_hvt instances:  16
  Class: sky130_fd_pr__special_nfet_01v8 instances:   2
Circuit contains 24 nets.
Contents of circuit 2:  Circuit: 'sky130_fd_sc_hd__dfstp_1'
Circuit sky130_fd_sc_hd__dfstp_1 contains 32 device instances.
  Class: sky130_fd_pr__nfet_01v8 instances:  14
  Class: sky130_fd_pr__pfet_01v8_hvt instances:  16
  Class: sky130_fd_pr__special_nfet_01v8 instances:   2
Circuit contains 24 nets.

Circuit 1 contains 32 devices, Circuit 2 contains 32 devices.
Circuit 1 contains 24 nets,    Circuit 2 contains 24 nets.


Contents of circuit 1:  Circuit: 'sky130_fd_sc_hd__inv_12'
Circuit sky130_fd_sc_hd__inv_12 contains 2 device instances.
  Class: sky130_fd_pr__nfet_01v8 instances:   1
  Class: sky130_fd_pr__pfet_01v8_hvt instances:   1
Circuit contains 6 nets.
Contents of circuit 2:  Circuit: 'sky130_fd_sc_hd__inv_12'
Circuit sky130_fd_sc_hd__inv_12 contains 24 device instances.
  Class: sky130_fd_pr__nfet_01v8 instances:  12
  Class: sky130_fd_pr__pfet_01v8_hvt instances:  12
Circuit contains 6 nets.

Circuit was modified by parallel/series device merging.
New circuit summary:

Contents of circuit 1:  Circuit: 'sky130_fd_sc_hd__inv_12'
Circuit sky130_fd_sc_hd__inv_12 contains 2 device instances.
  Class: sky130_fd_pr__nfet_01v8 instances:   1
  Class: sky130_fd_pr__pfet_01v8_hvt instances:   1
Circuit contains 6 nets.
Contents of circuit 2:  Circuit: 'sky130_fd_sc_hd__inv_12'
Circuit sky130_fd_sc_hd__inv_12 contains 2 device instances.
  Class: sky130_fd_pr__nfet_01v8 instances:   1
  Class: sky130_fd_pr__pfet_01v8_hvt instances:   1
Circuit contains 6 nets.

Circuit 1 contains 2 devices, Circuit 2 contains 2 devices.
Circuit 1 contains 6 nets,    Circuit 2 contains 6 nets.


Contents of circuit 1:  Circuit: 'sky130_fd_sc_hd__nand2_2'
Circuit sky130_fd_sc_hd__nand2_2 contains 4 device instances.
  Class: sky130_fd_pr__nfet_01v8 instances:   2
  Class: sky130_fd_pr__pfet_01v8_hvt instances:   2
Circuit contains 8 nets.
Contents of circuit 2:  Circuit: 'sky130_fd_sc_hd__nand2_2'
Circuit sky130_fd_sc_hd__nand2_2 contains 8 device instances.
  Class: sky130_fd_pr__nfet_01v8 instances:   4
  Class: sky130_fd_pr__pfet_01v8_hvt instances:   4
Circuit contains 8 nets.

Circuit was modified by parallel/series device merging.
New circuit summary:

Contents of circuit 1:  Circuit: 'sky130_fd_sc_hd__nand2_2'
Circuit sky130_fd_sc_hd__nand2_2 contains 4 device instances.
  Class: sky130_fd_pr__nfet_01v8 instances:   2
  Class: sky130_fd_pr__pfet_01v8_hvt instances:   2
Circuit contains 8 nets.
Contents of circuit 2:  Circuit: 'sky130_fd_sc_hd__nand2_2'
Circuit sky130_fd_sc_hd__nand2_2 contains 4 device instances.
  Class: sky130_fd_pr__nfet_01v8 instances:   2
  Class: sky130_fd_pr__pfet_01v8_hvt instances:   2
Circuit contains 8 nets.

Circuit 1 contains 4 devices, Circuit 2 contains 4 devices.
Circuit 1 contains 8 nets,    Circuit 2 contains 8 nets.


Contents of circuit 1:  Circuit: 'sky130_fd_sc_hd__xnor2_4'
Circuit sky130_fd_sc_hd__xnor2_4 contains 10 device instances.
  Class: sky130_fd_pr__nfet_01v8 instances:   5
  Class: sky130_fd_pr__pfet_01v8_hvt instances:   5
Circuit contains 11 nets.
Contents of circuit 2:  Circuit: 'sky130_fd_sc_hd__xnor2_4'
Circuit sky130_fd_sc_hd__xnor2_4 contains 40 device instances.
  Class: sky130_fd_pr__nfet_01v8 instances:  20
  Class: sky130_fd_pr__pfet_01v8_hvt instances:  20
Circuit contains 11 nets.

Circuit was modified by parallel/series device merging.
New circuit summary:

Contents of circuit 1:  Circuit: 'sky130_fd_sc_hd__xnor2_4'
Circuit sky130_fd_sc_hd__xnor2_4 contains 10 device instances.
  Class: sky130_fd_pr__nfet_01v8 instances:   5
  Class: sky130_fd_pr__pfet_01v8_hvt instances:   5
Circuit contains 11 nets.
Contents of circuit 2:  Circuit: 'sky130_fd_sc_hd__xnor2_4'
Circuit sky130_fd_sc_hd__xnor2_4 contains 10 device instances.
  Class: sky130_fd_pr__nfet_01v8 instances:   5
  Class: sky130_fd_pr__pfet_01v8_hvt instances:   5
Circuit contains 11 nets.

Circuit 1 contains 10 devices, Circuit 2 contains 10 devices.
Circuit 1 contains 11 nets,    Circuit 2 contains 11 nets.


Contents of circuit 1:  Circuit: 'sky130_fd_sc_hd__o211a_4'
Circuit sky130_fd_sc_hd__o211a_4 contains 14 device instances.
  Class: sky130_fd_pr__nfet_01v8 instances:   7
  Class: sky130_fd_pr__pfet_01v8_hvt instances:   7
Circuit contains 15 nets.
Contents of circuit 2:  Circuit: 'sky130_fd_sc_hd__o211a_4'
Circuit sky130_fd_sc_hd__o211a_4 contains 24 device instances.
  Class: sky130_fd_pr__nfet_01v8 instances:  12
  Class: sky130_fd_pr__pfet_01v8_hvt instances:  12
Circuit contains 15 nets.

Circuit was modified by parallel/series device merging.
New circuit summary:

Contents of circuit 1:  Circuit: 'sky130_fd_sc_hd__o211a_4'
Circuit sky130_fd_sc_hd__o211a_4 contains 14 device instances.
  Class: sky130_fd_pr__nfet_01v8 instances:   7
  Class: sky130_fd_pr__pfet_01v8_hvt instances:   7
Circuit contains 15 nets.
Contents of circuit 2:  Circuit: 'sky130_fd_sc_hd__o211a_4'
Circuit sky130_fd_sc_hd__o211a_4 contains 14 device instances.
  Class: sky130_fd_pr__nfet_01v8 instances:   7
  Class: sky130_fd_pr__pfet_01v8_hvt instances:   7
Circuit contains 15 nets.

Circuit 1 contains 14 devices, Circuit 2 contains 14 devices.
Circuit 1 contains 15 nets,    Circuit 2 contains 15 nets.


Contents of circuit 1:  Circuit: 'sky130_fd_sc_hd__a221oi_1'
Circuit sky130_fd_sc_hd__a221oi_1 contains 10 device instances.
  Class: sky130_fd_pr__nfet_01v8 instances:   5
  Class: sky130_fd_pr__pfet_01v8_hvt instances:   5
Circuit contains 14 nets.
Contents of circuit 2:  Circuit: 'sky130_fd_sc_hd__a221oi_1'
Circuit sky130_fd_sc_hd__a221oi_1 contains 10 device instances.
  Class: sky130_fd_pr__nfet_01v8 instances:   5
  Class: sky130_fd_pr__pfet_01v8_hvt instances:   5
Circuit contains 14 nets.

Circuit 1 contains 10 devices, Circuit 2 contains 10 devices.
Circuit 1 contains 14 nets,    Circuit 2 contains 14 nets.


Contents of circuit 1:  Circuit: 'sky130_fd_sc_hd__nor2_4'
Circuit sky130_fd_sc_hd__nor2_4 contains 4 device instances.
  Class: sky130_fd_pr__nfet_01v8 instances:   2
  Class: sky130_fd_pr__pfet_01v8_hvt instances:   2
Circuit contains 8 nets.
Contents of circuit 2:  Circuit: 'sky130_fd_sc_hd__nor2_4'
Circuit sky130_fd_sc_hd__nor2_4 contains 16 device instances.
  Class: sky130_fd_pr__nfet_01v8 instances:   8
  Class: sky130_fd_pr__pfet_01v8_hvt instances:   8
Circuit contains 8 nets.

Circuit was modified by parallel/series device merging.
New circuit summary:

Contents of circuit 1:  Circuit: 'sky130_fd_sc_hd__nor2_4'
Circuit sky130_fd_sc_hd__nor2_4 contains 4 device instances.
  Class: sky130_fd_pr__nfet_01v8 instances:   2
  Class: sky130_fd_pr__pfet_01v8_hvt instances:   2
Circuit contains 8 nets.
Contents of circuit 2:  Circuit: 'sky130_fd_sc_hd__nor2_4'
Circuit sky130_fd_sc_hd__nor2_4 contains 4 device instances.
  Class: sky130_fd_pr__nfet_01v8 instances:   2
  Class: sky130_fd_pr__pfet_01v8_hvt instances:   2
Circuit contains 8 nets.

Circuit 1 contains 4 devices, Circuit 2 contains 4 devices.
Circuit 1 contains 8 nets,    Circuit 2 contains 8 nets.


Contents of circuit 1:  Circuit: 'sky130_fd_sc_hd__a32o_4'
Circuit sky130_fd_sc_hd__a32o_4 contains 12 device instances.
  Class: sky130_fd_pr__nfet_01v8 instances:   6
  Class: sky130_fd_pr__pfet_01v8_hvt instances:   6
Circuit contains 15 nets.
Contents of circuit 2:  Circuit: 'sky130_fd_sc_hd__a32o_4'
Circuit sky130_fd_sc_hd__a32o_4 contains 28 device instances.
  Class: sky130_fd_pr__nfet_01v8 instances:  14
  Class: sky130_fd_pr__pfet_01v8_hvt instances:  14
Circuit contains 15 nets.

Circuit was modified by parallel/series device merging.
New circuit summary:

Contents of circuit 1:  Circuit: 'sky130_fd_sc_hd__a32o_4'
Circuit sky130_fd_sc_hd__a32o_4 contains 12 device instances.
  Class: sky130_fd_pr__nfet_01v8 instances:   6
  Class: sky130_fd_pr__pfet_01v8_hvt instances:   6
Circuit contains 15 nets.
Contents of circuit 2:  Circuit: 'sky130_fd_sc_hd__a32o_4'
Circuit sky130_fd_sc_hd__a32o_4 contains 12 device instances.
  Class: sky130_fd_pr__nfet_01v8 instances:   6
  Class: sky130_fd_pr__pfet_01v8_hvt instances:   6
Circuit contains 15 nets.

Circuit 1 contains 12 devices, Circuit 2 contains 12 devices.
Circuit 1 contains 15 nets,    Circuit 2 contains 15 nets.


Contents of circuit 1:  Circuit: 'sky130_fd_sc_hd__clkbuf_1'
Circuit sky130_fd_sc_hd__clkbuf_1 contains 4 device instances.
  Class: sky130_fd_pr__nfet_01v8 instances:   2
  Class: sky130_fd_pr__pfet_01v8_hvt instances:   2
Circuit contains 7 nets.
Contents of circuit 2:  Circuit: 'sky130_fd_sc_hd__clkbuf_1'
Circuit sky130_fd_sc_hd__clkbuf_1 contains 4 device instances.
  Class: sky130_fd_pr__nfet_01v8 instances:   2
  Class: sky130_fd_pr__pfet_01v8_hvt instances:   2
Circuit contains 7 nets.

Circuit 1 contains 4 devices, Circuit 2 contains 4 devices.
Circuit 1 contains 7 nets,    Circuit 2 contains 7 nets.


Contents of circuit 1:  Circuit: 'sky130_fd_sc_hd__nand3_2'
Circuit sky130_fd_sc_hd__nand3_2 contains 6 device instances.
  Class: sky130_fd_pr__nfet_01v8 instances:   3
  Class: sky130_fd_pr__pfet_01v8_hvt instances:   3
Circuit contains 10 nets.
Contents of circuit 2:  Circuit: 'sky130_fd_sc_hd__nand3_2'
Circuit sky130_fd_sc_hd__nand3_2 contains 12 device instances.
  Class: sky130_fd_pr__nfet_01v8 instances:   6
  Class: sky130_fd_pr__pfet_01v8_hvt instances:   6
Circuit contains 10 nets.

Circuit was modified by parallel/series device merging.
New circuit summary:

Contents of circuit 1:  Circuit: 'sky130_fd_sc_hd__nand3_2'
Circuit sky130_fd_sc_hd__nand3_2 contains 6 device instances.
  Class: sky130_fd_pr__nfet_01v8 instances:   3
  Class: sky130_fd_pr__pfet_01v8_hvt instances:   3
Circuit contains 10 nets.
Contents of circuit 2:  Circuit: 'sky130_fd_sc_hd__nand3_2'
Circuit sky130_fd_sc_hd__nand3_2 contains 6 device instances.
  Class: sky130_fd_pr__nfet_01v8 instances:   3
  Class: sky130_fd_pr__pfet_01v8_hvt instances:   3
Circuit contains 10 nets.

Circuit 1 contains 6 devices, Circuit 2 contains 6 devices.
Circuit 1 contains 10 nets,    Circuit 2 contains 10 nets.


Contents of circuit 1:  Circuit: 'sky130_fd_sc_hd__o311a_2'
Circuit sky130_fd_sc_hd__o311a_2 contains 12 device instances.
  Class: sky130_fd_pr__nfet_01v8 instances:   6
  Class: sky130_fd_pr__pfet_01v8_hvt instances:   6
Circuit contains 15 nets.
Contents of circuit 2:  Circuit: 'sky130_fd_sc_hd__o311a_2'
Circuit sky130_fd_sc_hd__o311a_2 contains 14 device instances.
  Class: sky130_fd_pr__nfet_01v8 instances:   7
  Class: sky130_fd_pr__pfet_01v8_hvt instances:   7
Circuit contains 15 nets.

Circuit was modified by parallel/series device merging.
New circuit summary:

Contents of circuit 1:  Circuit: 'sky130_fd_sc_hd__o311a_2'
Circuit sky130_fd_sc_hd__o311a_2 contains 12 device instances.
  Class: sky130_fd_pr__nfet_01v8 instances:   6
  Class: sky130_fd_pr__pfet_01v8_hvt instances:   6
Circuit contains 15 nets.
Contents of circuit 2:  Circuit: 'sky130_fd_sc_hd__o311a_2'
Circuit sky130_fd_sc_hd__o311a_2 contains 12 device instances.
  Class: sky130_fd_pr__nfet_01v8 instances:   6
  Class: sky130_fd_pr__pfet_01v8_hvt instances:   6
Circuit contains 15 nets.

Circuit 1 contains 12 devices, Circuit 2 contains 12 devices.
Circuit 1 contains 15 nets,    Circuit 2 contains 15 nets.


Contents of circuit 1:  Circuit: 'sky130_fd_sc_hd__or4b_2'
Circuit sky130_fd_sc_hd__or4b_2 contains 12 device instances.
  Class: sky130_fd_pr__nfet_01v8 instances:   6
  Class: sky130_fd_pr__pfet_01v8_hvt instances:   6
Circuit contains 14 nets.
Contents of circuit 2:  Circuit: 'sky130_fd_sc_hd__or4b_2'
Circuit sky130_fd_sc_hd__or4b_2 contains 14 device instances.
  Class: sky130_fd_pr__nfet_01v8 instances:   7
  Class: sky130_fd_pr__pfet_01v8_hvt instances:   7
Circuit contains 14 nets.

Circuit was modified by parallel/series device merging.
New circuit summary:

Contents of circuit 1:  Circuit: 'sky130_fd_sc_hd__or4b_2'
Circuit sky130_fd_sc_hd__or4b_2 contains 12 device instances.
  Class: sky130_fd_pr__nfet_01v8 instances:   6
  Class: sky130_fd_pr__pfet_01v8_hvt instances:   6
Circuit contains 14 nets.
Contents of circuit 2:  Circuit: 'sky130_fd_sc_hd__or4b_2'
Circuit sky130_fd_sc_hd__or4b_2 contains 12 device instances.
  Class: sky130_fd_pr__nfet_01v8 instances:   6
  Class: sky130_fd_pr__pfet_01v8_hvt instances:   6
Circuit contains 14 nets.

Circuit 1 contains 12 devices, Circuit 2 contains 12 devices.
Circuit 1 contains 14 nets,    Circuit 2 contains 14 nets.


Contents of circuit 1:  Circuit: 'sky130_fd_sc_hd__nand4_2'
Circuit sky130_fd_sc_hd__nand4_2 contains 8 device instances.
  Class: sky130_fd_pr__nfet_01v8 instances:   4
  Class: sky130_fd_pr__pfet_01v8_hvt instances:   4
Circuit contains 12 nets.
Contents of circuit 2:  Circuit: 'sky130_fd_sc_hd__nand4_2'
Circuit sky130_fd_sc_hd__nand4_2 contains 16 device instances.
  Class: sky130_fd_pr__nfet_01v8 instances:   8
  Class: sky130_fd_pr__pfet_01v8_hvt instances:   8
Circuit contains 12 nets.

Circuit was modified by parallel/series device merging.
New circuit summary:

Contents of circuit 1:  Circuit: 'sky130_fd_sc_hd__nand4_2'
Circuit sky130_fd_sc_hd__nand4_2 contains 8 device instances.
  Class: sky130_fd_pr__nfet_01v8 instances:   4
  Class: sky130_fd_pr__pfet_01v8_hvt instances:   4
Circuit contains 12 nets.
Contents of circuit 2:  Circuit: 'sky130_fd_sc_hd__nand4_2'
Circuit sky130_fd_sc_hd__nand4_2 contains 8 device instances.
  Class: sky130_fd_pr__nfet_01v8 instances:   4
  Class: sky130_fd_pr__pfet_01v8_hvt instances:   4
Circuit contains 12 nets.

Circuit 1 contains 8 devices, Circuit 2 contains 8 devices.
Circuit 1 contains 12 nets,    Circuit 2 contains 12 nets.


Contents of circuit 1:  Circuit: 'sky130_fd_sc_hd__nor3b_4'
Circuit sky130_fd_sc_hd__nor3b_4 contains 8 device instances.
  Class: sky130_fd_pr__nfet_01v8 instances:   4
  Class: sky130_fd_pr__pfet_01v8_hvt instances:   4
Circuit contains 11 nets.
Contents of circuit 2:  Circuit: 'sky130_fd_sc_hd__nor3b_4'
Circuit sky130_fd_sc_hd__nor3b_4 contains 26 device instances.
  Class: sky130_fd_pr__nfet_01v8 instances:  13
  Class: sky130_fd_pr__pfet_01v8_hvt instances:  13
Circuit contains 11 nets.

Circuit was modified by parallel/series device merging.
New circuit summary:

Contents of circuit 1:  Circuit: 'sky130_fd_sc_hd__nor3b_4'
Circuit sky130_fd_sc_hd__nor3b_4 contains 8 device instances.
  Class: sky130_fd_pr__nfet_01v8 instances:   4
  Class: sky130_fd_pr__pfet_01v8_hvt instances:   4
Circuit contains 11 nets.
Contents of circuit 2:  Circuit: 'sky130_fd_sc_hd__nor3b_4'
Circuit sky130_fd_sc_hd__nor3b_4 contains 8 device instances.
  Class: sky130_fd_pr__nfet_01v8 instances:   4
  Class: sky130_fd_pr__pfet_01v8_hvt instances:   4
Circuit contains 11 nets.

Circuit 1 contains 8 devices, Circuit 2 contains 8 devices.
Circuit 1 contains 11 nets,    Circuit 2 contains 11 nets.


Contents of circuit 1:  Circuit: 'sky130_fd_sc_hd__a21oi_4'
Circuit sky130_fd_sc_hd__a21oi_4 contains 6 device instances.
  Class: sky130_fd_pr__nfet_01v8 instances:   3
  Class: sky130_fd_pr__pfet_01v8_hvt instances:   3
Circuit contains 10 nets.
Contents of circuit 2:  Circuit: 'sky130_fd_sc_hd__a21oi_4'
Circuit sky130_fd_sc_hd__a21oi_4 contains 24 device instances.
  Class: sky130_fd_pr__nfet_01v8 instances:  12
  Class: sky130_fd_pr__pfet_01v8_hvt instances:  12
Circuit contains 10 nets.

Circuit was modified by parallel/series device merging.
New circuit summary:

Contents of circuit 1:  Circuit: 'sky130_fd_sc_hd__a21oi_4'
Circuit sky130_fd_sc_hd__a21oi_4 contains 6 device instances.
  Class: sky130_fd_pr__nfet_01v8 instances:   3
  Class: sky130_fd_pr__pfet_01v8_hvt instances:   3
Circuit contains 10 nets.
Contents of circuit 2:  Circuit: 'sky130_fd_sc_hd__a21oi_4'
Circuit sky130_fd_sc_hd__a21oi_4 contains 6 device instances.
  Class: sky130_fd_pr__nfet_01v8 instances:   3
  Class: sky130_fd_pr__pfet_01v8_hvt instances:   3
Circuit contains 10 nets.

Circuit 1 contains 6 devices, Circuit 2 contains 6 devices.
Circuit 1 contains 10 nets,    Circuit 2 contains 10 nets.


Contents of circuit 1:  Circuit: 'sky130_fd_sc_hd__clkinv_8'
Circuit sky130_fd_sc_hd__clkinv_8 contains 2 device instances.
  Class: sky130_fd_pr__nfet_01v8 instances:   1
  Class: sky130_fd_pr__pfet_01v8_hvt instances:   1
Circuit contains 6 nets.
Contents of circuit 2:  Circuit: 'sky130_fd_sc_hd__clkinv_8'
Circuit sky130_fd_sc_hd__clkinv_8 contains 20 device instances.
  Class: sky130_fd_pr__nfet_01v8 instances:   8
  Class: sky130_fd_pr__pfet_01v8_hvt instances:  12
Circuit contains 6 nets.

Circuit was modified by parallel/series device merging.
New circuit summary:

Contents of circuit 1:  Circuit: 'sky130_fd_sc_hd__clkinv_8'
Circuit sky130_fd_sc_hd__clkinv_8 contains 2 device instances.
  Class: sky130_fd_pr__nfet_01v8 instances:   1
  Class: sky130_fd_pr__pfet_01v8_hvt instances:   1
Circuit contains 6 nets.
Contents of circuit 2:  Circuit: 'sky130_fd_sc_hd__clkinv_8'
Circuit sky130_fd_sc_hd__clkinv_8 contains 2 device instances.
  Class: sky130_fd_pr__nfet_01v8 instances:   1
  Class: sky130_fd_pr__pfet_01v8_hvt instances:   1
Circuit contains 6 nets.

Circuit 1 contains 2 devices, Circuit 2 contains 2 devices.
Circuit 1 contains 6 nets,    Circuit 2 contains 6 nets.


Contents of circuit 1:  Circuit: 'sky130_fd_sc_hd__clkinv_1'
Circuit sky130_fd_sc_hd__clkinv_1 contains 2 device instances.
  Class: sky130_fd_pr__nfet_01v8 instances:   1
  Class: sky130_fd_pr__pfet_01v8_hvt instances:   1
Circuit contains 6 nets.
Contents of circuit 2:  Circuit: 'sky130_fd_sc_hd__clkinv_1'
Circuit sky130_fd_sc_hd__clkinv_1 contains 3 device instances.
  Class: sky130_fd_pr__nfet_01v8 instances:   1
  Class: sky130_fd_pr__pfet_01v8_hvt instances:   2
Circuit contains 6 nets.

Circuit was modified by parallel/series device merging.
New circuit summary:

Contents of circuit 1:  Circuit: 'sky130_fd_sc_hd__clkinv_1'
Circuit sky130_fd_sc_hd__clkinv_1 contains 2 device instances.
  Class: sky130_fd_pr__nfet_01v8 instances:   1
  Class: sky130_fd_pr__pfet_01v8_hvt instances:   1
Circuit contains 6 nets.
Contents of circuit 2:  Circuit: 'sky130_fd_sc_hd__clkinv_1'
Circuit sky130_fd_sc_hd__clkinv_1 contains 2 device instances.
  Class: sky130_fd_pr__nfet_01v8 instances:   1
  Class: sky130_fd_pr__pfet_01v8_hvt instances:   1
Circuit contains 6 nets.

Circuit 1 contains 2 devices, Circuit 2 contains 2 devices.
Circuit 1 contains 6 nets,    Circuit 2 contains 6 nets.


Contents of circuit 1:  Circuit: 'sky130_fd_sc_hd__a21bo_4'
Circuit sky130_fd_sc_hd__a21bo_4 contains 12 device instances.
  Class: sky130_fd_pr__nfet_01v8 instances:   7
  Class: sky130_fd_pr__pfet_01v8_hvt instances:   5
Circuit contains 13 nets.
Contents of circuit 2:  Circuit: 'sky130_fd_sc_hd__a21bo_4'
Circuit sky130_fd_sc_hd__a21bo_4 contains 22 device instances.
  Class: sky130_fd_pr__nfet_01v8 instances:  11
  Class: sky130_fd_pr__pfet_01v8_hvt instances:  11
Circuit contains 13 nets.

Circuit was modified by parallel/series device merging.
New circuit summary:

Contents of circuit 1:  Circuit: 'sky130_fd_sc_hd__a21bo_4'
Circuit sky130_fd_sc_hd__a21bo_4 contains 12 device instances.
  Class: sky130_fd_pr__nfet_01v8 instances:   7
  Class: sky130_fd_pr__pfet_01v8_hvt instances:   5
Circuit contains 13 nets.
Contents of circuit 2:  Circuit: 'sky130_fd_sc_hd__a21bo_4'
Circuit sky130_fd_sc_hd__a21bo_4 contains 12 device instances.
  Class: sky130_fd_pr__nfet_01v8 instances:   7
  Class: sky130_fd_pr__pfet_01v8_hvt instances:   5
Circuit contains 13 nets.

Circuit 1 contains 12 devices, Circuit 2 contains 12 devices.
Circuit 1 contains 13 nets,    Circuit 2 contains 13 nets.


Contents of circuit 1:  Circuit: 'sky130_fd_sc_hd__or4_4'
Circuit sky130_fd_sc_hd__or4_4 contains 10 device instances.
  Class: sky130_fd_pr__nfet_01v8 instances:   5
  Class: sky130_fd_pr__pfet_01v8_hvt instances:   5
Circuit contains 13 nets.
Contents of circuit 2:  Circuit: 'sky130_fd_sc_hd__or4_4'
Circuit sky130_fd_sc_hd__or4_4 contains 16 device instances.
  Class: sky130_fd_pr__nfet_01v8 instances:   8
  Class: sky130_fd_pr__pfet_01v8_hvt instances:   8
Circuit contains 13 nets.

Circuit was modified by parallel/series device merging.
New circuit summary:

Contents of circuit 1:  Circuit: 'sky130_fd_sc_hd__or4_4'
Circuit sky130_fd_sc_hd__or4_4 contains 10 device instances.
  Class: sky130_fd_pr__nfet_01v8 instances:   5
  Class: sky130_fd_pr__pfet_01v8_hvt instances:   5
Circuit contains 13 nets.
Contents of circuit 2:  Circuit: 'sky130_fd_sc_hd__or4_4'
Circuit sky130_fd_sc_hd__or4_4 contains 10 device instances.
  Class: sky130_fd_pr__nfet_01v8 instances:   5
  Class: sky130_fd_pr__pfet_01v8_hvt instances:   5
Circuit contains 13 nets.

Circuit 1 contains 10 devices, Circuit 2 contains 10 devices.
Circuit 1 contains 13 nets,    Circuit 2 contains 13 nets.


Contents of circuit 1:  Circuit: 'sky130_fd_sc_hd__a31o_4'
Circuit sky130_fd_sc_hd__a31o_4 contains 13 device instances.
  Class: sky130_fd_pr__nfet_01v8 instances:   8
  Class: sky130_fd_pr__pfet_01v8_hvt instances:   5
Circuit contains 15 nets.
Contents of circuit 2:  Circuit: 'sky130_fd_sc_hd__a31o_4'
Circuit sky130_fd_sc_hd__a31o_4 contains 24 device instances.
  Class: sky130_fd_pr__nfet_01v8 instances:  12
  Class: sky130_fd_pr__pfet_01v8_hvt instances:  12
Circuit contains 15 nets.

Circuit was modified by parallel/series device merging.
New circuit summary:

Contents of circuit 1:  Circuit: 'sky130_fd_sc_hd__a31o_4'
Circuit sky130_fd_sc_hd__a31o_4 contains 13 device instances.
  Class: sky130_fd_pr__nfet_01v8 instances:   8
  Class: sky130_fd_pr__pfet_01v8_hvt instances:   5
Circuit contains 15 nets.
Contents of circuit 2:  Circuit: 'sky130_fd_sc_hd__a31o_4'
Circuit sky130_fd_sc_hd__a31o_4 contains 13 device instances.
  Class: sky130_fd_pr__nfet_01v8 instances:   8
  Class: sky130_fd_pr__pfet_01v8_hvt instances:   5
Circuit contains 15 nets.

Circuit 1 contains 13 devices, Circuit 2 contains 13 devices.
Circuit 1 contains 15 nets,    Circuit 2 contains 15 nets.


Contents of circuit 1:  Circuit: 'sky130_fd_sc_hd__a32o_2'
Circuit sky130_fd_sc_hd__a32o_2 contains 12 device instances.
  Class: sky130_fd_pr__nfet_01v8 instances:   6
  Class: sky130_fd_pr__pfet_01v8_hvt instances:   6
Circuit contains 15 nets.
Contents of circuit 2:  Circuit: 'sky130_fd_sc_hd__a32o_2'
Circuit sky130_fd_sc_hd__a32o_2 contains 14 device instances.
  Class: sky130_fd_pr__nfet_01v8 instances:   7
  Class: sky130_fd_pr__pfet_01v8_hvt instances:   7
Circuit contains 15 nets.

Circuit was modified by parallel/series device merging.
New circuit summary:

Contents of circuit 1:  Circuit: 'sky130_fd_sc_hd__a32o_2'
Circuit sky130_fd_sc_hd__a32o_2 contains 12 device instances.
  Class: sky130_fd_pr__nfet_01v8 instances:   6
  Class: sky130_fd_pr__pfet_01v8_hvt instances:   6
Circuit contains 15 nets.
Contents of circuit 2:  Circuit: 'sky130_fd_sc_hd__a32o_2'
Circuit sky130_fd_sc_hd__a32o_2 contains 12 device instances.
  Class: sky130_fd_pr__nfet_01v8 instances:   6
  Class: sky130_fd_pr__pfet_01v8_hvt instances:   6
Circuit contains 15 nets.

Circuit 1 contains 12 devices, Circuit 2 contains 12 devices.
Circuit 1 contains 15 nets,    Circuit 2 contains 15 nets.


Contents of circuit 1:  Circuit: 'sky130_fd_sc_hd__o21ba_2'
Circuit sky130_fd_sc_hd__o21ba_2 contains 10 device instances.
  Class: sky130_fd_pr__nfet_01v8 instances:   5
  Class: sky130_fd_pr__pfet_01v8_hvt instances:   5
Circuit contains 12 nets.
Contents of circuit 2:  Circuit: 'sky130_fd_sc_hd__o21ba_2'
Circuit sky130_fd_sc_hd__o21ba_2 contains 12 device instances.
  Class: sky130_fd_pr__nfet_01v8 instances:   6
  Class: sky130_fd_pr__pfet_01v8_hvt instances:   6
Circuit contains 12 nets.

Circuit was modified by parallel/series device merging.
New circuit summary:

Contents of circuit 1:  Circuit: 'sky130_fd_sc_hd__o21ba_2'
Circuit sky130_fd_sc_hd__o21ba_2 contains 10 device instances.
  Class: sky130_fd_pr__nfet_01v8 instances:   5
  Class: sky130_fd_pr__pfet_01v8_hvt instances:   5
Circuit contains 12 nets.
Contents of circuit 2:  Circuit: 'sky130_fd_sc_hd__o21ba_2'
Circuit sky130_fd_sc_hd__o21ba_2 contains 10 device instances.
  Class: sky130_fd_pr__nfet_01v8 instances:   5
  Class: sky130_fd_pr__pfet_01v8_hvt instances:   5
Circuit contains 12 nets.

Circuit 1 contains 10 devices, Circuit 2 contains 10 devices.
Circuit 1 contains 12 nets,    Circuit 2 contains 12 nets.


Contents of circuit 1:  Circuit: 'sky130_fd_sc_hd__nand2b_4'
Circuit sky130_fd_sc_hd__nand2b_4 contains 6 device instances.
  Class: sky130_fd_pr__nfet_01v8 instances:   3
  Class: sky130_fd_pr__pfet_01v8_hvt instances:   3
Circuit contains 9 nets.
Contents of circuit 2:  Circuit: 'sky130_fd_sc_hd__nand2b_4'
Circuit sky130_fd_sc_hd__nand2b_4 contains 18 device instances.
  Class: sky130_fd_pr__nfet_01v8 instances:   9
  Class: sky130_fd_pr__pfet_01v8_hvt instances:   9
Circuit contains 9 nets.

Circuit was modified by parallel/series device merging.
New circuit summary:

Contents of circuit 1:  Circuit: 'sky130_fd_sc_hd__nand2b_4'
Circuit sky130_fd_sc_hd__nand2b_4 contains 6 device instances.
  Class: sky130_fd_pr__nfet_01v8 instances:   3
  Class: sky130_fd_pr__pfet_01v8_hvt instances:   3
Circuit contains 9 nets.
Contents of circuit 2:  Circuit: 'sky130_fd_sc_hd__nand2b_4'
Circuit sky130_fd_sc_hd__nand2b_4 contains 6 device instances.
  Class: sky130_fd_pr__nfet_01v8 instances:   3
  Class: sky130_fd_pr__pfet_01v8_hvt instances:   3
Circuit contains 9 nets.

Circuit 1 contains 6 devices, Circuit 2 contains 6 devices.
Circuit 1 contains 9 nets,    Circuit 2 contains 9 nets.


Contents of circuit 1:  Circuit: 'sky130_fd_sc_hd__a311o_1'
Circuit sky130_fd_sc_hd__a311o_1 contains 12 device instances.
  Class: sky130_fd_pr__nfet_01v8 instances:   6
  Class: sky130_fd_pr__pfet_01v8_hvt instances:   6
Circuit contains 15 nets.
Contents of circuit 2:  Circuit: 'sky130_fd_sc_hd__a311o_1'
Circuit sky130_fd_sc_hd__a311o_1 contains 12 device instances.
  Class: sky130_fd_pr__nfet_01v8 instances:   6
  Class: sky130_fd_pr__pfet_01v8_hvt instances:   6
Circuit contains 15 nets.

Circuit 1 contains 12 devices, Circuit 2 contains 12 devices.
Circuit 1 contains 15 nets,    Circuit 2 contains 15 nets.


Contents of circuit 1:  Circuit: 'sky130_fd_sc_hd__inv_16'
Circuit sky130_fd_sc_hd__inv_16 contains 2 device instances.
  Class: sky130_fd_pr__nfet_01v8 instances:   1
  Class: sky130_fd_pr__pfet_01v8_hvt instances:   1
Circuit contains 6 nets.
Contents of circuit 2:  Circuit: 'sky130_fd_sc_hd__inv_16'
Circuit sky130_fd_sc_hd__inv_16 contains 32 device instances.
  Class: sky130_fd_pr__nfet_01v8 instances:  16
  Class: sky130_fd_pr__pfet_01v8_hvt instances:  16
Circuit contains 6 nets.

Circuit was modified by parallel/series device merging.
New circuit summary:

Contents of circuit 1:  Circuit: 'sky130_fd_sc_hd__inv_16'
Circuit sky130_fd_sc_hd__inv_16 contains 2 device instances.
  Class: sky130_fd_pr__nfet_01v8 instances:   1
  Class: sky130_fd_pr__pfet_01v8_hvt instances:   1
Circuit contains 6 nets.
Contents of circuit 2:  Circuit: 'sky130_fd_sc_hd__inv_16'
Circuit sky130_fd_sc_hd__inv_16 contains 2 device instances.
  Class: sky130_fd_pr__nfet_01v8 instances:   1
  Class: sky130_fd_pr__pfet_01v8_hvt instances:   1
Circuit contains 6 nets.

Circuit 1 contains 2 devices, Circuit 2 contains 2 devices.
Circuit 1 contains 6 nets,    Circuit 2 contains 6 nets.


Contents of circuit 1:  Circuit: 'sky130_fd_sc_hd__a31oi_1'
Circuit sky130_fd_sc_hd__a31oi_1 contains 8 device instances.
  Class: sky130_fd_pr__nfet_01v8 instances:   4
  Class: sky130_fd_pr__pfet_01v8_hvt instances:   4
Circuit contains 12 nets.
Contents of circuit 2:  Circuit: 'sky130_fd_sc_hd__a31oi_1'
Circuit sky130_fd_sc_hd__a31oi_1 contains 8 device instances.
  Class: sky130_fd_pr__nfet_01v8 instances:   4
  Class: sky130_fd_pr__pfet_01v8_hvt instances:   4
Circuit contains 12 nets.

Circuit 1 contains 8 devices, Circuit 2 contains 8 devices.
Circuit 1 contains 12 nets,    Circuit 2 contains 12 nets.


Contents of circuit 1:  Circuit: 'sky130_fd_sc_hd__or3b_2'
Circuit sky130_fd_sc_hd__or3b_2 contains 10 device instances.
  Class: sky130_fd_pr__nfet_01v8 instances:   5
  Class: sky130_fd_pr__pfet_01v8_hvt instances:   5
Circuit contains 12 nets.
Contents of circuit 2:  Circuit: 'sky130_fd_sc_hd__or3b_2'
Circuit sky130_fd_sc_hd__or3b_2 contains 12 device instances.
  Class: sky130_fd_pr__nfet_01v8 instances:   6
  Class: sky130_fd_pr__pfet_01v8_hvt instances:   6
Circuit contains 12 nets.

Circuit was modified by parallel/series device merging.
New circuit summary:

Contents of circuit 1:  Circuit: 'sky130_fd_sc_hd__or3b_2'
Circuit sky130_fd_sc_hd__or3b_2 contains 10 device instances.
  Class: sky130_fd_pr__nfet_01v8 instances:   5
  Class: sky130_fd_pr__pfet_01v8_hvt instances:   5
Circuit contains 12 nets.
Contents of circuit 2:  Circuit: 'sky130_fd_sc_hd__or3b_2'
Circuit sky130_fd_sc_hd__or3b_2 contains 10 device instances.
  Class: sky130_fd_pr__nfet_01v8 instances:   5
  Class: sky130_fd_pr__pfet_01v8_hvt instances:   5
Circuit contains 12 nets.

Circuit 1 contains 10 devices, Circuit 2 contains 10 devices.
Circuit 1 contains 12 nets,    Circuit 2 contains 12 nets.


Contents of circuit 1:  Circuit: 'sky130_fd_sc_hd__o211ai_2'
Circuit sky130_fd_sc_hd__o211ai_2 contains 8 device instances.
  Class: sky130_fd_pr__nfet_01v8 instances:   4
  Class: sky130_fd_pr__pfet_01v8_hvt instances:   4
Circuit contains 12 nets.
Contents of circuit 2:  Circuit: 'sky130_fd_sc_hd__o211ai_2'
Circuit sky130_fd_sc_hd__o211ai_2 contains 16 device instances.
  Class: sky130_fd_pr__nfet_01v8 instances:   8
  Class: sky130_fd_pr__pfet_01v8_hvt instances:   8
Circuit contains 12 nets.

Circuit was modified by parallel/series device merging.
New circuit summary:

Contents of circuit 1:  Circuit: 'sky130_fd_sc_hd__o211ai_2'
Circuit sky130_fd_sc_hd__o211ai_2 contains 8 device instances.
  Class: sky130_fd_pr__nfet_01v8 instances:   4
  Class: sky130_fd_pr__pfet_01v8_hvt instances:   4
Circuit contains 12 nets.
Contents of circuit 2:  Circuit: 'sky130_fd_sc_hd__o211ai_2'
Circuit sky130_fd_sc_hd__o211ai_2 contains 8 device instances.
  Class: sky130_fd_pr__nfet_01v8 instances:   4
  Class: sky130_fd_pr__pfet_01v8_hvt instances:   4
Circuit contains 12 nets.

Circuit 1 contains 8 devices, Circuit 2 contains 8 devices.
Circuit 1 contains 12 nets,    Circuit 2 contains 12 nets.


Contents of circuit 1:  Circuit: 'sky130_fd_sc_hd__clkinv_16'
Circuit sky130_fd_sc_hd__clkinv_16 contains 2 device instances.
  Class: sky130_fd_pr__nfet_01v8 instances:   1
  Class: sky130_fd_pr__pfet_01v8_hvt instances:   1
Circuit contains 6 nets.
Contents of circuit 2:  Circuit: 'sky130_fd_sc_hd__clkinv_16'
Circuit sky130_fd_sc_hd__clkinv_16 contains 40 device instances.
  Class: sky130_fd_pr__nfet_01v8 instances:  16
  Class: sky130_fd_pr__pfet_01v8_hvt instances:  24
Circuit contains 6 nets.

Circuit was modified by parallel/series device merging.
New circuit summary:

Contents of circuit 1:  Circuit: 'sky130_fd_sc_hd__clkinv_16'
Circuit sky130_fd_sc_hd__clkinv_16 contains 2 device instances.
  Class: sky130_fd_pr__nfet_01v8 instances:   1
  Class: sky130_fd_pr__pfet_01v8_hvt instances:   1
Circuit contains 6 nets.
Contents of circuit 2:  Circuit: 'sky130_fd_sc_hd__clkinv_16'
Circuit sky130_fd_sc_hd__clkinv_16 contains 2 device instances.
  Class: sky130_fd_pr__nfet_01v8 instances:   1
  Class: sky130_fd_pr__pfet_01v8_hvt instances:   1
Circuit contains 6 nets.

Circuit 1 contains 2 devices, Circuit 2 contains 2 devices.
Circuit 1 contains 6 nets,    Circuit 2 contains 6 nets.


Contents of circuit 1:  Circuit: 'sky130_fd_sc_hd__and2b_2'
Circuit sky130_fd_sc_hd__and2b_2 contains 8 device instances.
  Class: sky130_fd_pr__nfet_01v8 instances:   4
  Class: sky130_fd_pr__pfet_01v8_hvt instances:   4
Circuit contains 10 nets.
Contents of circuit 2:  Circuit: 'sky130_fd_sc_hd__and2b_2'
Circuit sky130_fd_sc_hd__and2b_2 contains 10 device instances.
  Class: sky130_fd_pr__nfet_01v8 instances:   5
  Class: sky130_fd_pr__pfet_01v8_hvt instances:   5
Circuit contains 10 nets.

Circuit was modified by parallel/series device merging.
New circuit summary:

Contents of circuit 1:  Circuit: 'sky130_fd_sc_hd__and2b_2'
Circuit sky130_fd_sc_hd__and2b_2 contains 8 device instances.
  Class: sky130_fd_pr__nfet_01v8 instances:   4
  Class: sky130_fd_pr__pfet_01v8_hvt instances:   4
Circuit contains 10 nets.
Contents of circuit 2:  Circuit: 'sky130_fd_sc_hd__and2b_2'
Circuit sky130_fd_sc_hd__and2b_2 contains 8 device instances.
  Class: sky130_fd_pr__nfet_01v8 instances:   4
  Class: sky130_fd_pr__pfet_01v8_hvt instances:   4
Circuit contains 10 nets.

Circuit 1 contains 8 devices, Circuit 2 contains 8 devices.
Circuit 1 contains 10 nets,    Circuit 2 contains 10 nets.


Contents of circuit 1:  Circuit: 'sky130_fd_sc_hd__and4_4'
Circuit sky130_fd_sc_hd__and4_4 contains 10 device instances.
  Class: sky130_fd_pr__nfet_01v8 instances:   5
  Class: sky130_fd_pr__pfet_01v8_hvt instances:   5
Circuit contains 13 nets.
Contents of circuit 2:  Circuit: 'sky130_fd_sc_hd__and4_4'
Circuit sky130_fd_sc_hd__and4_4 contains 16 device instances.
  Class: sky130_fd_pr__nfet_01v8 instances:   8
  Class: sky130_fd_pr__pfet_01v8_hvt instances:   8
Circuit contains 13 nets.

Circuit was modified by parallel/series device merging.
New circuit summary:

Contents of circuit 1:  Circuit: 'sky130_fd_sc_hd__and4_4'
Circuit sky130_fd_sc_hd__and4_4 contains 10 device instances.
  Class: sky130_fd_pr__nfet_01v8 instances:   5
  Class: sky130_fd_pr__pfet_01v8_hvt instances:   5
Circuit contains 13 nets.
Contents of circuit 2:  Circuit: 'sky130_fd_sc_hd__and4_4'
Circuit sky130_fd_sc_hd__and4_4 contains 10 device instances.
  Class: sky130_fd_pr__nfet_01v8 instances:   5
  Class: sky130_fd_pr__pfet_01v8_hvt instances:   5
Circuit contains 13 nets.

Circuit 1 contains 10 devices, Circuit 2 contains 10 devices.
Circuit 1 contains 13 nets,    Circuit 2 contains 13 nets.


Contents of circuit 1:  Circuit: 'sky130_fd_sc_hd__o211a_2'
Circuit sky130_fd_sc_hd__o211a_2 contains 10 device instances.
  Class: sky130_fd_pr__nfet_01v8 instances:   5
  Class: sky130_fd_pr__pfet_01v8_hvt instances:   5
Circuit contains 13 nets.
Contents of circuit 2:  Circuit: 'sky130_fd_sc_hd__o211a_2'
Circuit sky130_fd_sc_hd__o211a_2 contains 12 device instances.
  Class: sky130_fd_pr__nfet_01v8 instances:   6
  Class: sky130_fd_pr__pfet_01v8_hvt instances:   6
Circuit contains 13 nets.

Circuit was modified by parallel/series device merging.
New circuit summary:

Contents of circuit 1:  Circuit: 'sky130_fd_sc_hd__o211a_2'
Circuit sky130_fd_sc_hd__o211a_2 contains 10 device instances.
  Class: sky130_fd_pr__nfet_01v8 instances:   5
  Class: sky130_fd_pr__pfet_01v8_hvt instances:   5
Circuit contains 13 nets.
Contents of circuit 2:  Circuit: 'sky130_fd_sc_hd__o211a_2'
Circuit sky130_fd_sc_hd__o211a_2 contains 10 device instances.
  Class: sky130_fd_pr__nfet_01v8 instances:   5
  Class: sky130_fd_pr__pfet_01v8_hvt instances:   5
Circuit contains 13 nets.

Circuit 1 contains 10 devices, Circuit 2 contains 10 devices.
Circuit 1 contains 13 nets,    Circuit 2 contains 13 nets.


Contents of circuit 1:  Circuit: 'sky130_fd_sc_hd__a2bb2o_1'
Circuit sky130_fd_sc_hd__a2bb2o_1 contains 12 device instances.
  Class: sky130_fd_pr__nfet_01v8 instances:   6
  Class: sky130_fd_pr__pfet_01v8_hvt instances:   6
Circuit contains 14 nets.
Contents of circuit 2:  Circuit: 'sky130_fd_sc_hd__a2bb2o_1'
Circuit sky130_fd_sc_hd__a2bb2o_1 contains 12 device instances.
  Class: sky130_fd_pr__nfet_01v8 instances:   6
  Class: sky130_fd_pr__pfet_01v8_hvt instances:   6
Circuit contains 14 nets.

Circuit 1 contains 12 devices, Circuit 2 contains 12 devices.
Circuit 1 contains 14 nets,    Circuit 2 contains 14 nets.


Contents of circuit 1:  Circuit: 'sky130_fd_sc_hd__o2111a_1'
Circuit sky130_fd_sc_hd__o2111a_1 contains 12 device instances.
  Class: sky130_fd_pr__nfet_01v8 instances:   6
  Class: sky130_fd_pr__pfet_01v8_hvt instances:   6
Circuit contains 15 nets.
Contents of circuit 2:  Circuit: 'sky130_fd_sc_hd__o2111a_1'
Circuit sky130_fd_sc_hd__o2111a_1 contains 12 device instances.
  Class: sky130_fd_pr__nfet_01v8 instances:   6
  Class: sky130_fd_pr__pfet_01v8_hvt instances:   6
Circuit contains 15 nets.

Circuit 1 contains 12 devices, Circuit 2 contains 12 devices.
Circuit 1 contains 15 nets,    Circuit 2 contains 15 nets.


Contents of circuit 1:  Circuit: 'sky130_fd_sc_hd__nand3b_4'
Circuit sky130_fd_sc_hd__nand3b_4 contains 8 device instances.
  Class: sky130_fd_pr__nfet_01v8 instances:   4
  Class: sky130_fd_pr__pfet_01v8_hvt instances:   4
Circuit contains 11 nets.
Contents of circuit 2:  Circuit: 'sky130_fd_sc_hd__nand3b_4'
Circuit sky130_fd_sc_hd__nand3b_4 contains 26 device instances.
  Class: sky130_fd_pr__nfet_01v8 instances:  13
  Class: sky130_fd_pr__pfet_01v8_hvt instances:  13
Circuit contains 11 nets.

Circuit was modified by parallel/series device merging.
New circuit summary:

Contents of circuit 1:  Circuit: 'sky130_fd_sc_hd__nand3b_4'
Circuit sky130_fd_sc_hd__nand3b_4 contains 8 device instances.
  Class: sky130_fd_pr__nfet_01v8 instances:   4
  Class: sky130_fd_pr__pfet_01v8_hvt instances:   4
Circuit contains 11 nets.
Contents of circuit 2:  Circuit: 'sky130_fd_sc_hd__nand3b_4'
Circuit sky130_fd_sc_hd__nand3b_4 contains 8 device instances.
  Class: sky130_fd_pr__nfet_01v8 instances:   4
  Class: sky130_fd_pr__pfet_01v8_hvt instances:   4
Circuit contains 11 nets.

Circuit 1 contains 8 devices, Circuit 2 contains 8 devices.
Circuit 1 contains 11 nets,    Circuit 2 contains 11 nets.


Contents of circuit 1:  Circuit: 'sky130_fd_sc_hd__o32a_2'
Circuit sky130_fd_sc_hd__o32a_2 contains 12 device instances.
  Class: sky130_fd_pr__nfet_01v8 instances:   6
  Class: sky130_fd_pr__pfet_01v8_hvt instances:   6
Circuit contains 15 nets.
Contents of circuit 2:  Circuit: 'sky130_fd_sc_hd__o32a_2'
Circuit sky130_fd_sc_hd__o32a_2 contains 14 device instances.
  Class: sky130_fd_pr__nfet_01v8 instances:   7
  Class: sky130_fd_pr__pfet_01v8_hvt instances:   7
Circuit contains 15 nets.

Circuit was modified by parallel/series device merging.
New circuit summary:

Contents of circuit 1:  Circuit: 'sky130_fd_sc_hd__o32a_2'
Circuit sky130_fd_sc_hd__o32a_2 contains 12 device instances.
  Class: sky130_fd_pr__nfet_01v8 instances:   6
  Class: sky130_fd_pr__pfet_01v8_hvt instances:   6
Circuit contains 15 nets.
Contents of circuit 2:  Circuit: 'sky130_fd_sc_hd__o32a_2'
Circuit sky130_fd_sc_hd__o32a_2 contains 12 device instances.
  Class: sky130_fd_pr__nfet_01v8 instances:   6
  Class: sky130_fd_pr__pfet_01v8_hvt instances:   6
Circuit contains 15 nets.

Circuit 1 contains 12 devices, Circuit 2 contains 12 devices.
Circuit 1 contains 15 nets,    Circuit 2 contains 15 nets.


Contents of circuit 1:  Circuit: 'sky130_fd_sc_hd__a41o_1'
Circuit sky130_fd_sc_hd__a41o_1 contains 12 device instances.
  Class: sky130_fd_pr__nfet_01v8 instances:   6
  Class: sky130_fd_pr__pfet_01v8_hvt instances:   6
Circuit contains 15 nets.
Contents of circuit 2:  Circuit: 'sky130_fd_sc_hd__a41o_1'
Circuit sky130_fd_sc_hd__a41o_1 contains 12 device instances.
  Class: sky130_fd_pr__nfet_01v8 instances:   6
  Class: sky130_fd_pr__pfet_01v8_hvt instances:   6
Circuit contains 15 nets.

Circuit 1 contains 12 devices, Circuit 2 contains 12 devices.
Circuit 1 contains 15 nets,    Circuit 2 contains 15 nets.


Contents of circuit 1:  Circuit: 'sky130_fd_sc_hd__buf_4'
Circuit sky130_fd_sc_hd__buf_4 contains 4 device instances.
  Class: sky130_fd_pr__nfet_01v8 instances:   2
  Class: sky130_fd_pr__pfet_01v8_hvt instances:   2
Circuit contains 7 nets.
Contents of circuit 2:  Circuit: 'sky130_fd_sc_hd__buf_4'
Circuit sky130_fd_sc_hd__buf_4 contains 10 device instances.
  Class: sky130_fd_pr__nfet_01v8 instances:   5
  Class: sky130_fd_pr__pfet_01v8_hvt instances:   5
Circuit contains 7 nets.

Circuit was modified by parallel/series device merging.
New circuit summary:

Contents of circuit 1:  Circuit: 'sky130_fd_sc_hd__buf_4'
Circuit sky130_fd_sc_hd__buf_4 contains 4 device instances.
  Class: sky130_fd_pr__nfet_01v8 instances:   2
  Class: sky130_fd_pr__pfet_01v8_hvt instances:   2
Circuit contains 7 nets.
Contents of circuit 2:  Circuit: 'sky130_fd_sc_hd__buf_4'
Circuit sky130_fd_sc_hd__buf_4 contains 4 device instances.
  Class: sky130_fd_pr__nfet_01v8 instances:   2
  Class: sky130_fd_pr__pfet_01v8_hvt instances:   2
Circuit contains 7 nets.

Circuit 1 contains 4 devices, Circuit 2 contains 4 devices.
Circuit 1 contains 7 nets,    Circuit 2 contains 7 nets.


Contents of circuit 1:  Circuit: 'sky130_fd_sc_hd__o2bb2a_1'
Circuit sky130_fd_sc_hd__o2bb2a_1 contains 12 device instances.
  Class: sky130_fd_pr__nfet_01v8 instances:   6
  Class: sky130_fd_pr__pfet_01v8_hvt instances:   6
Circuit contains 14 nets.
Contents of circuit 2:  Circuit: 'sky130_fd_sc_hd__o2bb2a_1'
Circuit sky130_fd_sc_hd__o2bb2a_1 contains 12 device instances.
  Class: sky130_fd_pr__nfet_01v8 instances:   6
  Class: sky130_fd_pr__pfet_01v8_hvt instances:   6
Circuit contains 14 nets.

Circuit 1 contains 12 devices, Circuit 2 contains 12 devices.
Circuit 1 contains 14 nets,    Circuit 2 contains 14 nets.


Contents of circuit 1:  Circuit: 'sky130_fd_sc_hd__a311o_2'
Circuit sky130_fd_sc_hd__a311o_2 contains 12 device instances.
  Class: sky130_fd_pr__nfet_01v8 instances:   6
  Class: sky130_fd_pr__pfet_01v8_hvt instances:   6
Circuit contains 15 nets.
Contents of circuit 2:  Circuit: 'sky130_fd_sc_hd__a311o_2'
Circuit sky130_fd_sc_hd__a311o_2 contains 14 device instances.
  Class: sky130_fd_pr__nfet_01v8 instances:   7
  Class: sky130_fd_pr__pfet_01v8_hvt instances:   7
Circuit contains 15 nets.

Circuit was modified by parallel/series device merging.
New circuit summary:

Contents of circuit 1:  Circuit: 'sky130_fd_sc_hd__a311o_2'
Circuit sky130_fd_sc_hd__a311o_2 contains 12 device instances.
  Class: sky130_fd_pr__nfet_01v8 instances:   6
  Class: sky130_fd_pr__pfet_01v8_hvt instances:   6
Circuit contains 15 nets.
Contents of circuit 2:  Circuit: 'sky130_fd_sc_hd__a311o_2'
Circuit sky130_fd_sc_hd__a311o_2 contains 12 device instances.
  Class: sky130_fd_pr__nfet_01v8 instances:   6
  Class: sky130_fd_pr__pfet_01v8_hvt instances:   6
Circuit contains 15 nets.

Circuit 1 contains 12 devices, Circuit 2 contains 12 devices.
Circuit 1 contains 15 nets,    Circuit 2 contains 15 nets.


Contents of circuit 1:  Circuit: 'sky130_fd_sc_hd__a31o_2'
Circuit sky130_fd_sc_hd__a31o_2 contains 10 device instances.
  Class: sky130_fd_pr__nfet_01v8 instances:   5
  Class: sky130_fd_pr__pfet_01v8_hvt instances:   5
Circuit contains 13 nets.
Contents of circuit 2:  Circuit: 'sky130_fd_sc_hd__a31o_2'
Circuit sky130_fd_sc_hd__a31o_2 contains 12 device instances.
  Class: sky130_fd_pr__nfet_01v8 instances:   6
  Class: sky130_fd_pr__pfet_01v8_hvt instances:   6
Circuit contains 13 nets.

Circuit was modified by parallel/series device merging.
New circuit summary:

Contents of circuit 1:  Circuit: 'sky130_fd_sc_hd__a31o_2'
Circuit sky130_fd_sc_hd__a31o_2 contains 10 device instances.
  Class: sky130_fd_pr__nfet_01v8 instances:   5
  Class: sky130_fd_pr__pfet_01v8_hvt instances:   5
Circuit contains 13 nets.
Contents of circuit 2:  Circuit: 'sky130_fd_sc_hd__a31o_2'
Circuit sky130_fd_sc_hd__a31o_2 contains 10 device instances.
  Class: sky130_fd_pr__nfet_01v8 instances:   5
  Class: sky130_fd_pr__pfet_01v8_hvt instances:   5
Circuit contains 13 nets.

Circuit 1 contains 10 devices, Circuit 2 contains 10 devices.
Circuit 1 contains 13 nets,    Circuit 2 contains 13 nets.


Contents of circuit 1:  Circuit: 'sky130_fd_sc_hd__a22oi_1'
Circuit sky130_fd_sc_hd__a22oi_1 contains 8 device instances.
  Class: sky130_fd_pr__nfet_01v8 instances:   4
  Class: sky130_fd_pr__pfet_01v8_hvt instances:   4
Circuit contains 12 nets.
Contents of circuit 2:  Circuit: 'sky130_fd_sc_hd__a22oi_1'
Circuit sky130_fd_sc_hd__a22oi_1 contains 8 device instances.
  Class: sky130_fd_pr__nfet_01v8 instances:   4
  Class: sky130_fd_pr__pfet_01v8_hvt instances:   4
Circuit contains 12 nets.

Circuit 1 contains 8 devices, Circuit 2 contains 8 devices.
Circuit 1 contains 12 nets,    Circuit 2 contains 12 nets.


Contents of circuit 1:  Circuit: 'sky130_fd_sc_hd__o22ai_1'
Circuit sky130_fd_sc_hd__o22ai_1 contains 8 device instances.
  Class: sky130_fd_pr__nfet_01v8 instances:   4
  Class: sky130_fd_pr__pfet_01v8_hvt instances:   4
Circuit contains 12 nets.
Contents of circuit 2:  Circuit: 'sky130_fd_sc_hd__o22ai_1'
Circuit sky130_fd_sc_hd__o22ai_1 contains 8 device instances.
  Class: sky130_fd_pr__nfet_01v8 instances:   4
  Class: sky130_fd_pr__pfet_01v8_hvt instances:   4
Circuit contains 12 nets.

Circuit 1 contains 8 devices, Circuit 2 contains 8 devices.
Circuit 1 contains 12 nets,    Circuit 2 contains 12 nets.


Contents of circuit 1:  Circuit: 'sky130_fd_sc_hd__a31oi_2'
Circuit sky130_fd_sc_hd__a31oi_2 contains 8 device instances.
  Class: sky130_fd_pr__nfet_01v8 instances:   4
  Class: sky130_fd_pr__pfet_01v8_hvt instances:   4
Circuit contains 12 nets.
Contents of circuit 2:  Circuit: 'sky130_fd_sc_hd__a31oi_2'
Circuit sky130_fd_sc_hd__a31oi_2 contains 16 device instances.
  Class: sky130_fd_pr__nfet_01v8 instances:   8
  Class: sky130_fd_pr__pfet_01v8_hvt instances:   8
Circuit contains 12 nets.

Circuit was modified by parallel/series device merging.
New circuit summary:

Contents of circuit 1:  Circuit: 'sky130_fd_sc_hd__a31oi_2'
Circuit sky130_fd_sc_hd__a31oi_2 contains 8 device instances.
  Class: sky130_fd_pr__nfet_01v8 instances:   4
  Class: sky130_fd_pr__pfet_01v8_hvt instances:   4
Circuit contains 12 nets.
Contents of circuit 2:  Circuit: 'sky130_fd_sc_hd__a31oi_2'
Circuit sky130_fd_sc_hd__a31oi_2 contains 8 device instances.
  Class: sky130_fd_pr__nfet_01v8 instances:   4
  Class: sky130_fd_pr__pfet_01v8_hvt instances:   4
Circuit contains 12 nets.

Circuit 1 contains 8 devices, Circuit 2 contains 8 devices.
Circuit 1 contains 12 nets,    Circuit 2 contains 12 nets.


Contents of circuit 1:  Circuit: 'sky130_fd_sc_hd__and4bb_1'
Circuit sky130_fd_sc_hd__and4bb_1 contains 14 device instances.
  Class: sky130_fd_pr__nfet_01v8 instances:   7
  Class: sky130_fd_pr__pfet_01v8_hvt instances:   7
Circuit contains 15 nets.
Contents of circuit 2:  Circuit: 'sky130_fd_sc_hd__and4bb_1'
Circuit sky130_fd_sc_hd__and4bb_1 contains 14 device instances.
  Class: sky130_fd_pr__nfet_01v8 instances:   7
  Class: sky130_fd_pr__pfet_01v8_hvt instances:   7
Circuit contains 15 nets.

Circuit 1 contains 14 devices, Circuit 2 contains 14 devices.
Circuit 1 contains 15 nets,    Circuit 2 contains 15 nets.


Contents of circuit 1:  Circuit: 'sky130_fd_sc_hd__xor2_4'
Circuit sky130_fd_sc_hd__xor2_4 contains 10 device instances.
  Class: sky130_fd_pr__nfet_01v8 instances:   5
  Class: sky130_fd_pr__pfet_01v8_hvt instances:   5
Circuit contains 11 nets.
Contents of circuit 2:  Circuit: 'sky130_fd_sc_hd__xor2_4'
Circuit sky130_fd_sc_hd__xor2_4 contains 40 device instances.
  Class: sky130_fd_pr__nfet_01v8 instances:  20
  Class: sky130_fd_pr__pfet_01v8_hvt instances:  20
Circuit contains 11 nets.

Circuit was modified by parallel/series device merging.
New circuit summary:

Contents of circuit 1:  Circuit: 'sky130_fd_sc_hd__xor2_4'
Circuit sky130_fd_sc_hd__xor2_4 contains 10 device instances.
  Class: sky130_fd_pr__nfet_01v8 instances:   5
  Class: sky130_fd_pr__pfet_01v8_hvt instances:   5
Circuit contains 11 nets.
Contents of circuit 2:  Circuit: 'sky130_fd_sc_hd__xor2_4'
Circuit sky130_fd_sc_hd__xor2_4 contains 10 device instances.
  Class: sky130_fd_pr__nfet_01v8 instances:   5
  Class: sky130_fd_pr__pfet_01v8_hvt instances:   5
Circuit contains 11 nets.

Circuit 1 contains 10 devices, Circuit 2 contains 10 devices.
Circuit 1 contains 11 nets,    Circuit 2 contains 11 nets.


Contents of circuit 1:  Circuit: 'sky130_fd_sc_hd__or3b_1'
Circuit sky130_fd_sc_hd__or3b_1 contains 10 device instances.
  Class: sky130_fd_pr__nfet_01v8 instances:   5
  Class: sky130_fd_pr__pfet_01v8_hvt instances:   5
Circuit contains 12 nets.
Contents of circuit 2:  Circuit: 'sky130_fd_sc_hd__or3b_1'
Circuit sky130_fd_sc_hd__or3b_1 contains 10 device instances.
  Class: sky130_fd_pr__nfet_01v8 instances:   5
  Class: sky130_fd_pr__pfet_01v8_hvt instances:   5
Circuit contains 12 nets.

Circuit 1 contains 10 devices, Circuit 2 contains 10 devices.
Circuit 1 contains 12 nets,    Circuit 2 contains 12 nets.


Contents of circuit 1:  Circuit: 'sky130_fd_sc_hd__and4b_4'
Circuit sky130_fd_sc_hd__and4b_4 contains 12 device instances.
  Class: sky130_fd_pr__nfet_01v8 instances:   6
  Class: sky130_fd_pr__pfet_01v8_hvt instances:   6
Circuit contains 14 nets.
Contents of circuit 2:  Circuit: 'sky130_fd_sc_hd__and4b_4'
Circuit sky130_fd_sc_hd__and4b_4 contains 18 device instances.
  Class: sky130_fd_pr__nfet_01v8 instances:   9
  Class: sky130_fd_pr__pfet_01v8_hvt instances:   9
Circuit contains 14 nets.

Circuit was modified by parallel/series device merging.
New circuit summary:

Contents of circuit 1:  Circuit: 'sky130_fd_sc_hd__and4b_4'
Circuit sky130_fd_sc_hd__and4b_4 contains 12 device instances.
  Class: sky130_fd_pr__nfet_01v8 instances:   6
  Class: sky130_fd_pr__pfet_01v8_hvt instances:   6
Circuit contains 14 nets.
Contents of circuit 2:  Circuit: 'sky130_fd_sc_hd__and4b_4'
Circuit sky130_fd_sc_hd__and4b_4 contains 12 device instances.
  Class: sky130_fd_pr__nfet_01v8 instances:   6
  Class: sky130_fd_pr__pfet_01v8_hvt instances:   6
Circuit contains 14 nets.

Circuit 1 contains 12 devices, Circuit 2 contains 12 devices.
Circuit 1 contains 14 nets,    Circuit 2 contains 14 nets.


Contents of circuit 1:  Circuit: 'sky130_fd_sc_hd__and4_1'
Circuit sky130_fd_sc_hd__and4_1 contains 10 device instances.
  Class: sky130_fd_pr__nfet_01v8 instances:   5
  Class: sky130_fd_pr__pfet_01v8_hvt instances:   5
Circuit contains 13 nets.
Contents of circuit 2:  Circuit: 'sky130_fd_sc_hd__and4_1'
Circuit sky130_fd_sc_hd__and4_1 contains 10 device instances.
  Class: sky130_fd_pr__nfet_01v8 instances:   5
  Class: sky130_fd_pr__pfet_01v8_hvt instances:   5
Circuit contains 13 nets.

Circuit 1 contains 10 devices, Circuit 2 contains 10 devices.
Circuit 1 contains 13 nets,    Circuit 2 contains 13 nets.


Contents of circuit 1:  Circuit: 'sky130_fd_sc_hd__nor4_1'
Circuit sky130_fd_sc_hd__nor4_1 contains 8 device instances.
  Class: sky130_fd_pr__nfet_01v8 instances:   4
  Class: sky130_fd_pr__pfet_01v8_hvt instances:   4
Circuit contains 12 nets.
Contents of circuit 2:  Circuit: 'sky130_fd_sc_hd__nor4_1'
Circuit sky130_fd_sc_hd__nor4_1 contains 8 device instances.
  Class: sky130_fd_pr__nfet_01v8 instances:   4
  Class: sky130_fd_pr__pfet_01v8_hvt instances:   4
Circuit contains 12 nets.

Circuit 1 contains 8 devices, Circuit 2 contains 8 devices.
Circuit 1 contains 12 nets,    Circuit 2 contains 12 nets.


Contents of circuit 1:  Circuit: 'sky130_fd_sc_hd__a21boi_2'
Circuit sky130_fd_sc_hd__a21boi_2 contains 10 device instances.
  Class: sky130_fd_pr__nfet_01v8 instances:   6
  Class: sky130_fd_pr__pfet_01v8_hvt instances:   4
Circuit contains 12 nets.
Contents of circuit 2:  Circuit: 'sky130_fd_sc_hd__a21boi_2'
Circuit sky130_fd_sc_hd__a21boi_2 contains 14 device instances.
  Class: sky130_fd_pr__nfet_01v8 instances:   7
  Class: sky130_fd_pr__pfet_01v8_hvt instances:   7
Circuit contains 12 nets.

Circuit was modified by parallel/series device merging.
New circuit summary:

Contents of circuit 1:  Circuit: 'sky130_fd_sc_hd__a21boi_2'
Circuit sky130_fd_sc_hd__a21boi_2 contains 10 device instances.
  Class: sky130_fd_pr__nfet_01v8 instances:   6
  Class: sky130_fd_pr__pfet_01v8_hvt instances:   4
Circuit contains 12 nets.
Contents of circuit 2:  Circuit: 'sky130_fd_sc_hd__a21boi_2'
Circuit sky130_fd_sc_hd__a21boi_2 contains 10 device instances.
  Class: sky130_fd_pr__nfet_01v8 instances:   6
  Class: sky130_fd_pr__pfet_01v8_hvt instances:   4
Circuit contains 12 nets.

Circuit 1 contains 10 devices, Circuit 2 contains 10 devices.
Circuit 1 contains 12 nets,    Circuit 2 contains 12 nets.


Contents of circuit 1:  Circuit: 'sky130_fd_sc_hd__a21o_4'
Circuit sky130_fd_sc_hd__a21o_4 contains 10 device instances.
  Class: sky130_fd_pr__nfet_01v8 instances:   6
  Class: sky130_fd_pr__pfet_01v8_hvt instances:   4
Circuit contains 12 nets.
Contents of circuit 2:  Circuit: 'sky130_fd_sc_hd__a21o_4'
Circuit sky130_fd_sc_hd__a21o_4 contains 20 device instances.
  Class: sky130_fd_pr__nfet_01v8 instances:  10
  Class: sky130_fd_pr__pfet_01v8_hvt instances:  10
Circuit contains 12 nets.

Circuit was modified by parallel/series device merging.
New circuit summary:

Contents of circuit 1:  Circuit: 'sky130_fd_sc_hd__a21o_4'
Circuit sky130_fd_sc_hd__a21o_4 contains 10 device instances.
  Class: sky130_fd_pr__nfet_01v8 instances:   6
  Class: sky130_fd_pr__pfet_01v8_hvt instances:   4
Circuit contains 12 nets.
Contents of circuit 2:  Circuit: 'sky130_fd_sc_hd__a21o_4'
Circuit sky130_fd_sc_hd__a21o_4 contains 10 device instances.
  Class: sky130_fd_pr__nfet_01v8 instances:   6
  Class: sky130_fd_pr__pfet_01v8_hvt instances:   4
Circuit contains 12 nets.

Circuit 1 contains 10 devices, Circuit 2 contains 10 devices.
Circuit 1 contains 12 nets,    Circuit 2 contains 12 nets.


Contents of circuit 1:  Circuit: 'sky130_fd_sc_hd__o221ai_2'
Circuit sky130_fd_sc_hd__o221ai_2 contains 10 device instances.
  Class: sky130_fd_pr__nfet_01v8 instances:   5
  Class: sky130_fd_pr__pfet_01v8_hvt instances:   5
Circuit contains 14 nets.
Contents of circuit 2:  Circuit: 'sky130_fd_sc_hd__o221ai_2'
Circuit sky130_fd_sc_hd__o221ai_2 contains 20 device instances.
  Class: sky130_fd_pr__nfet_01v8 instances:  10
  Class: sky130_fd_pr__pfet_01v8_hvt instances:  10
Circuit contains 14 nets.

Circuit was modified by parallel/series device merging.
New circuit summary:

Contents of circuit 1:  Circuit: 'sky130_fd_sc_hd__o221ai_2'
Circuit sky130_fd_sc_hd__o221ai_2 contains 10 device instances.
  Class: sky130_fd_pr__nfet_01v8 instances:   5
  Class: sky130_fd_pr__pfet_01v8_hvt instances:   5
Circuit contains 14 nets.
Contents of circuit 2:  Circuit: 'sky130_fd_sc_hd__o221ai_2'
Circuit sky130_fd_sc_hd__o221ai_2 contains 10 device instances.
  Class: sky130_fd_pr__nfet_01v8 instances:   5
  Class: sky130_fd_pr__pfet_01v8_hvt instances:   5
Circuit contains 14 nets.

Circuit 1 contains 10 devices, Circuit 2 contains 10 devices.
Circuit 1 contains 14 nets,    Circuit 2 contains 14 nets.


Contents of circuit 1:  Circuit: 'sky130_fd_sc_hd__a311o_4'
Circuit sky130_fd_sc_hd__a311o_4 contains 12 device instances.
  Class: sky130_fd_pr__nfet_01v8 instances:   6
  Class: sky130_fd_pr__pfet_01v8_hvt instances:   6
Circuit contains 15 nets.
Contents of circuit 2:  Circuit: 'sky130_fd_sc_hd__a311o_4'
Circuit sky130_fd_sc_hd__a311o_4 contains 28 device instances.
  Class: sky130_fd_pr__nfet_01v8 instances:  14
  Class: sky130_fd_pr__pfet_01v8_hvt instances:  14
Circuit contains 15 nets.

Circuit was modified by parallel/series device merging.
New circuit summary:

Contents of circuit 1:  Circuit: 'sky130_fd_sc_hd__a311o_4'
Circuit sky130_fd_sc_hd__a311o_4 contains 12 device instances.
  Class: sky130_fd_pr__nfet_01v8 instances:   6
  Class: sky130_fd_pr__pfet_01v8_hvt instances:   6
Circuit contains 15 nets.
Contents of circuit 2:  Circuit: 'sky130_fd_sc_hd__a311o_4'
Circuit sky130_fd_sc_hd__a311o_4 contains 12 device instances.
  Class: sky130_fd_pr__nfet_01v8 instances:   6
  Class: sky130_fd_pr__pfet_01v8_hvt instances:   6
Circuit contains 15 nets.

Circuit 1 contains 12 devices, Circuit 2 contains 12 devices.
Circuit 1 contains 15 nets,    Circuit 2 contains 15 nets.


Contents of circuit 1:  Circuit: 'sky130_fd_sc_hd__dlymetal6s2s_1'
Circuit sky130_fd_sc_hd__dlymetal6s2s_1 contains 12 device instances.
  Class: sky130_fd_pr__nfet_01v8 instances:   6
  Class: sky130_fd_pr__pfet_01v8_hvt instances:   6
Circuit contains 11 nets.
Contents of circuit 2:  Circuit: 'sky130_fd_sc_hd__dlymetal6s2s_1'
Circuit sky130_fd_sc_hd__dlymetal6s2s_1 contains 12 device instances.
  Class: sky130_fd_pr__nfet_01v8 instances:   6
  Class: sky130_fd_pr__pfet_01v8_hvt instances:   6
Circuit contains 11 nets.

Circuit 1 contains 12 devices, Circuit 2 contains 12 devices.
Circuit 1 contains 11 nets,    Circuit 2 contains 11 nets.


Contents of circuit 1:  Circuit: 'pixel_4tile'
Circuit pixel_4tile contains 376960 device instances.
  Class: sky130_fd_pr__nfet_01v8 instances: 180224
  Class: sky130_fd_pr__cap_mim_m3_1 instances: 32768
  Class: sky130_fd_pr__pfet_01v8_hvt instances: 32768
  Class: sky130_fd_pr__pfet_01v8 instances: 114688
  Class: GS_col_periphery_1x2  instances: 128
  Class: sky130_fd_pr__model__parasitic__diode_ps2dn instances: 16384
Circuit contains 181264 nets.
Contents of circuit 2:  Circuit: 'pixel_4tile'
Circuit pixel_4tile contains 376960 device instances.
  Class: sky130_fd_pr__nfet_01v8 instances: 180224
  Class: sky130_fd_pr__cap_mim_m3_1 instances: 32768
  Class: sky130_fd_pr__pfet_01v8_hvt instances: 32768
  Class: sky130_fd_pr__pfet_01v8 instances: 114688
  Class: GS_col_periphery_1x2  instances: 128
  Class: sky130_fd_pr__model__parasitic__diode_ps2dn instances: 16384
Circuit contains 181264 nets.

Circuit 1 contains 376960 devices, Circuit 2 contains 376960 devices.
Circuit 1 contains 181264 nets,    Circuit 2 contains 181264 nets.


Contents of circuit 1:  Circuit: 'sky130_fd_sc_hd__buf_2'
Circuit sky130_fd_sc_hd__buf_2 contains 4 device instances.
  Class: sky130_fd_pr__nfet_01v8 instances:   2
  Class: sky130_fd_pr__pfet_01v8_hvt instances:   2
Circuit contains 7 nets.
Contents of circuit 2:  Circuit: 'sky130_fd_sc_hd__buf_2'
Circuit sky130_fd_sc_hd__buf_2 contains 6 device instances.
  Class: sky130_fd_pr__nfet_01v8 instances:   3
  Class: sky130_fd_pr__pfet_01v8_hvt instances:   3
Circuit contains 7 nets.

Circuit was modified by parallel/series device merging.
New circuit summary:

Contents of circuit 1:  Circuit: 'sky130_fd_sc_hd__buf_2'
Circuit sky130_fd_sc_hd__buf_2 contains 4 device instances.
  Class: sky130_fd_pr__nfet_01v8 instances:   2
  Class: sky130_fd_pr__pfet_01v8_hvt instances:   2
Circuit contains 7 nets.
Contents of circuit 2:  Circuit: 'sky130_fd_sc_hd__buf_2'
Circuit sky130_fd_sc_hd__buf_2 contains 4 device instances.
  Class: sky130_fd_pr__nfet_01v8 instances:   2
  Class: sky130_fd_pr__pfet_01v8_hvt instances:   2
Circuit contains 7 nets.

Circuit 1 contains 4 devices, Circuit 2 contains 4 devices.
Circuit 1 contains 7 nets,    Circuit 2 contains 7 nets.


Contents of circuit 1:  Circuit: 'sky130_fd_sc_hd__o31ai_4'
Circuit sky130_fd_sc_hd__o31ai_4 contains 8 device instances.
  Class: sky130_fd_pr__nfet_01v8 instances:   4
  Class: sky130_fd_pr__pfet_01v8_hvt instances:   4
Circuit contains 12 nets.
Contents of circuit 2:  Circuit: 'sky130_fd_sc_hd__o31ai_4'
Circuit sky130_fd_sc_hd__o31ai_4 contains 32 device instances.
  Class: sky130_fd_pr__nfet_01v8 instances:  16
  Class: sky130_fd_pr__pfet_01v8_hvt instances:  16
Circuit contains 12 nets.

Circuit was modified by parallel/series device merging.
New circuit summary:

Contents of circuit 1:  Circuit: 'sky130_fd_sc_hd__o31ai_4'
Circuit sky130_fd_sc_hd__o31ai_4 contains 8 device instances.
  Class: sky130_fd_pr__nfet_01v8 instances:   4
  Class: sky130_fd_pr__pfet_01v8_hvt instances:   4
Circuit contains 12 nets.
Contents of circuit 2:  Circuit: 'sky130_fd_sc_hd__o31ai_4'
Circuit sky130_fd_sc_hd__o31ai_4 contains 8 device instances.
  Class: sky130_fd_pr__nfet_01v8 instances:   4
  Class: sky130_fd_pr__pfet_01v8_hvt instances:   4
Circuit contains 12 nets.

Circuit 1 contains 8 devices, Circuit 2 contains 8 devices.
Circuit 1 contains 12 nets,    Circuit 2 contains 12 nets.


Contents of circuit 1:  Circuit: 'sky130_fd_sc_hd__a22oi_4'
Circuit sky130_fd_sc_hd__a22oi_4 contains 8 device instances.
  Class: sky130_fd_pr__nfet_01v8 instances:   4
  Class: sky130_fd_pr__pfet_01v8_hvt instances:   4
Circuit contains 12 nets.
Contents of circuit 2:  Circuit: 'sky130_fd_sc_hd__a22oi_4'
Circuit sky130_fd_sc_hd__a22oi_4 contains 32 device instances.
  Class: sky130_fd_pr__nfet_01v8 instances:  16
  Class: sky130_fd_pr__pfet_01v8_hvt instances:  16
Circuit contains 12 nets.

Circuit was modified by parallel/series device merging.
New circuit summary:

Contents of circuit 1:  Circuit: 'sky130_fd_sc_hd__a22oi_4'
Circuit sky130_fd_sc_hd__a22oi_4 contains 8 device instances.
  Class: sky130_fd_pr__nfet_01v8 instances:   4
  Class: sky130_fd_pr__pfet_01v8_hvt instances:   4
Circuit contains 12 nets.
Contents of circuit 2:  Circuit: 'sky130_fd_sc_hd__a22oi_4'
Circuit sky130_fd_sc_hd__a22oi_4 contains 8 device instances.
  Class: sky130_fd_pr__nfet_01v8 instances:   4
  Class: sky130_fd_pr__pfet_01v8_hvt instances:   4
Circuit contains 12 nets.

Circuit 1 contains 8 devices, Circuit 2 contains 8 devices.
Circuit 1 contains 12 nets,    Circuit 2 contains 12 nets.


Contents of circuit 1:  Circuit: 'photodiode_test_structure'
Circuit photodiode_test_structure contains 3 device instances.
  Class: sky130_fd_pr__nfet_01v8 instances:   1
  Class: IG_infiniamp_xl       instances:   1
  Class: sky130_fd_pr__model__parasitic__diode_ps2dn instances:   1
Circuit contains 6 nets.
Contents of circuit 2:  Circuit: 'photodiode_test_structure'
Circuit photodiode_test_structure contains 3 device instances.
  Class: sky130_fd_pr__nfet_01v8 instances:   1
  Class: IG_infiniamp_xl[[0]]  instances:   1
  Class: sky130_fd_pr__model__parasitic__diode_ps2dn instances:   1
Circuit contains 6 nets.

Circuit 1 contains 3 devices, Circuit 2 contains 3 devices.
Circuit 1 contains 6 nets,    Circuit 2 contains 6 nets.


Contents of circuit 1:  Circuit: 'sky130_fd_sc_hd__o41a_1'
Circuit sky130_fd_sc_hd__o41a_1 contains 12 device instances.
  Class: sky130_fd_pr__nfet_01v8 instances:   6
  Class: sky130_fd_pr__pfet_01v8_hvt instances:   6
Circuit contains 15 nets.
Contents of circuit 2:  Circuit: 'sky130_fd_sc_hd__o41a_1'
Circuit sky130_fd_sc_hd__o41a_1 contains 12 device instances.
  Class: sky130_fd_pr__nfet_01v8 instances:   6
  Class: sky130_fd_pr__pfet_01v8_hvt instances:   6
Circuit contains 15 nets.

Circuit 1 contains 12 devices, Circuit 2 contains 12 devices.
Circuit 1 contains 15 nets,    Circuit 2 contains 15 nets.


Contents of circuit 1:  Circuit: 'sky130_fd_sc_hd__nand2b_2'
Circuit sky130_fd_sc_hd__nand2b_2 contains 6 device instances.
  Class: sky130_fd_pr__nfet_01v8 instances:   3
  Class: sky130_fd_pr__pfet_01v8_hvt instances:   3
Circuit contains 9 nets.
Contents of circuit 2:  Circuit: 'sky130_fd_sc_hd__nand2b_2'
Circuit sky130_fd_sc_hd__nand2b_2 contains 10 device instances.
  Class: sky130_fd_pr__nfet_01v8 instances:   5
  Class: sky130_fd_pr__pfet_01v8_hvt instances:   5
Circuit contains 9 nets.

Circuit was modified by parallel/series device merging.
New circuit summary:

Contents of circuit 1:  Circuit: 'sky130_fd_sc_hd__nand2b_2'
Circuit sky130_fd_sc_hd__nand2b_2 contains 6 device instances.
  Class: sky130_fd_pr__nfet_01v8 instances:   3
  Class: sky130_fd_pr__pfet_01v8_hvt instances:   3
Circuit contains 9 nets.
Contents of circuit 2:  Circuit: 'sky130_fd_sc_hd__nand2b_2'
Circuit sky130_fd_sc_hd__nand2b_2 contains 6 device instances.
  Class: sky130_fd_pr__nfet_01v8 instances:   3
  Class: sky130_fd_pr__pfet_01v8_hvt instances:   3
Circuit contains 9 nets.

Circuit 1 contains 6 devices, Circuit 2 contains 6 devices.
Circuit 1 contains 9 nets,    Circuit 2 contains 9 nets.


Contents of circuit 1:  Circuit: 'sky130_fd_sc_hd__a2111o_4'
Circuit sky130_fd_sc_hd__a2111o_4 contains 12 device instances.
  Class: sky130_fd_pr__nfet_01v8 instances:   6
  Class: sky130_fd_pr__pfet_01v8_hvt instances:   6
Circuit contains 15 nets.
Contents of circuit 2:  Circuit: 'sky130_fd_sc_hd__a2111o_4'
Circuit sky130_fd_sc_hd__a2111o_4 contains 28 device instances.
  Class: sky130_fd_pr__nfet_01v8 instances:  14
  Class: sky130_fd_pr__pfet_01v8_hvt instances:  14
Circuit contains 15 nets.

Circuit was modified by parallel/series device merging.
New circuit summary:

Contents of circuit 1:  Circuit: 'sky130_fd_sc_hd__a2111o_4'
Circuit sky130_fd_sc_hd__a2111o_4 contains 12 device instances.
  Class: sky130_fd_pr__nfet_01v8 instances:   6
  Class: sky130_fd_pr__pfet_01v8_hvt instances:   6
Circuit contains 15 nets.
Contents of circuit 2:  Circuit: 'sky130_fd_sc_hd__a2111o_4'
Circuit sky130_fd_sc_hd__a2111o_4 contains 12 device instances.
  Class: sky130_fd_pr__nfet_01v8 instances:   6
  Class: sky130_fd_pr__pfet_01v8_hvt instances:   6
Circuit contains 15 nets.

Circuit 1 contains 12 devices, Circuit 2 contains 12 devices.
Circuit 1 contains 15 nets,    Circuit 2 contains 15 nets.


Contents of circuit 1:  Circuit: 'sky130_fd_sc_hd__a21bo_2'
Circuit sky130_fd_sc_hd__a21bo_2 contains 10 device instances.
  Class: sky130_fd_pr__nfet_01v8 instances:   5
  Class: sky130_fd_pr__pfet_01v8_hvt instances:   5
Circuit contains 12 nets.
Contents of circuit 2:  Circuit: 'sky130_fd_sc_hd__a21bo_2'
Circuit sky130_fd_sc_hd__a21bo_2 contains 12 device instances.
  Class: sky130_fd_pr__nfet_01v8 instances:   6
  Class: sky130_fd_pr__pfet_01v8_hvt instances:   6
Circuit contains 12 nets.

Circuit was modified by parallel/series device merging.
New circuit summary:

Contents of circuit 1:  Circuit: 'sky130_fd_sc_hd__a21bo_2'
Circuit sky130_fd_sc_hd__a21bo_2 contains 10 device instances.
  Class: sky130_fd_pr__nfet_01v8 instances:   5
  Class: sky130_fd_pr__pfet_01v8_hvt instances:   5
Circuit contains 12 nets.
Contents of circuit 2:  Circuit: 'sky130_fd_sc_hd__a21bo_2'
Circuit sky130_fd_sc_hd__a21bo_2 contains 10 device instances.
  Class: sky130_fd_pr__nfet_01v8 instances:   5
  Class: sky130_fd_pr__pfet_01v8_hvt instances:   5
Circuit contains 12 nets.

Circuit 1 contains 10 devices, Circuit 2 contains 10 devices.
Circuit 1 contains 12 nets,    Circuit 2 contains 12 nets.


Contents of circuit 1:  Circuit: 'sky130_fd_sc_hd__o21a_2'
Circuit sky130_fd_sc_hd__o21a_2 contains 8 device instances.
  Class: sky130_fd_pr__nfet_01v8 instances:   4
  Class: sky130_fd_pr__pfet_01v8_hvt instances:   4
Circuit contains 11 nets.
Contents of circuit 2:  Circuit: 'sky130_fd_sc_hd__o21a_2'
Circuit sky130_fd_sc_hd__o21a_2 contains 10 device instances.
  Class: sky130_fd_pr__nfet_01v8 instances:   5
  Class: sky130_fd_pr__pfet_01v8_hvt instances:   5
Circuit contains 11 nets.

Circuit was modified by parallel/series device merging.
New circuit summary:

Contents of circuit 1:  Circuit: 'sky130_fd_sc_hd__o21a_2'
Circuit sky130_fd_sc_hd__o21a_2 contains 8 device instances.
  Class: sky130_fd_pr__nfet_01v8 instances:   4
  Class: sky130_fd_pr__pfet_01v8_hvt instances:   4
Circuit contains 11 nets.
Contents of circuit 2:  Circuit: 'sky130_fd_sc_hd__o21a_2'
Circuit sky130_fd_sc_hd__o21a_2 contains 8 device instances.
  Class: sky130_fd_pr__nfet_01v8 instances:   4
  Class: sky130_fd_pr__pfet_01v8_hvt instances:   4
Circuit contains 11 nets.

Circuit 1 contains 8 devices, Circuit 2 contains 8 devices.
Circuit 1 contains 11 nets,    Circuit 2 contains 11 nets.


Contents of circuit 1:  Circuit: 'sky130_fd_sc_hd__nand3b_2'
Circuit sky130_fd_sc_hd__nand3b_2 contains 8 device instances.
  Class: sky130_fd_pr__nfet_01v8 instances:   4
  Class: sky130_fd_pr__pfet_01v8_hvt instances:   4
Circuit contains 11 nets.
Contents of circuit 2:  Circuit: 'sky130_fd_sc_hd__nand3b_2'
Circuit sky130_fd_sc_hd__nand3b_2 contains 14 device instances.
  Class: sky130_fd_pr__nfet_01v8 instances:   7
  Class: sky130_fd_pr__pfet_01v8_hvt instances:   7
Circuit contains 11 nets.

Circuit was modified by parallel/series device merging.
New circuit summary:

Contents of circuit 1:  Circuit: 'sky130_fd_sc_hd__nand3b_2'
Circuit sky130_fd_sc_hd__nand3b_2 contains 8 device instances.
  Class: sky130_fd_pr__nfet_01v8 instances:   4
  Class: sky130_fd_pr__pfet_01v8_hvt instances:   4
Circuit contains 11 nets.
Contents of circuit 2:  Circuit: 'sky130_fd_sc_hd__nand3b_2'
Circuit sky130_fd_sc_hd__nand3b_2 contains 8 device instances.
  Class: sky130_fd_pr__nfet_01v8 instances:   4
  Class: sky130_fd_pr__pfet_01v8_hvt instances:   4
Circuit contains 11 nets.

Circuit 1 contains 8 devices, Circuit 2 contains 8 devices.
Circuit 1 contains 11 nets,    Circuit 2 contains 11 nets.


Contents of circuit 1:  Circuit: 'sky130_fd_sc_hd__a2bb2o_4'
Circuit sky130_fd_sc_hd__a2bb2o_4 contains 12 device instances.
  Class: sky130_fd_pr__nfet_01v8 instances:   6
  Class: sky130_fd_pr__pfet_01v8_hvt instances:   6
Circuit contains 14 nets.
Contents of circuit 2:  Circuit: 'sky130_fd_sc_hd__a2bb2o_4'
Circuit sky130_fd_sc_hd__a2bb2o_4 contains 28 device instances.
  Class: sky130_fd_pr__nfet_01v8 instances:  14
  Class: sky130_fd_pr__pfet_01v8_hvt instances:  14
Circuit contains 14 nets.

Circuit was modified by parallel/series device merging.
New circuit summary:

Contents of circuit 1:  Circuit: 'sky130_fd_sc_hd__a2bb2o_4'
Circuit sky130_fd_sc_hd__a2bb2o_4 contains 12 device instances.
  Class: sky130_fd_pr__nfet_01v8 instances:   6
  Class: sky130_fd_pr__pfet_01v8_hvt instances:   6
Circuit contains 14 nets.
Contents of circuit 2:  Circuit: 'sky130_fd_sc_hd__a2bb2o_4'
Circuit sky130_fd_sc_hd__a2bb2o_4 contains 12 device instances.
  Class: sky130_fd_pr__nfet_01v8 instances:   6
  Class: sky130_fd_pr__pfet_01v8_hvt instances:   6
Circuit contains 14 nets.

Circuit 1 contains 12 devices, Circuit 2 contains 12 devices.
Circuit 1 contains 14 nets,    Circuit 2 contains 14 nets.


Contents of circuit 1:  Circuit: 'sky130_fd_sc_hd__mux2_8'
Circuit sky130_fd_sc_hd__mux2_8 contains 12 device instances.
  Class: sky130_fd_pr__nfet_01v8 instances:   6
  Class: sky130_fd_pr__pfet_01v8_hvt instances:   6
Circuit contains 14 nets.
Contents of circuit 2:  Circuit: 'sky130_fd_sc_hd__mux2_8'
Circuit sky130_fd_sc_hd__mux2_8 contains 34 device instances.
  Class: sky130_fd_pr__nfet_01v8 instances:  17
  Class: sky130_fd_pr__pfet_01v8_hvt instances:  17
Circuit contains 14 nets.

Circuit was modified by parallel/series device merging.
New circuit summary:

Contents of circuit 1:  Circuit: 'sky130_fd_sc_hd__mux2_8'
Circuit sky130_fd_sc_hd__mux2_8 contains 12 device instances.
  Class: sky130_fd_pr__nfet_01v8 instances:   6
  Class: sky130_fd_pr__pfet_01v8_hvt instances:   6
Circuit contains 14 nets.
Contents of circuit 2:  Circuit: 'sky130_fd_sc_hd__mux2_8'
Circuit sky130_fd_sc_hd__mux2_8 contains 12 device instances.
  Class: sky130_fd_pr__nfet_01v8 instances:   6
  Class: sky130_fd_pr__pfet_01v8_hvt instances:   6
Circuit contains 14 nets.

Circuit 1 contains 12 devices, Circuit 2 contains 12 devices.
Circuit 1 contains 14 nets,    Circuit 2 contains 14 nets.


Contents of circuit 1:  Circuit: 'sky130_fd_sc_hd__a211o_2'
Circuit sky130_fd_sc_hd__a211o_2 contains 10 device instances.
  Class: sky130_fd_pr__nfet_01v8 instances:   5
  Class: sky130_fd_pr__pfet_01v8_hvt instances:   5
Circuit contains 13 nets.
Contents of circuit 2:  Circuit: 'sky130_fd_sc_hd__a211o_2'
Circuit sky130_fd_sc_hd__a211o_2 contains 12 device instances.
  Class: sky130_fd_pr__nfet_01v8 instances:   6
  Class: sky130_fd_pr__pfet_01v8_hvt instances:   6
Circuit contains 13 nets.

Circuit was modified by parallel/series device merging.
New circuit summary:

Contents of circuit 1:  Circuit: 'sky130_fd_sc_hd__a211o_2'
Circuit sky130_fd_sc_hd__a211o_2 contains 10 device instances.
  Class: sky130_fd_pr__nfet_01v8 instances:   5
  Class: sky130_fd_pr__pfet_01v8_hvt instances:   5
Circuit contains 13 nets.
Contents of circuit 2:  Circuit: 'sky130_fd_sc_hd__a211o_2'
Circuit sky130_fd_sc_hd__a211o_2 contains 10 device instances.
  Class: sky130_fd_pr__nfet_01v8 instances:   5
  Class: sky130_fd_pr__pfet_01v8_hvt instances:   5
Circuit contains 13 nets.

Circuit 1 contains 10 devices, Circuit 2 contains 10 devices.
Circuit 1 contains 13 nets,    Circuit 2 contains 13 nets.


Contents of circuit 1:  Circuit: 'sky130_fd_sc_hd__nor3_2'
Circuit sky130_fd_sc_hd__nor3_2 contains 6 device instances.
  Class: sky130_fd_pr__nfet_01v8 instances:   3
  Class: sky130_fd_pr__pfet_01v8_hvt instances:   3
Circuit contains 10 nets.
Contents of circuit 2:  Circuit: 'sky130_fd_sc_hd__nor3_2'
Circuit sky130_fd_sc_hd__nor3_2 contains 12 device instances.
  Class: sky130_fd_pr__nfet_01v8 instances:   6
  Class: sky130_fd_pr__pfet_01v8_hvt instances:   6
Circuit contains 10 nets.

Circuit was modified by parallel/series device merging.
New circuit summary:

Contents of circuit 1:  Circuit: 'sky130_fd_sc_hd__nor3_2'
Circuit sky130_fd_sc_hd__nor3_2 contains 6 device instances.
  Class: sky130_fd_pr__nfet_01v8 instances:   3
  Class: sky130_fd_pr__pfet_01v8_hvt instances:   3
Circuit contains 10 nets.
Contents of circuit 2:  Circuit: 'sky130_fd_sc_hd__nor3_2'
Circuit sky130_fd_sc_hd__nor3_2 contains 6 device instances.
  Class: sky130_fd_pr__nfet_01v8 instances:   3
  Class: sky130_fd_pr__pfet_01v8_hvt instances:   3
Circuit contains 10 nets.

Circuit 1 contains 6 devices, Circuit 2 contains 6 devices.
Circuit 1 contains 10 nets,    Circuit 2 contains 10 nets.


Contents of circuit 1:  Circuit: 'sky130_fd_sc_hd__o211ai_4'
Circuit sky130_fd_sc_hd__o211ai_4 contains 12 device instances.
  Class: sky130_fd_pr__nfet_01v8 instances:   8
  Class: sky130_fd_pr__pfet_01v8_hvt instances:   4
Circuit contains 14 nets.
Contents of circuit 2:  Circuit: 'sky130_fd_sc_hd__o211ai_4'
Circuit sky130_fd_sc_hd__o211ai_4 contains 32 device instances.
  Class: sky130_fd_pr__nfet_01v8 instances:  16
  Class: sky130_fd_pr__pfet_01v8_hvt instances:  16
Circuit contains 14 nets.

Circuit was modified by parallel/series device merging.
New circuit summary:

Contents of circuit 1:  Circuit: 'sky130_fd_sc_hd__o211ai_4'
Circuit sky130_fd_sc_hd__o211ai_4 contains 12 device instances.
  Class: sky130_fd_pr__nfet_01v8 instances:   8
  Class: sky130_fd_pr__pfet_01v8_hvt instances:   4
Circuit contains 14 nets.
Contents of circuit 2:  Circuit: 'sky130_fd_sc_hd__o211ai_4'
Circuit sky130_fd_sc_hd__o211ai_4 contains 12 device instances.
  Class: sky130_fd_pr__nfet_01v8 instances:   8
  Class: sky130_fd_pr__pfet_01v8_hvt instances:   4
Circuit contains 14 nets.

Circuit 1 contains 12 devices, Circuit 2 contains 12 devices.
Circuit 1 contains 14 nets,    Circuit 2 contains 14 nets.


Contents of circuit 1:  Circuit: 'BiasBranchnMasterx11'
Circuit BiasBranchnMasterx11 contains 51 device instances.
  Class: sky130_fd_pr__nfet_01v8_lvt instances:   2
  Class: LJ_BiasDividerFine    instances:  12
  Class: LJ_BiasMasterCoarse   instances:   1
  Class: LJ_BiasBuffers        instances:  11
  Class: LJ_BiasCoarseSel8to1  instances:  12
  Class: LJ_BiasCoarseFineInterface instances:  12
  Class: sky130_fd_pr__pfet_01v8_lvt instances:   1
Circuit contains 453 nets.
Contents of circuit 2:  Circuit: 'BiasBranchnMasterx11'
Circuit BiasBranchnMasterx11 contains 51 device instances.
  Class: sky130_fd_pr__nfet_01v8_lvt instances:   2
  Class: LJ_BiasDividerFine    instances:  12
  Class: LJ_BiasMasterCoarse   instances:   1
  Class: LJ_BiasBuffers        instances:  11
  Class: LJ_BiasCoarseSel8to1  instances:  12
  Class: LJ_BiasCoarseFineInterface instances:  12
  Class: sky130_fd_pr__pfet_01v8_lvt instances:   1
Circuit contains 465 nets.

Circuit 1 contains 51 devices, Circuit 2 contains 51 devices.
Circuit 1 contains 452 nets,    Circuit 2 contains 453 nets. *** MISMATCH ***

  Continuing with black-boxed subcircuits BiasBranchnMasterx11 BiasBranchnMasterx11

Will not flatten instances of BiasBranchnMasterx11 in file /home/rpgraca/opendvs_final/project_audit_orig/precheck_results/baseline_lvs/tmp/ext/user_project_wrapper.gds.spice
Will not flatten instances of BiasBranchnMasterx11 in file /home/rpgraca/pdk/sky130A/libs.ref/sky130_fd_sc_hd/spice/sky130_ef_sc_hd__decap_40_12.spice

Contents of circuit 1:  Circuit: 'sky130_fd_sc_hd__and4b_1'
Circuit sky130_fd_sc_hd__and4b_1 contains 12 device instances.
  Class: sky130_fd_pr__nfet_01v8 instances:   6
  Class: sky130_fd_pr__pfet_01v8_hvt instances:   6
Circuit contains 14 nets.
Contents of circuit 2:  Circuit: 'sky130_fd_sc_hd__and4b_1'
Circuit sky130_fd_sc_hd__and4b_1 contains 12 device instances.
  Class: sky130_fd_pr__nfet_01v8 instances:   6
  Class: sky130_fd_pr__pfet_01v8_hvt instances:   6
Circuit contains 14 nets.

Circuit 1 contains 12 devices, Circuit 2 contains 12 devices.
Circuit 1 contains 14 nets,    Circuit 2 contains 14 nets.


Contents of circuit 1:  Circuit: 'sky130_fd_sc_hd__o311a_4'
Circuit sky130_fd_sc_hd__o311a_4 contains 12 device instances.
  Class: sky130_fd_pr__nfet_01v8 instances:   6
  Class: sky130_fd_pr__pfet_01v8_hvt instances:   6
Circuit contains 15 nets.
Contents of circuit 2:  Circuit: 'sky130_fd_sc_hd__o311a_4'
Circuit sky130_fd_sc_hd__o311a_4 contains 28 device instances.
  Class: sky130_fd_pr__nfet_01v8 instances:  14
  Class: sky130_fd_pr__pfet_01v8_hvt instances:  14
Circuit contains 15 nets.

Circuit was modified by parallel/series device merging.
New circuit summary:

Contents of circuit 1:  Circuit: 'sky130_fd_sc_hd__o311a_4'
Circuit sky130_fd_sc_hd__o311a_4 contains 12 device instances.
  Class: sky130_fd_pr__nfet_01v8 instances:   6
  Class: sky130_fd_pr__pfet_01v8_hvt instances:   6
Circuit contains 15 nets.
Contents of circuit 2:  Circuit: 'sky130_fd_sc_hd__o311a_4'
Circuit sky130_fd_sc_hd__o311a_4 contains 12 device instances.
  Class: sky130_fd_pr__nfet_01v8 instances:   6
  Class: sky130_fd_pr__pfet_01v8_hvt instances:   6
Circuit contains 15 nets.

Circuit 1 contains 12 devices, Circuit 2 contains 12 devices.
Circuit 1 contains 15 nets,    Circuit 2 contains 15 nets.


Contents of circuit 1:  Circuit: 'sky130_fd_sc_hd__a41o_2'
Circuit sky130_fd_sc_hd__a41o_2 contains 12 device instances.
  Class: sky130_fd_pr__nfet_01v8 instances:   6
  Class: sky130_fd_pr__pfet_01v8_hvt instances:   6
Circuit contains 15 nets.
Contents of circuit 2:  Circuit: 'sky130_fd_sc_hd__a41o_2'
Circuit sky130_fd_sc_hd__a41o_2 contains 14 device instances.
  Class: sky130_fd_pr__nfet_01v8 instances:   7
  Class: sky130_fd_pr__pfet_01v8_hvt instances:   7
Circuit contains 15 nets.

Circuit was modified by parallel/series device merging.
New circuit summary:

Contents of circuit 1:  Circuit: 'sky130_fd_sc_hd__a41o_2'
Circuit sky130_fd_sc_hd__a41o_2 contains 12 device instances.
  Class: sky130_fd_pr__nfet_01v8 instances:   6
  Class: sky130_fd_pr__pfet_01v8_hvt instances:   6
Circuit contains 15 nets.
Contents of circuit 2:  Circuit: 'sky130_fd_sc_hd__a41o_2'
Circuit sky130_fd_sc_hd__a41o_2 contains 12 device instances.
  Class: sky130_fd_pr__nfet_01v8 instances:   6
  Class: sky130_fd_pr__pfet_01v8_hvt instances:   6
Circuit contains 15 nets.

Circuit 1 contains 12 devices, Circuit 2 contains 12 devices.
Circuit 1 contains 15 nets,    Circuit 2 contains 15 nets.


Contents of circuit 1:  Circuit: 'pixel_test_structure'
Circuit pixel_test_structure contains 144 device instances.
  Class: sky130_fd_pr__nfet_01v8 instances:  66
  Class: sky130_fd_pr__cap_mim_m3_1 instances:   8
  Class: sky130_fd_pr__pfet_01v8_hvt instances:  10
  Class: sky130_fd_pr__pfet_01v8 instances:  38
  Class: sky130_fd_pr__pfet_01v8_lvt instances:  16
  Class: sky130_fd_pr__model__parasitic__diode_ps2dn instances:   4
  Class: S7_scs130hd_inv_4     instances:   2
Circuit contains 90 nets.
Contents of circuit 2:  Circuit: 'pixel_test_structure'
Circuit pixel_test_structure contains 102 device instances.
  Class: sky130_fd_pr__nfet_01v8 instances:  44
  Class: sky130_fd_pr__cap_mim_m3_1 instances:   8
  Class: LJ_scs130hd_inv_1     instances:   2
  Class: IG_infiniamp_xl       instances:   4
  Class: sky130_fd_pr__pfet_01v8_hvt instances:   8
  Class: sky130_fd_pr__pfet_01v8 instances:  30
  Class: sky130_fd_pr__model__parasitic__diode_ps2dn instances:   4
  Class: scs130hd_inv_4        instances:   2
Circuit contains 70 nets.

Flattened mismatched instances and attempting compare again.

Contents of circuit 1:  Circuit: 'pixel_test_structure'
Circuit pixel_test_structure contains 144 device instances.
  Class: sky130_fd_pr__nfet_01v8 instances:  66
  Class: sky130_fd_pr__cap_mim_m3_1 instances:   8
  Class: sky130_fd_pr__pfet_01v8_hvt instances:  10
  Class: sky130_fd_pr__pfet_01v8 instances:  38
  Class: sky130_fd_pr__pfet_01v8_lvt instances:  16
  Class: sky130_fd_pr__model__parasitic__diode_ps2dn instances:   4
  Class: S7_scs130hd_inv_4     instances:   2
Circuit contains 90 nets.
Contents of circuit 2:  Circuit: 'pixel_test_structure'
Circuit pixel_test_structure contains 144 device instances.
  Class: sky130_fd_pr__nfet_01v8 instances:  66
  Class: sky130_fd_pr__cap_mim_m3_1 instances:   8
  Class: sky130_fd_pr__pfet_01v8_hvt instances:  10
  Class: sky130_fd_pr__pfet_01v8 instances:  38
  Class: sky130_fd_pr__pfet_01v8_lvt instances:  16
  Class: sky130_fd_pr__model__parasitic__diode_ps2dn instances:   4
  Class: scs130hd_inv_4        instances:   2
Circuit contains 90 nets.

Circuit was modified by parallel/series device merging.
New circuit summary:

Contents of circuit 1:  Circuit: 'pixel_test_structure'
Circuit pixel_test_structure contains 141 device instances.
  Class: sky130_fd_pr__nfet_01v8 instances:  63
  Class: sky130_fd_pr__cap_mim_m3_1 instances:   8
  Class: sky130_fd_pr__pfet_01v8_hvt instances:  10
  Class: sky130_fd_pr__pfet_01v8 instances:  38
  Class: sky130_fd_pr__pfet_01v8_lvt instances:  16
  Class: sky130_fd_pr__model__parasitic__diode_ps2dn instances:   4
  Class: S7_scs130hd_inv_4     instances:   2
Circuit contains 90 nets.
Contents of circuit 2:  Circuit: 'pixel_test_structure'
Circuit pixel_test_structure contains 141 device instances.
  Class: sky130_fd_pr__nfet_01v8 instances:  63
  Class: sky130_fd_pr__cap_mim_m3_1 instances:   8
  Class: sky130_fd_pr__pfet_01v8_hvt instances:  10
  Class: sky130_fd_pr__pfet_01v8 instances:  38
  Class: sky130_fd_pr__pfet_01v8_lvt instances:  16
  Class: sky130_fd_pr__model__parasitic__diode_ps2dn instances:   4
  Class: scs130hd_inv_4        instances:   2
Circuit contains 90 nets.

Circuit 1 contains 141 devices, Circuit 2 contains 141 devices.
Circuit 1 contains 90 nets,    Circuit 2 contains 90 nets.


Contents of circuit 1:  Circuit: 'sky130_fd_sc_hd__a211oi_1'
Circuit sky130_fd_sc_hd__a211oi_1 contains 8 device instances.
  Class: sky130_fd_pr__nfet_01v8 instances:   4
  Class: sky130_fd_pr__pfet_01v8_hvt instances:   4
Circuit contains 12 nets.
Contents of circuit 2:  Circuit: 'sky130_fd_sc_hd__a211oi_1'
Circuit sky130_fd_sc_hd__a211oi_1 contains 8 device instances.
  Class: sky130_fd_pr__nfet_01v8 instances:   4
  Class: sky130_fd_pr__pfet_01v8_hvt instances:   4
Circuit contains 12 nets.

Circuit 1 contains 8 devices, Circuit 2 contains 8 devices.
Circuit 1 contains 12 nets,    Circuit 2 contains 12 nets.


Contents of circuit 1:  Circuit: 'sky130_fd_sc_hd__o211ai_1'
Circuit sky130_fd_sc_hd__o211ai_1 contains 8 device instances.
  Class: sky130_fd_pr__nfet_01v8 instances:   4
  Class: sky130_fd_pr__pfet_01v8_hvt instances:   4
Circuit contains 12 nets.
Contents of circuit 2:  Circuit: 'sky130_fd_sc_hd__o211ai_1'
Circuit sky130_fd_sc_hd__o211ai_1 contains 8 device instances.
  Class: sky130_fd_pr__nfet_01v8 instances:   4
  Class: sky130_fd_pr__pfet_01v8_hvt instances:   4
Circuit contains 12 nets.

Circuit 1 contains 8 devices, Circuit 2 contains 8 devices.
Circuit 1 contains 12 nets,    Circuit 2 contains 12 nets.


Contents of circuit 1:  Circuit: 'sky130_fd_sc_hd__a21boi_1'
Circuit sky130_fd_sc_hd__a21boi_1 contains 8 device instances.
  Class: sky130_fd_pr__nfet_01v8 instances:   4
  Class: sky130_fd_pr__pfet_01v8_hvt instances:   4
Circuit contains 11 nets.
Contents of circuit 2:  Circuit: 'sky130_fd_sc_hd__a21boi_1'
Circuit sky130_fd_sc_hd__a21boi_1 contains 8 device instances.
  Class: sky130_fd_pr__nfet_01v8 instances:   4
  Class: sky130_fd_pr__pfet_01v8_hvt instances:   4
Circuit contains 11 nets.

Circuit 1 contains 8 devices, Circuit 2 contains 8 devices.
Circuit 1 contains 11 nets,    Circuit 2 contains 11 nets.


Contents of circuit 1:  Circuit: 'sky130_fd_sc_hd__o32a_4'
Circuit sky130_fd_sc_hd__o32a_4 contains 12 device instances.
  Class: sky130_fd_pr__nfet_01v8 instances:   6
  Class: sky130_fd_pr__pfet_01v8_hvt instances:   6
Circuit contains 15 nets.
Contents of circuit 2:  Circuit: 'sky130_fd_sc_hd__o32a_4'
Circuit sky130_fd_sc_hd__o32a_4 contains 28 device instances.
  Class: sky130_fd_pr__nfet_01v8 instances:  14
  Class: sky130_fd_pr__pfet_01v8_hvt instances:  14
Circuit contains 15 nets.

Circuit was modified by parallel/series device merging.
New circuit summary:

Contents of circuit 1:  Circuit: 'sky130_fd_sc_hd__o32a_4'
Circuit sky130_fd_sc_hd__o32a_4 contains 12 device instances.
  Class: sky130_fd_pr__nfet_01v8 instances:   6
  Class: sky130_fd_pr__pfet_01v8_hvt instances:   6
Circuit contains 15 nets.
Contents of circuit 2:  Circuit: 'sky130_fd_sc_hd__o32a_4'
Circuit sky130_fd_sc_hd__o32a_4 contains 12 device instances.
  Class: sky130_fd_pr__nfet_01v8 instances:   6
  Class: sky130_fd_pr__pfet_01v8_hvt instances:   6
Circuit contains 15 nets.

Circuit 1 contains 12 devices, Circuit 2 contains 12 devices.
Circuit 1 contains 15 nets,    Circuit 2 contains 15 nets.


Contents of circuit 1:  Circuit: 'user_project_wrapper'
Circuit user_project_wrapper contains 697304 device instances.
  Class: sky130_fd_sc_hd__bufinv_16 instances: 117
  Class: sky130_fd_sc_hd__a41o_1 instances:   1
  Class: sky130_fd_sc_hd__a41o_2 instances:   1
  Class: sky130_fd_sc_hd__a31o_1 instances:  60
  Class: sky130_fd_sc_hd__a31o_2 instances:   5
  Class: sky130_fd_sc_hd__a31o_4 instances:  13
  Class: sky130_fd_sc_hd__a21o_1 instances: 279
  Class: sky130_fd_sc_hd__a21o_2 instances:  14
  Class: sky130_fd_sc_hd__a21o_4 instances:   3
  Class: sky130_fd_sc_hd__clkbuf_16 instances:  60
  Class: sky130_fd_sc_hd__dfxtp_1 instances: 3199
  Class: sky130_fd_sc_hd__dfxtp_2 instances:   1
  Class: sky130_fd_sc_hd__o31ai_1 instances:   3
  Class: sky130_fd_sc_hd__o31ai_4 instances:   1
  Class: sky130_fd_sc_hd__or4_1 instances:  16
  Class: sky130_fd_sc_hd__or4_2 instances:   3
  Class: sky130_fd_sc_hd__or4_4 instances:  12
  Class: sky130_fd_sc_hd__a31oi_1 instances:   1
  Class: sky130_fd_sc_hd__a31oi_2 instances:   2
  Class: sky130_fd_sc_hd__nand4_1 instances:   1
  Class: sky130_fd_sc_hd__buf_1 instances: 476
  Class: sky130_fd_sc_hd__buf_2 instances:   2
  Class: sky130_fd_sc_hd__nand4_2 instances:   1
  Class: sky130_fd_sc_hd__buf_4 instances:   3
  Class: sky130_fd_sc_hd__buf_6 instances: 161
  Class: sky130_fd_sc_hd__buf_8 instances: 176
  Class: sky130_fd_sc_hd__a2bb2o_1 instances:  12
  Class: sky130_fd_sc_hd__a2bb2o_2 instances:   2
  Class: sky130_fd_sc_hd__a2bb2o_4 instances:   1
  Class: sky130_fd_sc_hd__and3b_1 instances:   2
  Class: sky130_fd_sc_hd__and3b_4 instances:  12
  Class: sky130_fd_sc_hd__xor2_1 instances:  39
  Class: sky130_fd_sc_hd__xor2_2 instances:  49
  Class: sky130_fd_sc_hd__xor2_4 instances:   4
  Class: sky130_fd_sc_hd__o221ai_2 instances:   1
  Class: sky130_fd_sc_hd__mux4_1 instances: 222
  Class: sky130_fd_sc_hd__dfstp_1 instances:   3
  Class: sky130_fd_sc_hd__dfstp_4 instances:   1
  Class: sky130_fd_sc_hd__dfrtp_1 instances: 1268
  Class: sky130_fd_sc_hd__dfrtp_2 instances:  42
  Class: sky130_fd_sc_hd__dfrtp_4 instances: 901
  Class: sky130_fd_sc_hd__and4_1 instances:   3
  Class: sky130_fd_sc_hd__and4_4 instances:   4
  Class: sky130_fd_sc_hd__inv_2 instances: 142
  Class: sky130_fd_sc_hd__inv_4 instances:  36
  Class: sky130_fd_sc_hd__inv_6 instances: 116
  Class: sky130_fd_sc_hd__inv_8 instances:  36
  Class: sky130_fd_sc_hd__clkbuf_1 instances:  38
  Class: sky130_fd_sc_hd__clkbuf_2 instances:  25
  Class: sky130_fd_sc_hd__clkbuf_4 instances:  79
  Class: sky130_fd_sc_hd__clkbuf_8 instances: 1055
  Class: sky130_fd_sc_hd__or3_1 instances:  46
  Class: sky130_fd_sc_hd__or3_2 instances:  12
  Class: sky130_fd_sc_hd__or3_4 instances:  25
  Class: sky130_fd_sc_hd__nand3_1 instances:  20
  Class: sky130_fd_sc_hd__nand3_2 instances:   9
  Class: BiasBranchnMasterx11  instances:   1
  Class: sky130_fd_sc_hd__nand3_4 instances:  11
  Class: sky130_fd_sc_hd__o21ba_1 instances:  20
  Class: sky130_fd_sc_hd__o21ba_2 instances:   4
  Class: sky130_fd_sc_hd__and2b_1 instances: 336
  Class: sky130_fd_sc_hd__and2b_2 instances:   4
  Class: sky130_fd_sc_hd__conb_1 instances: 201
  Class: sky130_fd_sc_hd__and2b_4 instances:   7
  Class: sky130_fd_sc_hd__a21boi_1 instances:   1
  Class: sky130_fd_sc_hd__a21boi_2 instances:   1
  Class: sky130_fd_sc_hd__buf_12 instances: 409
  Class: sky130_fd_sc_hd__a21bo_1 instances:   9
  Class: sky130_fd_sc_hd__a21bo_2 instances:   1
  Class: sky130_fd_sc_hd__a21bo_4 instances:   2
  Class: sky130_fd_sc_hd__a221oi_1 instances:   2
  Class: sky130_fd_sc_hd__clkinv_1 instances:   6
  Class: sky130_fd_sc_hd__clkinv_2 instances: 115
  Class: sky130_fd_sc_hd__clkinv_4 instances:  94
  Class: sky130_fd_sc_hd__clkinv_8 instances:  19
  Class: sky130_fd_sc_hd__and3_1 instances: 209
  Class: sky130_fd_sc_hd__and3_2 instances:   9
  Class: sky130_fd_sc_hd__and3_4 instances:  53
  Class: photodiode_test_structure instances:   1
  Class: sky130_fd_sc_hd__a2111o_1 instances:   1
  Class: sky130_fd_sc_hd__a2111o_4 instances:   2
  Class: sky130_fd_sc_hd__decap_3 instances: 11215
  Class: sky130_fd_sc_hd__decap_4 instances: 6759
  Class: sky130_fd_sc_hd__decap_6 instances: 82236
  Class: sky130_fd_sc_hd__decap_8 instances: 7567
  Class: sky130_fd_sc_hd__dlygate4sd3_1 instances: 9061
  Class: sky130_fd_sc_hd__or2_1 instances: 196
  Class: sky130_fd_sc_hd__or2_2 instances:  26
  Class: sky130_fd_sc_hd__or2_4 instances:  18
  Class: sky130_fd_sc_hd__nand2_1 instances: 177
  Class: sky130_fd_sc_hd__nand2_2 instances:  13
  Class: sky130_fd_sc_hd__nand2_4 instances:   6
  Class: sky130_fd_sc_hd__nand2_8 instances:  23
  Class: sky130_fd_sc_hd__nand3b_2 instances:   1
  Class: sky130_fd_sc_hd__mux2_1 instances: 4069
  Class: sky130_fd_sc_hd__nand3b_4 instances:   1
  Class: sky130_fd_sc_hd__mux2_2 instances:   7
  Class: sky130_fd_sc_hd__mux2_4 instances:   2
  Class: sky130_fd_sc_hd__mux2_8 instances:   2
  Class: sky130_fd_sc_hd__a211oi_1 instances:   3
  Class: sky130_fd_sc_hd__and2_1 instances: 392
  Class: sky130_fd_sc_hd__and2_2 instances:   7
  Class: sky130_fd_sc_hd__and2_4 instances:  15
  Class: sky130_fd_sc_hd__or4b_1 instances:   4
  Class: sky130_fd_sc_hd__or4b_2 instances:   2
  Class: sky130_fd_sc_hd__clkinvlp_4 instances:  89
  Class: pixel_test_structure  instances:   1
  Class: sky130_fd_sc_hd__nor4_1 instances:   1
  Class: sky130_fd_sc_hd__inv_12 instances:   9
  Class: sky130_fd_sc_hd__inv_16 instances:   5
  Class: sky130_fd_sc_hd__o32a_1 instances:  47
  Class: sky130_fd_sc_hd__o32a_2 instances:   6
  Class: sky130_fd_sc_hd__o32a_4 instances:   1
  Class: sky130_fd_sc_hd__o22a_1 instances: 178
  Class: sky130_fd_sc_hd__o22a_2 instances:  14
  Class: sky130_fd_sc_hd__o22a_4 instances:  21
  Class: sky130_fd_sc_hd__xnor2_1 instances:  96
  Class: sky130_fd_sc_hd__xnor2_2 instances:  69
  Class: sky130_fd_sc_hd__xnor2_4 instances:   4
  Class: sky130_fd_sc_hd__nor3b_4 instances:   3
  Class: sky130_fd_sc_hd__o221a_1 instances: 202
  Class: sky130_fd_sc_hd__o221a_2 instances:   8
  Class: sky130_fd_sc_hd__o21bai_1 instances:   5
  Class: sky130_fd_sc_hd__o211a_1 instances:  60
  Class: sky130_fd_sc_hd__o211a_2 instances:   4
  Class: sky130_fd_sc_hd__o211a_4 instances:   5
  Class: sky130_fd_sc_hd__nand2b_1 instances:  37
  Class: sky130_fd_sc_hd__nand2b_2 instances:   1
  Class: sky130_fd_sc_hd__nand2b_4 instances:   4
  Class: sky130_fd_sc_hd__diode_2 instances: 20503
  Class: sky130_fd_sc_hd__a221o_1 instances: 689
  Class: sky130_fd_sc_hd__a221o_2 instances:  17
  Class: sky130_fd_sc_hd__a221o_4 instances:  21
  Class: sky130_fd_sc_hd__a211o_1 instances: 155
  Class: sky130_fd_sc_hd__a211o_2 instances:   2
  Class: sky130_fd_sc_hd__a211o_4 instances:  13
  Class: sky130_fd_sc_hd__o2111a_1 instances:   3
  Class: sky130_fd_sc_hd__or3b_1 instances:   4
  Class: sky130_fd_sc_hd__or3b_2 instances:   1
  Class: sky130_fd_sc_hd__or3b_4 instances:  24
  Class: sky130_fd_sc_hd__dlymetal6s2s_1 instances:   2
  Class: sky130_fd_sc_hd__or4bb_1 instances:   4
  Class: sky130_fd_sc_hd__nor3_1 instances:   8
  Class: sky130_fd_sc_hd__nor3_2 instances:   2
  Class: sky130_fd_sc_hd__nor3_4 instances:   2
  Class: sky130_fd_sc_hd__a32o_1 instances:  55
  Class: sky130_fd_sc_hd__a32o_2 instances:   1
  Class: sky130_fd_sc_hd__a32o_4 instances:   3
  Class: sky130_fd_sc_hd__o41a_1 instances:   1
  Class: sky130_fd_sc_hd__a22o_1 instances: 1027
  Class: sky130_fd_sc_hd__a22o_2 instances:  25
  Class: sky130_fd_sc_hd__a22o_4 instances:  30
  Class: sky130_fd_sc_hd__o31a_1 instances:  21
  Class: sky130_fd_sc_hd__o31a_2 instances:   4
  Class: sky130_fd_sc_hd__o31a_4 instances:  26
  Class: sky130_fd_sc_hd__o2bb2a_1 instances:   5
  Class: sky130_fd_sc_hd__o21a_1 instances: 323
  Class: sky130_fd_sc_hd__o21a_2 instances:   2
  Class: sky130_fd_sc_hd__o21a_4 instances:  28
  Class: sky130_fd_sc_hd__a41oi_2 instances:   1
  Class: sky130_fd_sc_hd__o311a_1 instances:  26
  Class: sky130_fd_sc_hd__o311a_2 instances:   4
  Class: sky130_fd_sc_hd__o311a_4 instances:   1
  Class: sky130_fd_sc_hd__o22ai_1 instances:   5
  Class: sky130_fd_sc_hd__a22oi_1 instances:   1
  Class: sky130_fd_sc_hd__and4b_1 instances:   1
  Class: sky130_fd_sc_hd__a22oi_4 instances:   1
  Class: sky130_fd_sc_hd__o21ai_1 instances:  61
  Class: sky130_fd_sc_hd__o21ai_2 instances:  11
  Class: sky130_fd_sc_hd__tapvpwrvgnd_1 instances: 95030
  Class: sky130_fd_sc_hd__and4b_4 instances:   1
  Class: sky130_fd_sc_hd__o21ai_4 instances:  18
  Class: sky130_fd_sc_hd__a21oi_1 instances:  93
  Class: sky130_fd_sc_hd__a21oi_2 instances:  14
  Class: sky130_fd_sc_hd__a311o_1 instances:   3
  Class: sky130_fd_sc_hd__a21oi_4 instances:   2
  Class: sky130_fd_sc_hd__a311o_2 instances:   2
  Class: sky130_fd_sc_hd__a311o_4 instances:   1
  Class: sky130_fd_sc_hd__fill_1 instances: 91431
  Class: sky130_fd_sc_hd__fill_2 instances: 5276
  Class: sky130_ef_sc_hd__decap_40_12 instances: 349039
  Class: sky130_fd_sc_hd__o211ai_1 instances:   1
  Class: sky130_fd_sc_hd__o211ai_2 instances:   2
  Class: sky130_fd_sc_hd__o211ai_4 instances:   1
  Class: sky130_fd_sc_hd__clkinv_16 instances:   9
  Class: sky130_fd_sc_hd__and4bb_1 instances:   1
  Class: sky130_fd_sc_hd__nor2_1 instances: 201
  Class: sky130_fd_sc_hd__nor2_2 instances:  24
  Class: pixel_4tile           instances:   1
  Class: sky130_fd_sc_hd__nor2_4 instances:   2
  Class: sky130_fd_sc_hd__nor2_8 instances:  33
Circuit contains 40029 nets, and 303 disconnected pins.
Contents of circuit 2:  Circuit: 'user_project_wrapper'
Circuit user_project_wrapper contains 697304 device instances.
  Class: sky130_fd_sc_hd__bufinv_16 instances: 117
  Class: sky130_fd_sc_hd__a41o_1 instances:   1
  Class: sky130_fd_sc_hd__a41o_2 instances:   1
  Class: sky130_fd_sc_hd__a31o_1 instances:  60
  Class: sky130_fd_sc_hd__a31o_2 instances:   5
  Class: sky130_fd_sc_hd__a31o_4 instances:  13
  Class: sky130_fd_sc_hd__a21o_1 instances: 279
  Class: sky130_fd_sc_hd__a21o_2 instances:  14
  Class: sky130_fd_sc_hd__a21o_4 instances:   3
  Class: sky130_fd_sc_hd__clkbuf_16 instances:  60
  Class: sky130_fd_sc_hd__dfxtp_1 instances: 3199
  Class: sky130_fd_sc_hd__dfxtp_2 instances:   1
  Class: sky130_fd_sc_hd__o31ai_1 instances:   3
  Class: sky130_fd_sc_hd__o31ai_4 instances:   1
  Class: sky130_fd_sc_hd__or4_1 instances:  16
  Class: sky130_fd_sc_hd__or4_2 instances:   3
  Class: sky130_fd_sc_hd__or4_4 instances:  12
  Class: sky130_fd_sc_hd__a31oi_1 instances:   1
  Class: sky130_fd_sc_hd__a31oi_2 instances:   2
  Class: sky130_fd_sc_hd__nand4_1 instances:   1
  Class: sky130_fd_sc_hd__buf_1 instances: 476
  Class: sky130_fd_sc_hd__nand4_2 instances:   1
  Class: sky130_fd_sc_hd__buf_2 instances:   2
  Class: sky130_fd_sc_hd__buf_4 instances:   3
  Class: sky130_fd_sc_hd__buf_6 instances: 161
  Class: sky130_fd_sc_hd__buf_8 instances: 176
  Class: sky130_fd_sc_hd__a2bb2o_1 instances:  12
  Class: sky130_fd_sc_hd__a2bb2o_2 instances:   2
  Class: sky130_fd_sc_hd__a2bb2o_4 instances:   1
  Class: sky130_fd_sc_hd__and3b_1 instances:   2
  Class: sky130_fd_sc_hd__and3b_4 instances:  12
  Class: sky130_fd_sc_hd__xor2_1 instances:  39
  Class: sky130_fd_sc_hd__xor2_2 instances:  49
  Class: sky130_fd_sc_hd__xor2_4 instances:   4
  Class: sky130_fd_sc_hd__o221ai_2 instances:   1
  Class: sky130_fd_sc_hd__mux4_1 instances: 222
  Class: sky130_fd_sc_hd__dfstp_1 instances:   3
  Class: sky130_fd_sc_hd__dfstp_4 instances:   1
  Class: sky130_fd_sc_hd__dfrtp_1 instances: 1268
  Class: sky130_fd_sc_hd__dfrtp_2 instances:  42
  Class: sky130_fd_sc_hd__dfrtp_4 instances: 901
  Class: sky130_fd_sc_hd__and4_1 instances:   3
  Class: sky130_fd_sc_hd__and4_4 instances:   4
  Class: sky130_fd_sc_hd__inv_2 instances: 142
  Class: sky130_fd_sc_hd__inv_4 instances:  36
  Class: sky130_fd_sc_hd__inv_6 instances: 116
  Class: sky130_fd_sc_hd__inv_8 instances:  36
  Class: sky130_fd_sc_hd__clkbuf_1 instances:  38
  Class: sky130_fd_sc_hd__clkbuf_2 instances:  25
  Class: sky130_fd_sc_hd__clkbuf_4 instances:  79
  Class: sky130_fd_sc_hd__clkbuf_8 instances: 1055
  Class: sky130_fd_sc_hd__or3_1 instances:  46
  Class: sky130_fd_sc_hd__or3_2 instances:  12
  Class: sky130_fd_sc_hd__or3_4 instances:  25
  Class: sky130_fd_sc_hd__nand3_1 instances:  20
  Class: sky130_fd_sc_hd__nand3_2 instances:   9
  Class: BiasBranchnMasterx11  instances:   1
  Class: sky130_fd_sc_hd__nand3_4 instances:  11
  Class: sky130_fd_sc_hd__o21ba_1 instances:  20
  Class: sky130_fd_sc_hd__o21ba_2 instances:   4
  Class: sky130_fd_sc_hd__and2b_1 instances: 336
  Class: sky130_fd_sc_hd__conb_1 instances: 201
  Class: sky130_fd_sc_hd__and2b_2 instances:   4
  Class: sky130_fd_sc_hd__and2b_4 instances:   7
  Class: sky130_fd_sc_hd__a21boi_1 instances:   1
  Class: sky130_fd_sc_hd__a21boi_2 instances:   1
  Class: sky130_fd_sc_hd__buf_12 instances: 409
  Class: sky130_fd_sc_hd__a21bo_1 instances:   9
  Class: sky130_fd_sc_hd__a21bo_2 instances:   1
  Class: sky130_fd_sc_hd__a21bo_4 instances:   2
  Class: sky130_fd_sc_hd__a221oi_1 instances:   2
  Class: sky130_fd_sc_hd__clkinv_1 instances:   6
  Class: sky130_fd_sc_hd__clkinv_2 instances: 115
  Class: sky130_fd_sc_hd__clkinv_4 instances:  94
  Class: sky130_fd_sc_hd__clkinv_8 instances:  19
  Class: sky130_fd_sc_hd__and3_1 instances: 209
  Class: sky130_fd_sc_hd__and3_2 instances:   9
  Class: sky130_fd_sc_hd__and3_4 instances:  53
  Class: photodiode_test_structure instances:   1
  Class: sky130_fd_sc_hd__a2111o_1 instances:   1
  Class: sky130_fd_sc_hd__a2111o_4 instances:   2
  Class: sky130_fd_sc_hd__decap_3 instances: 11215
  Class: sky130_fd_sc_hd__decap_4 instances: 6759
  Class: sky130_fd_sc_hd__decap_6 instances: 82236
  Class: sky130_fd_sc_hd__decap_8 instances: 7567
  Class: sky130_fd_sc_hd__dlygate4sd3_1 instances: 9061
  Class: sky130_fd_sc_hd__or2_1 instances: 196
  Class: sky130_fd_sc_hd__or2_2 instances:  26
  Class: sky130_fd_sc_hd__or2_4 instances:  18
  Class: sky130_fd_sc_hd__nand2_1 instances: 177
  Class: sky130_fd_sc_hd__nand2_2 instances:  13
  Class: sky130_fd_sc_hd__nand2_4 instances:   6
  Class: sky130_fd_sc_hd__nand2_8 instances:  23
  Class: sky130_fd_sc_hd__nand3b_2 instances:   1
  Class: sky130_fd_sc_hd__mux2_1 instances: 4069
  Class: sky130_fd_sc_hd__nand3b_4 instances:   1
  Class: sky130_fd_sc_hd__mux2_2 instances:   7
  Class: sky130_fd_sc_hd__mux2_4 instances:   2
  Class: sky130_fd_sc_hd__mux2_8 instances:   2
  Class: sky130_fd_sc_hd__and2_1 instances: 392
  Class: sky130_fd_sc_hd__a211oi_1 instances:   3
  Class: sky130_fd_sc_hd__and2_2 instances:   7
  Class: sky130_fd_sc_hd__and2_4 instances:  15
  Class: sky130_fd_sc_hd__or4b_1 instances:   4
  Class: sky130_fd_sc_hd__or4b_2 instances:   2
  Class: sky130_fd_sc_hd__clkinvlp_4 instances:  89
  Class: pixel_test_structure  instances:   1
  Class: sky130_fd_sc_hd__nor4_1 instances:   1
  Class: sky130_fd_sc_hd__inv_12 instances:   9
  Class: sky130_fd_sc_hd__inv_16 instances:   5
  Class: sky130_fd_sc_hd__o32a_1 instances:  47
  Class: sky130_fd_sc_hd__o32a_2 instances:   6
  Class: sky130_fd_sc_hd__o32a_4 instances:   1
  Class: sky130_fd_sc_hd__o22a_1 instances: 178
  Class: sky130_fd_sc_hd__o22a_2 instances:  14
  Class: sky130_fd_sc_hd__o22a_4 instances:  21
  Class: sky130_fd_sc_hd__xnor2_1 instances:  96
  Class: sky130_fd_sc_hd__xnor2_2 instances:  69
  Class: sky130_fd_sc_hd__xnor2_4 instances:   4
  Class: sky130_fd_sc_hd__nor3b_4 instances:   3
  Class: sky130_fd_sc_hd__o221a_1 instances: 202
  Class: sky130_fd_sc_hd__o221a_2 instances:   8
  Class: sky130_fd_sc_hd__o21bai_1 instances:   5
  Class: sky130_fd_sc_hd__o211a_1 instances:  60
  Class: sky130_fd_sc_hd__o211a_2 instances:   4
  Class: sky130_fd_sc_hd__o211a_4 instances:   5
  Class: sky130_fd_sc_hd__nand2b_1 instances:  37
  Class: sky130_fd_sc_hd__nand2b_2 instances:   1
  Class: sky130_fd_sc_hd__nand2b_4 instances:   4
  Class: sky130_fd_sc_hd__diode_2 instances: 20503
  Class: sky130_fd_sc_hd__a221o_1 instances: 689
  Class: sky130_fd_sc_hd__a221o_2 instances:  17
  Class: sky130_fd_sc_hd__a221o_4 instances:  21
  Class: sky130_fd_sc_hd__a211o_1 instances: 155
  Class: sky130_fd_sc_hd__a211o_2 instances:   2
  Class: sky130_fd_sc_hd__a211o_4 instances:  13
  Class: sky130_fd_sc_hd__o2111a_1 instances:   3
  Class: sky130_fd_sc_hd__or3b_1 instances:   4
  Class: sky130_fd_sc_hd__or3b_2 instances:   1
  Class: sky130_fd_sc_hd__or3b_4 instances:  24
  Class: sky130_fd_sc_hd__dlymetal6s2s_1 instances:   2
  Class: sky130_fd_sc_hd__or4bb_1 instances:   4
  Class: sky130_fd_sc_hd__nor3_1 instances:   8
  Class: sky130_fd_sc_hd__nor3_2 instances:   2
  Class: sky130_fd_sc_hd__nor3_4 instances:   2
  Class: sky130_fd_sc_hd__a32o_1 instances:  55
  Class: sky130_fd_sc_hd__a32o_2 instances:   1
  Class: sky130_fd_sc_hd__a32o_4 instances:   3
  Class: sky130_fd_sc_hd__o41a_1 instances:   1
  Class: sky130_fd_sc_hd__a22o_1 instances: 1027
  Class: sky130_fd_sc_hd__a22o_2 instances:  25
  Class: sky130_fd_sc_hd__a22o_4 instances:  30
  Class: sky130_fd_sc_hd__o31a_1 instances:  21
  Class: sky130_fd_sc_hd__o31a_2 instances:   4
  Class: sky130_fd_sc_hd__o31a_4 instances:  26
  Class: sky130_fd_sc_hd__o2bb2a_1 instances:   5
  Class: sky130_fd_sc_hd__o21a_1 instances: 323
  Class: sky130_fd_sc_hd__o21a_2 instances:   2
  Class: sky130_fd_sc_hd__o21a_4 instances:  28
  Class: sky130_fd_sc_hd__a41oi_2 instances:   1
  Class: sky130_fd_sc_hd__o311a_1 instances:  26
  Class: sky130_fd_sc_hd__o311a_2 instances:   4
  Class: sky130_fd_sc_hd__o311a_4 instances:   1
  Class: sky130_fd_sc_hd__o22ai_1 instances:   5
  Class: sky130_fd_sc_hd__a22oi_1 instances:   1
  Class: sky130_fd_sc_hd__and4b_1 instances:   1
  Class: sky130_fd_sc_hd__o21ai_1 instances:  61
  Class: sky130_fd_sc_hd__a22oi_4 instances:   1
  Class: sky130_fd_sc_hd__tapvpwrvgnd_1 instances: 95030
  Class: sky130_fd_sc_hd__o21ai_2 instances:  11
  Class: sky130_fd_sc_hd__and4b_4 instances:   1
  Class: sky130_fd_sc_hd__o21ai_4 instances:  18
  Class: sky130_fd_sc_hd__a21oi_1 instances:  93
  Class: sky130_fd_sc_hd__a21oi_2 instances:  14
  Class: sky130_fd_sc_hd__a311o_1 instances:   3
  Class: sky130_fd_sc_hd__a21oi_4 instances:   2
  Class: sky130_fd_sc_hd__a311o_2 instances:   2
  Class: sky130_fd_sc_hd__a311o_4 instances:   1
  Class: sky130_fd_sc_hd__fill_1 instances: 91431
  Class: sky130_fd_sc_hd__fill_2 instances: 5276
  Class: sky130_ef_sc_hd__decap_40_12 instances: 349039
  Class: sky130_fd_sc_hd__o211ai_1 instances:   1
  Class: sky130_fd_sc_hd__o211ai_2 instances:   2
  Class: sky130_fd_sc_hd__o211ai_4 instances:   1
  Class: sky130_fd_sc_hd__clkinv_16 instances:   9
  Class: sky130_fd_sc_hd__and4bb_1 instances:   1
  Class: sky130_fd_sc_hd__nor2_1 instances: 201
  Class: sky130_fd_sc_hd__nor2_2 instances:  24
  Class: pixel_4tile           instances:   1
  Class: sky130_fd_sc_hd__nor2_4 instances:   2
  Class: sky130_fd_sc_hd__nor2_8 instances:  33
Circuit contains 29262 nets, and 303 disconnected pins.

Circuit was modified by parallel/series device merging.
New circuit summary:

Contents of circuit 1:  Circuit: 'user_project_wrapper'
Circuit user_project_wrapper contains 30466 device instances.
  Class: sky130_fd_sc_hd__bufinv_16 instances: 117
  Class: sky130_fd_sc_hd__a41o_1 instances:   1
  Class: sky130_fd_sc_hd__a41o_2 instances:   1
  Class: sky130_fd_sc_hd__a31o_1 instances:  60
  Class: sky130_fd_sc_hd__a31o_2 instances:   5
  Class: sky130_fd_sc_hd__a31o_4 instances:  13
  Class: sky130_fd_sc_hd__a21o_1 instances: 279
  Class: sky130_fd_sc_hd__a21o_2 instances:  14
  Class: sky130_fd_sc_hd__a21o_4 instances:   3
  Class: sky130_fd_sc_hd__clkbuf_16 instances:  60
  Class: sky130_fd_sc_hd__dfxtp_1 instances: 3199
  Class: sky130_fd_sc_hd__dfxtp_2 instances:   1
  Class: sky130_fd_sc_hd__o31ai_1 instances:   3
  Class: sky130_fd_sc_hd__o31ai_4 instances:   1
  Class: sky130_fd_sc_hd__or4_1 instances:  16
  Class: sky130_fd_sc_hd__or4_2 instances:   3
  Class: sky130_fd_sc_hd__or4_4 instances:  12
  Class: sky130_fd_sc_hd__a31oi_1 instances:   1
  Class: sky130_fd_sc_hd__a31oi_2 instances:   2
  Class: sky130_fd_sc_hd__nand4_1 instances:   1
  Class: sky130_fd_sc_hd__buf_1 instances: 476
  Class: sky130_fd_sc_hd__buf_2 instances:   2
  Class: sky130_fd_sc_hd__nand4_2 instances:   1
  Class: sky130_fd_sc_hd__buf_4 instances:   3
  Class: sky130_fd_sc_hd__buf_6 instances: 161
  Class: sky130_fd_sc_hd__buf_8 instances: 176
  Class: sky130_fd_sc_hd__a2bb2o_1 instances:  12
  Class: sky130_fd_sc_hd__a2bb2o_2 instances:   2
  Class: sky130_fd_sc_hd__a2bb2o_4 instances:   1
  Class: sky130_fd_sc_hd__and3b_1 instances:   2
  Class: sky130_fd_sc_hd__and3b_4 instances:  12
  Class: sky130_fd_sc_hd__xor2_1 instances:  39
  Class: sky130_fd_sc_hd__xor2_2 instances:  49
  Class: sky130_fd_sc_hd__xor2_4 instances:   4
  Class: sky130_fd_sc_hd__o221ai_2 instances:   1
  Class: sky130_fd_sc_hd__mux4_1 instances: 222
  Class: sky130_fd_sc_hd__dfstp_1 instances:   3
  Class: sky130_fd_sc_hd__dfstp_4 instances:   1
  Class: sky130_fd_sc_hd__dfrtp_1 instances: 1268
  Class: sky130_fd_sc_hd__dfrtp_2 instances:  42
  Class: sky130_fd_sc_hd__dfrtp_4 instances: 901
  Class: sky130_fd_sc_hd__and4_1 instances:   3
  Class: sky130_fd_sc_hd__and4_4 instances:   4
  Class: sky130_fd_sc_hd__inv_2 instances: 142
  Class: sky130_fd_sc_hd__inv_4 instances:  36
  Class: sky130_fd_sc_hd__inv_6 instances: 116
  Class: sky130_fd_sc_hd__inv_8 instances:  36
  Class: sky130_fd_sc_hd__clkbuf_1 instances:  38
  Class: sky130_fd_sc_hd__clkbuf_2 instances:  25
  Class: sky130_fd_sc_hd__clkbuf_4 instances:  79
  Class: sky130_fd_sc_hd__clkbuf_8 instances: 1055
  Class: sky130_fd_sc_hd__or3_1 instances:  46
  Class: sky130_fd_sc_hd__or3_2 instances:  12
  Class: sky130_fd_sc_hd__or3_4 instances:  25
  Class: sky130_fd_sc_hd__nand3_1 instances:  20
  Class: sky130_fd_sc_hd__nand3_2 instances:   9
  Class: BiasBranchnMasterx11  instances:   1
  Class: sky130_fd_sc_hd__nand3_4 instances:  11
  Class: sky130_fd_sc_hd__o21ba_1 instances:  20
  Class: sky130_fd_sc_hd__o21ba_2 instances:   4
  Class: sky130_fd_sc_hd__and2b_1 instances: 336
  Class: sky130_fd_sc_hd__and2b_2 instances:   4
  Class: sky130_fd_sc_hd__conb_1 instances: 201
  Class: sky130_fd_sc_hd__and2b_4 instances:   7
  Class: sky130_fd_sc_hd__a21boi_1 instances:   1
  Class: sky130_fd_sc_hd__a21boi_2 instances:   1
  Class: sky130_fd_sc_hd__buf_12 instances: 409
  Class: sky130_fd_sc_hd__a21bo_1 instances:   9
  Class: sky130_fd_sc_hd__a21bo_2 instances:   1
  Class: sky130_fd_sc_hd__a21bo_4 instances:   2
  Class: sky130_fd_sc_hd__a221oi_1 instances:   2
  Class: sky130_fd_sc_hd__clkinv_1 instances:   6
  Class: sky130_fd_sc_hd__clkinv_2 instances: 115
  Class: sky130_fd_sc_hd__clkinv_4 instances:  94
  Class: sky130_fd_sc_hd__clkinv_8 instances:  19
  Class: sky130_fd_sc_hd__and3_1 instances: 209
  Class: sky130_fd_sc_hd__and3_2 instances:   9
  Class: sky130_fd_sc_hd__and3_4 instances:  53
  Class: photodiode_test_structure instances:   1
  Class: sky130_fd_sc_hd__a2111o_1 instances:   1
  Class: sky130_fd_sc_hd__a2111o_4 instances:   2
  Class: sky130_fd_sc_hd__decap_3 instances:   1
  Class: sky130_fd_sc_hd__decap_4 instances:   1
  Class: sky130_fd_sc_hd__decap_6 instances:   1
  Class: sky130_fd_sc_hd__decap_8 instances:   1
  Class: sky130_fd_sc_hd__dlygate4sd3_1 instances: 9061
  Class: sky130_fd_sc_hd__or2_1 instances: 196
  Class: sky130_fd_sc_hd__or2_2 instances:  26
  Class: sky130_fd_sc_hd__or2_4 instances:  18
  Class: sky130_fd_sc_hd__nand2_1 instances: 177
  Class: sky130_fd_sc_hd__nand2_2 instances:  13
  Class: sky130_fd_sc_hd__nand2_4 instances:   6
  Class: sky130_fd_sc_hd__nand2_8 instances:  23
  Class: sky130_fd_sc_hd__nand3b_2 instances:   1
  Class: sky130_fd_sc_hd__mux2_1 instances: 4069
  Class: sky130_fd_sc_hd__nand3b_4 instances:   1
  Class: sky130_fd_sc_hd__mux2_2 instances:   7
  Class: sky130_fd_sc_hd__mux2_4 instances:   2
  Class: sky130_fd_sc_hd__mux2_8 instances:   2
  Class: sky130_fd_sc_hd__a211oi_1 instances:   3
  Class: sky130_fd_sc_hd__and2_1 instances: 392
  Class: sky130_fd_sc_hd__and2_2 instances:   7
  Class: sky130_fd_sc_hd__and2_4 instances:  15
  Class: sky130_fd_sc_hd__or4b_1 instances:   4
  Class: sky130_fd_sc_hd__or4b_2 instances:   2
  Class: sky130_fd_sc_hd__clkinvlp_4 instances:  89
  Class: pixel_test_structure  instances:   1
  Class: sky130_fd_sc_hd__nor4_1 instances:   1
  Class: sky130_fd_sc_hd__inv_12 instances:   9
  Class: sky130_fd_sc_hd__inv_16 instances:   5
  Class: sky130_fd_sc_hd__o32a_1 instances:  47
  Class: sky130_fd_sc_hd__o32a_2 instances:   6
  Class: sky130_fd_sc_hd__o32a_4 instances:   1
  Class: sky130_fd_sc_hd__o22a_1 instances: 178
  Class: sky130_fd_sc_hd__o22a_2 instances:  14
  Class: sky130_fd_sc_hd__o22a_4 instances:  21
  Class: sky130_fd_sc_hd__xnor2_1 instances:  96
  Class: sky130_fd_sc_hd__xnor2_2 instances:  69
  Class: sky130_fd_sc_hd__xnor2_4 instances:   4
  Class: sky130_fd_sc_hd__nor3b_4 instances:   3
  Class: sky130_fd_sc_hd__o221a_1 instances: 202
  Class: sky130_fd_sc_hd__o221a_2 instances:   8
  Class: sky130_fd_sc_hd__o21bai_1 instances:   5
  Class: sky130_fd_sc_hd__o211a_1 instances:  60
  Class: sky130_fd_sc_hd__o211a_2 instances:   4
  Class: sky130_fd_sc_hd__o211a_4 instances:   5
  Class: sky130_fd_sc_hd__nand2b_1 instances:  37
  Class: sky130_fd_sc_hd__nand2b_2 instances:   1
  Class: sky130_fd_sc_hd__nand2b_4 instances:   4
  Class: sky130_fd_sc_hd__diode_2 instances: 2210
  Class: sky130_fd_sc_hd__a221o_1 instances: 689
  Class: sky130_fd_sc_hd__a221o_2 instances:  17
  Class: sky130_fd_sc_hd__a221o_4 instances:  21
  Class: sky130_fd_sc_hd__a211o_1 instances: 155
  Class: sky130_fd_sc_hd__a211o_2 instances:   2
  Class: sky130_fd_sc_hd__a211o_4 instances:  13
  Class: sky130_fd_sc_hd__o2111a_1 instances:   3
  Class: sky130_fd_sc_hd__or3b_1 instances:   4
  Class: sky130_fd_sc_hd__or3b_2 instances:   1
  Class: sky130_fd_sc_hd__or3b_4 instances:  24
  Class: sky130_fd_sc_hd__dlymetal6s2s_1 instances:   2
  Class: sky130_fd_sc_hd__or4bb_1 instances:   4
  Class: sky130_fd_sc_hd__nor3_1 instances:   8
  Class: sky130_fd_sc_hd__nor3_2 instances:   2
  Class: sky130_fd_sc_hd__nor3_4 instances:   2
  Class: sky130_fd_sc_hd__a32o_1 instances:  55
  Class: sky130_fd_sc_hd__a32o_2 instances:   1
  Class: sky130_fd_sc_hd__a32o_4 instances:   3
  Class: sky130_fd_sc_hd__o41a_1 instances:   1
  Class: sky130_fd_sc_hd__a22o_1 instances: 1027
  Class: sky130_fd_sc_hd__a22o_2 instances:  25
  Class: sky130_fd_sc_hd__a22o_4 instances:  30
  Class: sky130_fd_sc_hd__o31a_1 instances:  21
  Class: sky130_fd_sc_hd__o31a_2 instances:   4
  Class: sky130_fd_sc_hd__o31a_4 instances:  26
  Class: sky130_fd_sc_hd__o2bb2a_1 instances:   5
  Class: sky130_fd_sc_hd__o21a_1 instances: 323
  Class: sky130_fd_sc_hd__o21a_2 instances:   2
  Class: sky130_fd_sc_hd__o21a_4 instances:  28
  Class: sky130_fd_sc_hd__a41oi_2 instances:   1
  Class: sky130_fd_sc_hd__o311a_1 instances:  26
  Class: sky130_fd_sc_hd__o311a_2 instances:   4
  Class: sky130_fd_sc_hd__o311a_4 instances:   1
  Class: sky130_fd_sc_hd__o22ai_1 instances:   5
  Class: sky130_fd_sc_hd__a22oi_1 instances:   1
  Class: sky130_fd_sc_hd__and4b_1 instances:   1
  Class: sky130_fd_sc_hd__a22oi_4 instances:   1
  Class: sky130_fd_sc_hd__o21ai_1 instances:  61
  Class: sky130_fd_sc_hd__o21ai_2 instances:  11
  Class: sky130_fd_sc_hd__tapvpwrvgnd_1 instances:   1
  Class: sky130_fd_sc_hd__and4b_4 instances:   1
  Class: sky130_fd_sc_hd__o21ai_4 instances:  18
  Class: sky130_fd_sc_hd__a21oi_1 instances:  93
  Class: sky130_fd_sc_hd__a21oi_2 instances:  14
  Class: sky130_fd_sc_hd__a311o_1 instances:   3
  Class: sky130_fd_sc_hd__a21oi_4 instances:   2
  Class: sky130_fd_sc_hd__a311o_2 instances:   2
  Class: sky130_fd_sc_hd__a311o_4 instances:   1
  Class: sky130_fd_sc_hd__fill_1 instances:   1
  Class: sky130_fd_sc_hd__fill_2 instances:   1
  Class: sky130_ef_sc_hd__decap_40_12 instances:   1
  Class: sky130_fd_sc_hd__o211ai_1 instances:   1
  Class: sky130_fd_sc_hd__o211ai_2 instances:   2
  Class: sky130_fd_sc_hd__o211ai_4 instances:   1
  Class: sky130_fd_sc_hd__clkinv_16 instances:   9
  Class: sky130_fd_sc_hd__and4bb_1 instances:   1
  Class: sky130_fd_sc_hd__nor2_1 instances: 201
  Class: sky130_fd_sc_hd__nor2_2 instances:  24
  Class: pixel_4tile           instances:   1
  Class: sky130_fd_sc_hd__nor2_4 instances:   2
  Class: sky130_fd_sc_hd__nor2_8 instances:  33
Circuit contains 40029 nets, and 303 disconnected pins.
Contents of circuit 2:  Circuit: 'user_project_wrapper'
Circuit user_project_wrapper contains 30466 device instances.
  Class: sky130_fd_sc_hd__bufinv_16 instances: 117
  Class: sky130_fd_sc_hd__a41o_1 instances:   1
  Class: sky130_fd_sc_hd__a41o_2 instances:   1
  Class: sky130_fd_sc_hd__a31o_1 instances:  60
  Class: sky130_fd_sc_hd__a31o_2 instances:   5
  Class: sky130_fd_sc_hd__a31o_4 instances:  13
  Class: sky130_fd_sc_hd__a21o_1 instances: 279
  Class: sky130_fd_sc_hd__a21o_2 instances:  14
  Class: sky130_fd_sc_hd__a21o_4 instances:   3
  Class: sky130_fd_sc_hd__clkbuf_16 instances:  60
  Class: sky130_fd_sc_hd__dfxtp_1 instances: 3199
  Class: sky130_fd_sc_hd__dfxtp_2 instances:   1
  Class: sky130_fd_sc_hd__o31ai_1 instances:   3
  Class: sky130_fd_sc_hd__o31ai_4 instances:   1
  Class: sky130_fd_sc_hd__or4_1 instances:  16
  Class: sky130_fd_sc_hd__or4_2 instances:   3
  Class: sky130_fd_sc_hd__or4_4 instances:  12
  Class: sky130_fd_sc_hd__a31oi_1 instances:   1
  Class: sky130_fd_sc_hd__a31oi_2 instances:   2
  Class: sky130_fd_sc_hd__nand4_1 instances:   1
  Class: sky130_fd_sc_hd__buf_1 instances: 476
  Class: sky130_fd_sc_hd__nand4_2 instances:   1
  Class: sky130_fd_sc_hd__buf_2 instances:   2
  Class: sky130_fd_sc_hd__buf_4 instances:   3
  Class: sky130_fd_sc_hd__buf_6 instances: 161
  Class: sky130_fd_sc_hd__buf_8 instances: 176
  Class: sky130_fd_sc_hd__a2bb2o_1 instances:  12
  Class: sky130_fd_sc_hd__a2bb2o_2 instances:   2
  Class: sky130_fd_sc_hd__a2bb2o_4 instances:   1
  Class: sky130_fd_sc_hd__and3b_1 instances:   2
  Class: sky130_fd_sc_hd__and3b_4 instances:  12
  Class: sky130_fd_sc_hd__xor2_1 instances:  39
  Class: sky130_fd_sc_hd__xor2_2 instances:  49
  Class: sky130_fd_sc_hd__xor2_4 instances:   4
  Class: sky130_fd_sc_hd__o221ai_2 instances:   1
  Class: sky130_fd_sc_hd__mux4_1 instances: 222
  Class: sky130_fd_sc_hd__dfstp_1 instances:   3
  Class: sky130_fd_sc_hd__dfstp_4 instances:   1
  Class: sky130_fd_sc_hd__dfrtp_1 instances: 1268
  Class: sky130_fd_sc_hd__dfrtp_2 instances:  42
  Class: sky130_fd_sc_hd__dfrtp_4 instances: 901
  Class: sky130_fd_sc_hd__and4_1 instances:   3
  Class: sky130_fd_sc_hd__and4_4 instances:   4
  Class: sky130_fd_sc_hd__inv_2 instances: 142
  Class: sky130_fd_sc_hd__inv_4 instances:  36
  Class: sky130_fd_sc_hd__inv_6 instances: 116
  Class: sky130_fd_sc_hd__inv_8 instances:  36
  Class: sky130_fd_sc_hd__clkbuf_1 instances:  38
  Class: sky130_fd_sc_hd__clkbuf_2 instances:  25
  Class: sky130_fd_sc_hd__clkbuf_4 instances:  79
  Class: sky130_fd_sc_hd__clkbuf_8 instances: 1055
  Class: sky130_fd_sc_hd__or3_1 instances:  46
  Class: sky130_fd_sc_hd__or3_2 instances:  12
  Class: sky130_fd_sc_hd__or3_4 instances:  25
  Class: sky130_fd_sc_hd__nand3_1 instances:  20
  Class: sky130_fd_sc_hd__nand3_2 instances:   9
  Class: BiasBranchnMasterx11  instances:   1
  Class: sky130_fd_sc_hd__nand3_4 instances:  11
  Class: sky130_fd_sc_hd__o21ba_1 instances:  20
  Class: sky130_fd_sc_hd__o21ba_2 instances:   4
  Class: sky130_fd_sc_hd__and2b_1 instances: 336
  Class: sky130_fd_sc_hd__conb_1 instances: 201
  Class: sky130_fd_sc_hd__and2b_2 instances:   4
  Class: sky130_fd_sc_hd__and2b_4 instances:   7
  Class: sky130_fd_sc_hd__a21boi_1 instances:   1
  Class: sky130_fd_sc_hd__a21boi_2 instances:   1
  Class: sky130_fd_sc_hd__buf_12 instances: 409
  Class: sky130_fd_sc_hd__a21bo_1 instances:   9
  Class: sky130_fd_sc_hd__a21bo_2 instances:   1
  Class: sky130_fd_sc_hd__a21bo_4 instances:   2
  Class: sky130_fd_sc_hd__a221oi_1 instances:   2
  Class: sky130_fd_sc_hd__clkinv_1 instances:   6
  Class: sky130_fd_sc_hd__clkinv_2 instances: 115
  Class: sky130_fd_sc_hd__clkinv_4 instances:  94
  Class: sky130_fd_sc_hd__clkinv_8 instances:  19
  Class: sky130_fd_sc_hd__and3_1 instances: 209
  Class: sky130_fd_sc_hd__and3_2 instances:   9
  Class: sky130_fd_sc_hd__and3_4 instances:  53
  Class: photodiode_test_structure instances:   1
  Class: sky130_fd_sc_hd__a2111o_1 instances:   1
  Class: sky130_fd_sc_hd__a2111o_4 instances:   2
  Class: sky130_fd_sc_hd__decap_3 instances:   1
  Class: sky130_fd_sc_hd__decap_4 instances:   1
  Class: sky130_fd_sc_hd__decap_6 instances:   1
  Class: sky130_fd_sc_hd__decap_8 instances:   1
  Class: sky130_fd_sc_hd__dlygate4sd3_1 instances: 9061
  Class: sky130_fd_sc_hd__or2_1 instances: 196
  Class: sky130_fd_sc_hd__or2_2 instances:  26
  Class: sky130_fd_sc_hd__or2_4 instances:  18
  Class: sky130_fd_sc_hd__nand2_1 instances: 177
  Class: sky130_fd_sc_hd__nand2_2 instances:  13
  Class: sky130_fd_sc_hd__nand2_4 instances:   6
  Class: sky130_fd_sc_hd__nand2_8 instances:  23
  Class: sky130_fd_sc_hd__nand3b_2 instances:   1
  Class: sky130_fd_sc_hd__mux2_1 instances: 4069
  Class: sky130_fd_sc_hd__nand3b_4 instances:   1
  Class: sky130_fd_sc_hd__mux2_2 instances:   7
  Class: sky130_fd_sc_hd__mux2_4 instances:   2
  Class: sky130_fd_sc_hd__mux2_8 instances:   2
  Class: sky130_fd_sc_hd__and2_1 instances: 392
  Class: sky130_fd_sc_hd__a211oi_1 instances:   3
  Class: sky130_fd_sc_hd__and2_2 instances:   7
  Class: sky130_fd_sc_hd__and2_4 instances:  15
  Class: sky130_fd_sc_hd__or4b_1 instances:   4
  Class: sky130_fd_sc_hd__or4b_2 instances:   2
  Class: sky130_fd_sc_hd__clkinvlp_4 instances:  89
  Class: pixel_test_structure  instances:   1
  Class: sky130_fd_sc_hd__nor4_1 instances:   1
  Class: sky130_fd_sc_hd__inv_12 instances:   9
  Class: sky130_fd_sc_hd__inv_16 instances:   5
  Class: sky130_fd_sc_hd__o32a_1 instances:  47
  Class: sky130_fd_sc_hd__o32a_2 instances:   6
  Class: sky130_fd_sc_hd__o32a_4 instances:   1
  Class: sky130_fd_sc_hd__o22a_1 instances: 178
  Class: sky130_fd_sc_hd__o22a_2 instances:  14
  Class: sky130_fd_sc_hd__o22a_4 instances:  21
  Class: sky130_fd_sc_hd__xnor2_1 instances:  96
  Class: sky130_fd_sc_hd__xnor2_2 instances:  69
  Class: sky130_fd_sc_hd__xnor2_4 instances:   4
  Class: sky130_fd_sc_hd__nor3b_4 instances:   3
  Class: sky130_fd_sc_hd__o221a_1 instances: 202
  Class: sky130_fd_sc_hd__o221a_2 instances:   8
  Class: sky130_fd_sc_hd__o21bai_1 instances:   5
  Class: sky130_fd_sc_hd__o211a_1 instances:  60
  Class: sky130_fd_sc_hd__o211a_2 instances:   4
  Class: sky130_fd_sc_hd__o211a_4 instances:   5
  Class: sky130_fd_sc_hd__nand2b_1 instances:  37
  Class: sky130_fd_sc_hd__nand2b_2 instances:   1
  Class: sky130_fd_sc_hd__nand2b_4 instances:   4
  Class: sky130_fd_sc_hd__diode_2 instances: 2210
  Class: sky130_fd_sc_hd__a221o_1 instances: 689
  Class: sky130_fd_sc_hd__a221o_2 instances:  17
  Class: sky130_fd_sc_hd__a221o_4 instances:  21
  Class: sky130_fd_sc_hd__a211o_1 instances: 155
  Class: sky130_fd_sc_hd__a211o_2 instances:   2
  Class: sky130_fd_sc_hd__a211o_4 instances:  13
  Class: sky130_fd_sc_hd__o2111a_1 instances:   3
  Class: sky130_fd_sc_hd__or3b_1 instances:   4
  Class: sky130_fd_sc_hd__or3b_2 instances:   1
  Class: sky130_fd_sc_hd__or3b_4 instances:  24
  Class: sky130_fd_sc_hd__dlymetal6s2s_1 instances:   2
  Class: sky130_fd_sc_hd__or4bb_1 instances:   4
  Class: sky130_fd_sc_hd__nor3_1 instances:   8
  Class: sky130_fd_sc_hd__nor3_2 instances:   2
  Class: sky130_fd_sc_hd__nor3_4 instances:   2
  Class: sky130_fd_sc_hd__a32o_1 instances:  55
  Class: sky130_fd_sc_hd__a32o_2 instances:   1
  Class: sky130_fd_sc_hd__a32o_4 instances:   3
  Class: sky130_fd_sc_hd__o41a_1 instances:   1
  Class: sky130_fd_sc_hd__a22o_1 instances: 1027
  Class: sky130_fd_sc_hd__a22o_2 instances:  25
  Class: sky130_fd_sc_hd__a22o_4 instances:  30
  Class: sky130_fd_sc_hd__o31a_1 instances:  21
  Class: sky130_fd_sc_hd__o31a_2 instances:   4
  Class: sky130_fd_sc_hd__o31a_4 instances:  26
  Class: sky130_fd_sc_hd__o2bb2a_1 instances:   5
  Class: sky130_fd_sc_hd__o21a_1 instances: 323
  Class: sky130_fd_sc_hd__o21a_2 instances:   2
  Class: sky130_fd_sc_hd__o21a_4 instances:  28
  Class: sky130_fd_sc_hd__a41oi_2 instances:   1
  Class: sky130_fd_sc_hd__o311a_1 instances:  26
  Class: sky130_fd_sc_hd__o311a_2 instances:   4
  Class: sky130_fd_sc_hd__o311a_4 instances:   1
  Class: sky130_fd_sc_hd__o22ai_1 instances:   5
  Class: sky130_fd_sc_hd__a22oi_1 instances:   1
  Class: sky130_fd_sc_hd__and4b_1 instances:   1
  Class: sky130_fd_sc_hd__o21ai_1 instances:  61
  Class: sky130_fd_sc_hd__a22oi_4 instances:   1
  Class: sky130_fd_sc_hd__tapvpwrvgnd_1 instances:   1
  Class: sky130_fd_sc_hd__o21ai_2 instances:  11
  Class: sky130_fd_sc_hd__and4b_4 instances:   1
  Class: sky130_fd_sc_hd__o21ai_4 instances:  18
  Class: sky130_fd_sc_hd__a21oi_1 instances:  93
  Class: sky130_fd_sc_hd__a21oi_2 instances:  14
  Class: sky130_fd_sc_hd__a311o_1 instances:   3
  Class: sky130_fd_sc_hd__a21oi_4 instances:   2
  Class: sky130_fd_sc_hd__a311o_2 instances:   2
  Class: sky130_fd_sc_hd__a311o_4 instances:   1
  Class: sky130_fd_sc_hd__fill_1 instances:   1
  Class: sky130_fd_sc_hd__fill_2 instances:   1
  Class: sky130_ef_sc_hd__decap_40_12 instances:   1
  Class: sky130_fd_sc_hd__o211ai_1 instances:   1
  Class: sky130_fd_sc_hd__o211ai_2 instances:   2
  Class: sky130_fd_sc_hd__o211ai_4 instances:   1
  Class: sky130_fd_sc_hd__clkinv_16 instances:   9
  Class: sky130_fd_sc_hd__and4bb_1 instances:   1
  Class: sky130_fd_sc_hd__nor2_1 instances: 201
  Class: sky130_fd_sc_hd__nor2_2 instances:  24
  Class: pixel_4tile           instances:   1
  Class: sky130_fd_sc_hd__nor2_4 instances:   2
  Class: sky130_fd_sc_hd__nor2_8 instances:  33
Circuit contains 29262 nets, and 303 disconnected pins.

Circuit 1 contains 30466 devices, Circuit 2 contains 30466 devices.
Circuit 1 contains 28815 nets,    Circuit 2 contains 29262 nets. *** MISMATCH ***


Final result: 
Subcell(s) failed matching.


The following cells had property errors:
 sky130_fd_sc_hd__conb_1


The following subcells failed to match:
 BiasBranchnMasterx11\"(0)\"
 BiasBranchnMasterx11\"(1)\"

Logging to file "/home/rpgraca/opendvs_final/project_audit_orig/precheck_results/baseline_lvs/tmp/lvs.report" disabled
LVS Done.
grep: /home/rpgraca/opendvs_final/project_audit_orig/precheck_results/baseline_lvs/tmp/abstract.glob: No such file or directory
Notice: LVS completed with these abstracted cells: 
sky130_ef_sc_hd__decap_40_12 contains no devices
sky130_fd_sc_hd__decap_6 contains no devices
sky130_fd_sc_hd__decap_3 contains no devices
sky130_fd_sc_hd__decap_8 contains no devices
sky130_fd_sc_hd__decap_4 contains no devices

Error: LVS mismatch.
DESIGN NAME: user_project_wrapper
WORK_ROOT   : /home/rpgraca/opendvs_final/project_audit_orig/precheck_results/baseline_lvs/tmp
LOG_ROOT    : /home/rpgraca/opendvs_final/project_audit_orig/precheck_results/baseline_lvs/logs
SIGNOFF_ROOT: /home/rpgraca/opendvs_final/project_audit_orig/precheck_results/baseline_lvs/outputs/reports
 
Running CVC...
Creating /home/rpgraca/opendvs_final/project_audit_orig/precheck_results/baseline_lvs/tmp/user_project_wrapper.cdl.gz
CVC: Circuit Validation Check  Version 1.1.7
CVC: Log output to /home/rpgraca/opendvs_final/project_audit_orig/precheck_results/baseline_lvs/tmp/cvc.log
CVC: Error output to /home/rpgraca/opendvs_final/project_audit_orig/precheck_results/baseline_lvs/tmp/cvc.error.gz
CVC: Debug output to /home/rpgraca/opendvs_final/project_audit_orig/precheck_results/baseline_lvs/tmp/cvc.debug.gz
CVC: Start: Thu Sep 24 07:44:31 2026

Using the following parameters for CVC (Circuit Validation Check) from /home/rpgraca/opendvs_final/project_audit_orig/precheck_results/baseline_lvs/tmp/cvcrc
CVC_TOP = 'user_project_wrapper'
CVC_NETLIST = '/home/rpgraca/opendvs_final/project_audit_orig/precheck_results/baseline_lvs/tmp/user_project_wrapper.cdl.gz'
CVC_MODE = 'user_project_wrapper'
CVC_MODEL_FILE = '/usr/local/lib/python3.9/site-packages/cf_precheck/be_checks/tech/sky130A/cvc.models'
CVC_POWER_FILE = '/home/rpgraca/opendvs_final/project_audit_orig/precheck_results/baseline_lvs/tmp/cvc.power.user_project_wrapper'
CVC_FUSE_FILE = ''
CVC_REPORT_FILE = '/home/rpgraca/opendvs_final/project_audit_orig/precheck_results/baseline_lvs/tmp/cvc.log'
CVC_REPORT_TITLE = 'CVC user_project_wrapper'
CVC_CIRCUIT_ERROR_LIMIT = '100'
CVC_SEARCH_LIMIT = '100'
CVC_LEAK_LIMIT = '0.0002'
CVC_SOI = 'false'
CVC_SCRC = 'false'
CVC_VTH_GATES = 'false'
CVC_MIN_VTH_GATES = 'false'
CVC_IGNORE_VTH_FLOATING = 'false'
CVC_IGNORE_NO_LEAK_FLOATING = 'false'
CVC_LEAK_OVERVOLTAGE = 'true'
CVC_LOGIC_DIODES = 'false'
CVC_ANALOG_GATES = 'true'
CVC_BACKUP_RESULTS = 'false'
CVC_MOS_DIODE_ERROR_THRESHOLD = '0'
CVC_SHORT_ERROR_THRESHOLD = '0'
CVC_BIAS_ERROR_THRESHOLD = '0'
CVC_FORWARD_ERROR_THRESHOLD = '0'
CVC_FLOATING_ERROR_THRESHOLD = '0'
CVC_GATE_ERROR_THRESHOLD = '0'
CVC_LEAK?_ERROR_THRESHOLD = '0'
CVC_EXPECTED_ERROR_THRESHOLD = '0'
CVC_OVERVOLTAGE_ERROR_THRESHOLD = '0'
CVC_PARALLEL_CIRCUIT_PORT_LIMIT = '0'
CVC_CELL_ERROR_LIMIT_FILE = ''
CVC_CELL_CHECKSUM_FILE = ''
CVC_LARGE_CIRCUIT_SIZE = '10000000'
CVC_NET_CHECK_FILE = ''
CVC_MODEL_CHECK_FILE = ''
End of parameters

CVC: Reading device model settings...
CVC: Reading power settings...
CVC: Parsing netlist /home/rpgraca/opendvs_final/project_audit_orig/precheck_results/baseline_lvs/tmp/user_project_wrapper.cdl.gz

Cdl fixed data size 13591838
Usage CDL: Time: 1  Memory: 343956  I/O: 3848  Swap: 0
CVC: Counting and linking...
CVC: Assigning IDs ...
Usage DB: Time: 1  Memory: 417268  I/O: 3848  Swap: 0
CVC: 730457(730457) instances, 362927(362927) nets, 759089(759089) devices.
Setting power for mode...
ERROR: could not expand signal vssa* signal vssa* not found
ERROR: Could not find net vssa*
Power definition error
Setting models...
CVC: Setting models ...
Setting model tolerances...
ERROR: skipped due to problems in model/power/fuse files

LVS result:
LVS problem: check the following files
/home/rpgraca/opendvs_final/project_audit_orig/precheck_results/baseline_lvs/logs/ext.log
/home/rpgraca/opendvs_final/project_audit_orig/precheck_results/baseline_lvs/logs/lvs.log
/home/rpgraca/opendvs_final/project_audit_orig/precheck_results/baseline_lvs/outputs/reports/lvs.report

CVC result:

Runtime: 0:44:26 (hh:mm:ss)

WARNING: possible errors SOFT - LVS 4 CVC 3 OEB -
